{"resourceType":"CodeSystem","id":"v2-0432","text":{"status":"generated","div":"<div xmlns=\"http://www.w3.org/1999/xhtml\"><p><b>Properties</b></p><table class=\"grid\"><tr><td><b>Code</b></td><td><b>URL</b></td><td><b>Type</b></td><td><b>Description</b></td></tr><tr><td>status</td><td>http://terminology.hl7.org/CodeSystem/utg-concept-properties#status</td><td>code</td><td>Status of the concept</td></tr><tr><td>deprecated</td><td>http://terminology.hl7.org/CodeSystem/utg-concept-properties#v2-table-deprecated</td><td>code</td><td>Version of HL7 in which the code was deprecated</td></tr></table><p>This code system <code>http://terminology.hl7.org/CodeSystem/v2-0432</code> defines the following codes:</p><table class=\"codes\"><tr><td style=\"white-space:nowrap\"><b>Code</b></td><td><b>Display</b></td><td><b>Definition</b></td></tr><tr><td style=\"white-space:nowrap\">AC<a name=\"v2-0432-AC\"> </a></td><td>Acute</td><td>Acute</td></tr><tr><td style=\"white-space:nowrap\">CH<a name=\"v2-0432-CH\"> </a></td><td>Chronic</td><td>Chronic</td></tr><tr><td style=\"white-space:nowrap\">CO<a name=\"v2-0432-CO\"> </a></td><td>Comatose</td><td>Comatose</td></tr><tr><td style=\"white-space:nowrap\">CR<a name=\"v2-0432-CR\"> </a></td><td>Critical</td><td>Critical</td></tr><tr><td style=\"white-space:nowrap\">IM<a name=\"v2-0432-IM\"> </a></td><td>Improved</td><td>Improved</td></tr><tr><td style=\"white-space:nowrap\">MO<a name=\"v2-0432-MO\"> </a></td><td>Moribund</td><td>Moribund</td></tr></table><p><b>Additional Language Displays</b></p><table class=\"codes\"><tr><td><b>Code</b></td><td><b>Deutsch (German, de)</b></td></tr><tr><td>AC</td><td>akut</td></tr><tr><td>CH</td><td>chronisch</td></tr><tr><td>CO</td><td>komatös</td></tr><tr><td>CR</td><td>kritisch</td></tr><tr><td>IM</td><td>verbessert</td></tr><tr><td>MO</td><td/></tr></table></div>"},"extension":[{"url":"http://hl7.org/fhir/StructureDefinition/structuredefinition-wg","valueCode":"pa"}],"url":"http://terminology.hl7.org/CodeSystem/v2-0432","identifier":[{"system":"urn:ietf:rfc:3986","value":"urn:oid:2.16.840.1.113883.18.273"}],"version":"2.1.0","name":"AdmissionLevelOfCare","title":"admissionLevelOfCare","status":"active","experimental":false,"date":"2019-12-01","publisher":"HL7, Inc","contact":[{"telecom":[{"system":"url","value":"http://www.hl7.org/"}]}],"description":"Code system of concepts  specifying the acuity level assigned to the patient at the time of admission.  Used in HL7 Version 2.x messaging in the PV2 segment.","purpose":"Underlying Master Code System for V2 table 0432 (Admission Level of Care Code)","copyright":"Copyright HL7. Licensed under creative commons public domain","caseSensitive":true,"valueSet":"http://terminology.hl7.org/ValueSet/v2-0432","hierarchyMeaning":"is-a","compositional":false,"versionNeeded":false,"content":"complete","property":[{"code":"status","uri":"http://terminology.hl7.org/CodeSystem/utg-concept-properties#status","description":"Status of the concept","type":"code"},{"code":"deprecated","uri":"http://terminology.hl7.org/CodeSystem/utg-concept-properties#v2-table-deprecated","description":"Version of HL7 in which the code was deprecated","type":"code"}],"concept":[{"id":"4649","code":"AC","display":"Acute","definition":"Acute","designation":[{"language":"de","use":{"system":"http://terminology.hl7.org/CodeSystem/hl7TermMaintInfra","code":"preferredForLanguage"},"value":"akut"}],"property":[{"code":"status","valueCode":"A"}]},{"id":"4650","code":"CH","display":"Chronic","definition":"Chronic","designation":[{"language":"de","use":{"system":"http://terminology.hl7.org/CodeSystem/hl7TermMaintInfra","code":"preferredForLanguage"},"value":"chronisch"}],"property":[{"code":"status","valueCode":"A"}]},{"id":"4651","code":"CO","display":"Comatose","definition":"Comatose","designation":[{"language":"de","use":{"system":"http://terminology.hl7.org/CodeSystem/hl7TermMaintInfra","code":"preferredForLanguage"},"value":"komatös"}],"property":[{"code":"status","valueCode":"A"}]},{"id":"4652","code":"CR","display":"Critical","definition":"Critical","designation":[{"language":"de","use":{"system":"http://terminology.hl7.org/CodeSystem/hl7TermMaintInfra","code":"preferredForLanguage"},"value":"kritisch"}],"property":[{"code":"status","valueCode":"A"}]},{"id":"4653","code":"IM","display":"Improved","definition":"Improved","designation":[{"language":"de","use":{"system":"http://terminology.hl7.org/CodeSystem/hl7TermMaintInfra","code":"preferredForLanguage"},"value":"verbessert"}],"property":[{"code":"status","valueCode":"A"}]},{"id":"4654","code":"MO","display":"Moribund","definition":"Moribund","property":[{"code":"status","valueCode":"A"}]}]}