{"resourceType":"CodeSystem","id":"v2-0147","text":{"status":"generated","div":"<div xmlns=\"http://www.w3.org/1999/xhtml\"><p><b>Properties</b></p><table class=\"grid\"><tr><td><b>Code</b></td><td><b>URL</b></td><td><b>Type</b></td><td><b>Description</b></td></tr><tr><td>status</td><td>http://terminology.hl7.org/CodeSystem/utg-concept-properties#status</td><td>code</td><td>Status of the concept</td></tr><tr><td>deprecated</td><td>http://terminology.hl7.org/CodeSystem/utg-concept-properties#v2-table-deprecated</td><td>code</td><td>Version of HL7 in which the code was deprecated</td></tr></table><p>This code system <code>http://terminology.hl7.org/CodeSystem/v2-0147</code> defines the following codes:</p><table class=\"codes\"><tr><td style=\"white-space:nowrap\"><b>Code</b></td><td><b>Display</b></td><td><b>Definition</b></td></tr><tr><td style=\"white-space:nowrap\">ANC<a name=\"v2-0147-ANC\"> </a></td><td>Ancillary</td><td>Ancillary</td></tr><tr><td style=\"white-space:nowrap\">2ANC<a name=\"v2-0147-2ANC\"> </a></td><td>Second ancillary</td><td>Second ancillary</td></tr><tr><td style=\"white-space:nowrap\">MMD<a name=\"v2-0147-MMD\"> </a></td><td>Major medical</td><td>Major medical</td></tr><tr><td style=\"white-space:nowrap\">2MMD<a name=\"v2-0147-2MMD\"> </a></td><td>Second major medical</td><td>Second major medical</td></tr><tr><td style=\"white-space:nowrap\">3MMD<a name=\"v2-0147-3MMD\"> </a></td><td>Third major medical</td><td>Third major medical</td></tr></table><p><b>Additional Language Displays</b></p><table class=\"codes\"><tr><td><b>Code</b></td><td><b>Deutsch (German, de)</b></td></tr><tr><td>ANC</td><td>Zusatzversicherung</td></tr><tr><td>2ANC</td><td>weitere Zusatzversicherung</td></tr><tr><td>MMD</td><td>Hauptversicherung</td></tr><tr><td>2MMD</td><td>weitere Hauptversicherung</td></tr><tr><td>3MMD</td><td>weitere Hauptversicherung</td></tr></table></div>"},"extension":[{"url":"http://hl7.org/fhir/StructureDefinition/structuredefinition-wg","valueCode":"inm"},{"url":"http://hl7.org/fhir/StructureDefinition/structuredefinition-wg","valueCode":"fm"}],"url":"http://terminology.hl7.org/CodeSystem/v2-0147","identifier":[{"system":"urn:ietf:rfc:3986","value":"urn:oid:2.16.840.1.113883.18.68"}],"version":"2.1.0","name":"PolicyType","title":"policyType","status":"active","experimental":false,"date":"2019-12-01","publisher":"HL7, Inc","contact":[{"telecom":[{"system":"url","value":"http://www.hl7.org/"}]}],"description":"Code system of concepts which specify the policy type.  Used in HL7 Version 2.x messaging in the PTA segment.","purpose":"Underlying Master Code System for V2 table 0147 (Policy Type)","copyright":"Copyright HL7. Licensed under creative commons public domain","caseSensitive":true,"valueSet":"http://terminology.hl7.org/ValueSet/v2-0147","hierarchyMeaning":"is-a","compositional":false,"versionNeeded":false,"content":"complete","property":[{"code":"status","uri":"http://terminology.hl7.org/CodeSystem/utg-concept-properties#status","description":"Status of the concept","type":"code"},{"code":"deprecated","uri":"http://terminology.hl7.org/CodeSystem/utg-concept-properties#v2-table-deprecated","description":"Version of HL7 in which the code was deprecated","type":"code"}],"concept":[{"id":"1622","code":"ANC","display":"Ancillary","definition":"Ancillary","designation":[{"language":"de","use":{"system":"http://terminology.hl7.org/CodeSystem/hl7TermMaintInfra","code":"preferredForLanguage"},"value":"Zusatzversicherung"}],"property":[{"code":"status","valueCode":"A"}]},{"id":"1623","code":"2ANC","display":"Second ancillary","definition":"Second ancillary","designation":[{"language":"de","use":{"system":"http://terminology.hl7.org/CodeSystem/hl7TermMaintInfra","code":"preferredForLanguage"},"value":"weitere Zusatzversicherung"}],"property":[{"code":"status","valueCode":"A"}]},{"id":"1624","code":"MMD","display":"Major medical","definition":"Major medical","designation":[{"language":"de","use":{"system":"http://terminology.hl7.org/CodeSystem/hl7TermMaintInfra","code":"preferredForLanguage"},"value":"Hauptversicherung"}],"property":[{"code":"status","valueCode":"A"}]},{"id":"1625","code":"2MMD","display":"Second major medical","definition":"Second major medical","designation":[{"language":"de","use":{"system":"http://terminology.hl7.org/CodeSystem/hl7TermMaintInfra","code":"preferredForLanguage"},"value":"weitere Hauptversicherung"}],"property":[{"code":"status","valueCode":"A"}]},{"id":"1626","code":"3MMD","display":"Third major medical","definition":"Third major medical","designation":[{"language":"de","use":{"system":"http://terminology.hl7.org/CodeSystem/hl7TermMaintInfra","code":"preferredForLanguage"},"value":"weitere Hauptversicherung"}],"property":[{"code":"status","valueCode":"A"}]}]}