{"resourceType":"CodeSystem","id":"handling-condition","meta":{"lastUpdated":"2020-04-09T21:10:28.568+00:00"},"text":{"status":"generated","div":"<div xmlns=\"http://www.w3.org/1999/xhtml\"><p>This code system <code>http://terminology.hl7.org/CodeSystem/handling-condition</code> defines the following codes:</p><table class=\"codes\"><tr><td style=\"white-space:nowrap\"><b>Code</b></td><td><b>Display</b></td><td><b>Definition</b></td></tr><tr><td style=\"white-space:nowrap\">room<a name=\"handling-condition-room\"> </a></td><td>room temperature</td><td>room temperature.</td></tr><tr><td style=\"white-space:nowrap\">refrigerated<a name=\"handling-condition-refrigerated\"> </a></td><td>refrigerated</td><td>refrigerated temperature.</td></tr><tr><td style=\"white-space:nowrap\">frozen<a name=\"handling-condition-frozen\"> </a></td><td>frozen</td><td>frozen temperature.</td></tr></table></div>"},"extension":[{"url":"http://hl7.org/fhir/StructureDefinition/structuredefinition-wg","valueCode":"oo"},{"url":"http://hl7.org/fhir/StructureDefinition/structuredefinition-standards-status","valueCode":"draft"},{"url":"http://hl7.org/fhir/StructureDefinition/structuredefinition-fmm","valueInteger":1}],"url":"http://terminology.hl7.org/CodeSystem/handling-condition","identifier":[{"system":"urn:ietf:rfc:3986","value":"urn:oid:2.16.840.1.113883.4.642.1.1259"}],"version":"0.1.0","name":"HandlingConditionSet","title":"HandlingConditionSet","status":"draft","experimental":false,"date":"2020-04-09T21:10:28+00:00","publisher":"HL7 (FHIR Project)","contact":[{"telecom":[{"system":"url","value":"http://hl7.org/fhir"},{"system":"email","value":"fhir@lists.hl7.org"}]}],"description":"Set of handling instructions prior testing of the specimen.","caseSensitive":true,"valueSet":"http://terminology.hl7.org/ValueSet/handling-condition","content":"complete","concept":[{"code":"room","display":"room temperature","definition":"room temperature."},{"code":"refrigerated","display":"refrigerated","definition":"refrigerated temperature."},{"code":"frozen","display":"frozen","definition":"frozen temperature."}]}