{"resourceType":"CodeSystem","id":"v3-EncounterSpecialCourtesy","language":"en","text":{"status":"generated","div":"<div xml:lang=\"en\" xmlns=\"http://www.w3.org/1999/xhtml\" lang=\"en\"><p><b>Properties</b></p><table class=\"grid\"><tr><td><b>Code</b></td><td><b>URL</b></td><td><b>Type</b></td><td><b>Description</b></td></tr><tr><td>Specializes</td><td/><td>Coding</td><td>The child code is a more narrow version of the concept represented by the parent code.  I.e. Every child concept is also a valid parent concept.  Used to allow determination of subsumption.  Must be transitive, irreflexive, antisymmetric.</td></tr><tr><td>Generalizes</td><td/><td>Coding</td><td>Inverse of Specializes.  Only included as a derived relationship.</td></tr><tr><td>internalId</td><td>http://terminology.hl7.org/CodeSystem/utg-concept-properties#v3-internal-id</td><td>code</td><td>The internal identifier for the concept in the HL7 Access database repository.</td></tr><tr><td>status</td><td>http://hl7.org/fhir/concept-properties#status</td><td>code</td><td>Designation of a concept's state. Normally is not populated unless the state is retired.</td></tr></table><p>This code system <code>http://terminology.hl7.org/CodeSystem/v3-EncounterSpecialCourtesy</code> defines the following codes:</p><table class=\"codes\"><tr><td style=\"white-space:nowrap\"><b>Code</b></td><td><b>Display</b></td><td><b>Definition</b></td><td><b>internalId</b></td><td><b>status</b></td></tr><tr><td style=\"white-space:nowrap\">EXT<a name=\"v3-EncounterSpecialCourtesy-EXT\"> </a></td><td>extended courtesy</td><td/><td>12244</td><td>active</td></tr><tr><td style=\"white-space:nowrap\">NRM<a name=\"v3-EncounterSpecialCourtesy-NRM\"> </a></td><td>normal courtesy</td><td/><td>12243</td><td>active</td></tr><tr><td style=\"white-space:nowrap\">PRF<a name=\"v3-EncounterSpecialCourtesy-PRF\"> </a></td><td>professional courtesy</td><td/><td>12245</td><td>active</td></tr><tr><td style=\"white-space:nowrap\">STF<a name=\"v3-EncounterSpecialCourtesy-STF\"> </a></td><td>staff</td><td>Courtesies extended to the staff of the entity providing service.</td><td>12247</td><td>active</td></tr><tr><td style=\"white-space:nowrap\">VIP<a name=\"v3-EncounterSpecialCourtesy-VIP\"> </a></td><td>very important person</td><td/><td>12246</td><td>active</td></tr></table></div>"},"url":"http://terminology.hl7.org/CodeSystem/v3-EncounterSpecialCourtesy","identifier":[{"system":"urn:ietf:rfc:3986","value":"urn:oid:2.16.840.1.113883.5.40"}],"version":"2.1.0","name":"EncounterSpecialCourtesy","title":"EncounterSpecialCourtesy","status":"active","experimental":false,"date":"2019-03-20","publisher":"Health Level 7","contact":[{"name":"Health Level Seven"}],"description":"**** MISSING DESCRIPTION ****","caseSensitive":true,"hierarchyMeaning":"is-a","content":"complete","property":[{"extension":[{"url":"http://terminology.hl7.org/StructureDefinition/ext-mif-relationship-symmetry","valueCode":"antisymmetric"},{"url":"http://terminology.hl7.org/StructureDefinition/ext-mif-relationship-transitivity","valueCode":"transitive"},{"url":"http://terminology.hl7.org/StructureDefinition/ext-mif-relationship-reflexivity","valueCode":"irreflexive"},{"url":"http://terminology.hl7.org/StructureDefinition/ext-mif-relationship-isNavigable","valueBoolean":true},{"url":"http://terminology.hl7.org/StructureDefinition/ext-mif-relationship-relationshipKind","valueCode":"Specializes"},{"url":"http://terminology.hl7.org/StructureDefinition/ext-mif-relationship-inverseName","valueString":"Generalizes"}],"code":"Specializes","description":"The child code is a more narrow version of the concept represented by the parent code.  I.e. Every child concept is also a valid parent concept.  Used to allow determination of subsumption.  Must be transitive, irreflexive, antisymmetric.","type":"Coding"},{"extension":[{"url":"http://terminology.hl7.org/StructureDefinition/ext-mif-relationship-symmetry","valueCode":"antisymmetric"},{"url":"http://terminology.hl7.org/StructureDefinition/ext-mif-relationship-transitivity","valueCode":"transitive"},{"url":"http://terminology.hl7.org/StructureDefinition/ext-mif-relationship-reflexivity","valueCode":"irreflexive"},{"url":"http://terminology.hl7.org/StructureDefinition/ext-mif-relationship-isNavigable","valueBoolean":true},{"url":"http://terminology.hl7.org/StructureDefinition/ext-mif-relationship-relationshipKind","valueCode":"Generalizes"},{"url":"http://terminology.hl7.org/StructureDefinition/ext-mif-relationship-inverseName","valueString":"Specializes"}],"code":"Generalizes","description":"Inverse of Specializes.  Only included as a derived relationship.","type":"Coding"},{"code":"internalId","uri":"http://terminology.hl7.org/CodeSystem/utg-concept-properties#v3-internal-id","description":"The internal identifier for the concept in the HL7 Access database repository.","type":"code"},{"code":"status","uri":"http://hl7.org/fhir/concept-properties#status","description":"Designation of a concept's state. Normally is not populated unless the state is retired.","type":"code"}],"concept":[{"code":"EXT","display":"extended courtesy","property":[{"code":"status","valueCode":"active"},{"code":"internalId","valueCode":"12244"}]},{"code":"NRM","display":"normal courtesy","property":[{"code":"status","valueCode":"active"},{"code":"internalId","valueCode":"12243"}]},{"code":"PRF","display":"professional courtesy","property":[{"code":"status","valueCode":"active"},{"code":"internalId","valueCode":"12245"}]},{"code":"STF","display":"staff","definition":"Courtesies extended to the staff of the entity providing service.","property":[{"code":"status","valueCode":"active"},{"code":"internalId","valueCode":"12247"}]},{"code":"VIP","display":"very important person","property":[{"code":"status","valueCode":"active"},{"code":"internalId","valueCode":"12246"}]}]}