{"resourceType":"CodeSystem","id":"v3-LivingArrangement","language":"en","text":{"status":"generated","div":"<div xml:lang=\"en\" xmlns=\"http://www.w3.org/1999/xhtml\" lang=\"en\"><p><b>Properties</b></p><table class=\"grid\"><tr><td><b>Code</b></td><td><b>URL</b></td><td><b>Type</b></td><td><b>Description</b></td></tr><tr><td>Specializes</td><td/><td>Coding</td><td>The child code is a more narrow version of the concept represented by the parent code.  I.e. Every child concept is also a valid parent concept.  Used to allow determination of subsumption.  Must be transitive, irreflexive, antisymmetric.</td></tr><tr><td>Generalizes</td><td/><td>Coding</td><td>Inverse of Specializes.  Only included as a derived relationship.</td></tr><tr><td>internalId</td><td>http://terminology.hl7.org/CodeSystem/utg-concept-properties#v3-internal-id</td><td>code</td><td>The internal identifier for the concept in the HL7 Access database repository.</td></tr><tr><td>status</td><td>http://hl7.org/fhir/concept-properties#status</td><td>code</td><td>Designation of a concept's state. Normally is not populated unless the state is retired.</td></tr></table><p>This code system <code>http://terminology.hl7.org/CodeSystem/v3-LivingArrangement</code> defines the following codes:</p><table class=\"codes\"><tr><td><b>Lvl</b></td><td style=\"white-space:nowrap\"><b>Code</b></td><td><b>Display</b></td><td><b>Definition</b></td><td><b>internalId</b></td><td><b>status</b></td></tr><tr><td>1</td><td style=\"white-space:nowrap\">HL<a name=\"v3-LivingArrangement-HL\"> </a></td><td>homeless</td><td>**Definition:** Living arrangements lacking a permanent residence.</td><td>22193</td><td>active</td></tr><tr><td>2</td><td style=\"white-space:nowrap\">  M<a name=\"v3-LivingArrangement-M\"> </a></td><td>Nomadic</td><td>Nomadic</td><td>10195</td><td>active</td></tr><tr><td>2</td><td style=\"white-space:nowrap\">  T<a name=\"v3-LivingArrangement-T\"> </a></td><td>Transient</td><td>Transient</td><td>10194</td><td>active</td></tr><tr><td>1</td><td style=\"white-space:nowrap\">I<a name=\"v3-LivingArrangement-I\"> </a></td><td>Institution</td><td>Institution</td><td>10189</td><td>active</td></tr><tr><td>2</td><td style=\"white-space:nowrap\">  CS<a name=\"v3-LivingArrangement-CS\"> </a></td><td>community shelter</td><td>**Definition:** A group living arrangement specifically for the care of those in need of temporary and crisis housing assistance. Examples include domestic violence shelters, shelters for displaced or homeless individuals, Salvation Army, Jesus House, etc. Community based services may be provided.</td><td>22192</td><td>active</td></tr><tr><td>2</td><td style=\"white-space:nowrap\">  G<a name=\"v3-LivingArrangement-G\"> </a></td><td>Group Home</td><td>Group Home</td><td>10193</td><td>active</td></tr><tr><td>2</td><td style=\"white-space:nowrap\">  N<a name=\"v3-LivingArrangement-N\"> </a></td><td>Nursing Home</td><td>Nursing Home</td><td>10190</td><td>active</td></tr><tr><td>2</td><td style=\"white-space:nowrap\">  X<a name=\"v3-LivingArrangement-X\"> </a></td><td>Extended care facility</td><td>Extended care facility</td><td>10191</td><td>active</td></tr><tr><td>1</td><td style=\"white-space:nowrap\">PR<a name=\"v3-LivingArrangement-PR\"> </a></td><td>private residence</td><td>**Definition:**  A living arrangement within a private residence for single family.</td><td>22190</td><td>active</td></tr><tr><td>2</td><td style=\"white-space:nowrap\">  H<a name=\"v3-LivingArrangement-H\"> </a></td><td>Independent Household</td><td>Independent Household</td><td>10188</td><td>active</td></tr><tr><td>2</td><td style=\"white-space:nowrap\">  R<a name=\"v3-LivingArrangement-R\"> </a></td><td>Retirement Community</td><td>Retirement Community</td><td>10192</td><td>active</td></tr><tr><td>2</td><td style=\"white-space:nowrap\">  SL<a name=\"v3-LivingArrangement-SL\"> </a></td><td>supported living</td><td>**Definition:** Assisted living in a single family residence for persons with physical, behavioral, or functional health, or socio-economic challenges. There may or may not be on-site supervision but the housing is designed to assist the client with developing independent living skills. Community based services may be provided.</td><td>22191</td><td>active</td></tr></table></div>"},"url":"http://terminology.hl7.org/CodeSystem/v3-LivingArrangement","identifier":[{"system":"urn:ietf:rfc:3986","value":"urn:oid:2.16.840.1.113883.5.63"}],"version":"2.1.0","name":"LivingArrangement","title":"LivingArrangement","status":"active","experimental":false,"date":"2019-03-20","publisher":"Health Level 7","contact":[{"name":"Health Level Seven"}],"description":"A code depicting the living arrangements of a person","caseSensitive":true,"hierarchyMeaning":"is-a","content":"complete","property":[{"extension":[{"url":"http://terminology.hl7.org/StructureDefinition/ext-mif-relationship-symmetry","valueCode":"antisymmetric"},{"url":"http://terminology.hl7.org/StructureDefinition/ext-mif-relationship-transitivity","valueCode":"transitive"},{"url":"http://terminology.hl7.org/StructureDefinition/ext-mif-relationship-reflexivity","valueCode":"irreflexive"},{"url":"http://terminology.hl7.org/StructureDefinition/ext-mif-relationship-isNavigable","valueBoolean":true},{"url":"http://terminology.hl7.org/StructureDefinition/ext-mif-relationship-relationshipKind","valueCode":"Specializes"},{"url":"http://terminology.hl7.org/StructureDefinition/ext-mif-relationship-inverseName","valueString":"Generalizes"}],"code":"Specializes","description":"The child code is a more narrow version of the concept represented by the parent code.  I.e. Every child concept is also a valid parent concept.  Used to allow determination of subsumption.  Must be transitive, irreflexive, antisymmetric.","type":"Coding"},{"extension":[{"url":"http://terminology.hl7.org/StructureDefinition/ext-mif-relationship-symmetry","valueCode":"antisymmetric"},{"url":"http://terminology.hl7.org/StructureDefinition/ext-mif-relationship-transitivity","valueCode":"transitive"},{"url":"http://terminology.hl7.org/StructureDefinition/ext-mif-relationship-reflexivity","valueCode":"irreflexive"},{"url":"http://terminology.hl7.org/StructureDefinition/ext-mif-relationship-isNavigable","valueBoolean":true},{"url":"http://terminology.hl7.org/StructureDefinition/ext-mif-relationship-relationshipKind","valueCode":"Generalizes"},{"url":"http://terminology.hl7.org/StructureDefinition/ext-mif-relationship-inverseName","valueString":"Specializes"}],"code":"Generalizes","description":"Inverse of Specializes.  Only included as a derived relationship.","type":"Coding"},{"code":"internalId","uri":"http://terminology.hl7.org/CodeSystem/utg-concept-properties#v3-internal-id","description":"The internal identifier for the concept in the HL7 Access database repository.","type":"code"},{"code":"status","uri":"http://hl7.org/fhir/concept-properties#status","description":"Designation of a concept's state. Normally is not populated unless the state is retired.","type":"code"}],"concept":[{"code":"HL","display":"homeless","definition":"**Definition:** Living arrangements lacking a permanent residence.","property":[{"code":"status","valueCode":"active"},{"code":"internalId","valueCode":"22193"}],"concept":[{"code":"M","display":"Nomadic","definition":"Nomadic","property":[{"code":"status","valueCode":"active"},{"code":"internalId","valueCode":"10195"}]},{"code":"T","display":"Transient","definition":"Transient","property":[{"code":"status","valueCode":"active"},{"code":"internalId","valueCode":"10194"}]}]},{"code":"I","display":"Institution","definition":"Institution","property":[{"code":"status","valueCode":"active"},{"code":"internalId","valueCode":"10189"}],"concept":[{"code":"CS","display":"community shelter","definition":"**Definition:** A group living arrangement specifically for the care of those in need of temporary and crisis housing assistance. Examples include domestic violence shelters, shelters for displaced or homeless individuals, Salvation Army, Jesus House, etc. Community based services may be provided.","property":[{"code":"status","valueCode":"active"},{"code":"internalId","valueCode":"22192"}]},{"code":"G","display":"Group Home","definition":"Group Home","property":[{"code":"status","valueCode":"active"},{"code":"internalId","valueCode":"10193"}]},{"code":"N","display":"Nursing Home","definition":"Nursing Home","property":[{"code":"status","valueCode":"active"},{"code":"internalId","valueCode":"10190"}]},{"code":"X","display":"Extended care facility","definition":"Extended care facility","property":[{"code":"status","valueCode":"active"},{"code":"internalId","valueCode":"10191"}]}]},{"code":"PR","display":"private residence","definition":"**Definition:**  A living arrangement within a private residence for single family.","property":[{"code":"status","valueCode":"active"},{"code":"internalId","valueCode":"22190"}],"concept":[{"code":"H","display":"Independent Household","definition":"Independent Household","property":[{"code":"status","valueCode":"active"},{"code":"internalId","valueCode":"10188"}]},{"code":"R","display":"Retirement Community","definition":"Retirement Community","property":[{"code":"status","valueCode":"active"},{"code":"internalId","valueCode":"10192"}]},{"code":"SL","display":"supported living","definition":"**Definition:** Assisted living in a single family residence for persons with physical, behavioral, or functional health, or socio-economic challenges. There may or may not be on-site supervision but the housing is designed to assist the client with developing independent living skills. Community based services may be provided.","property":[{"code":"status","valueCode":"active"},{"code":"internalId","valueCode":"22191"}]}]}]}