{"resourceType":"CodeSystem","id":"v2-0353","text":{"status":"generated","div":"<div xmlns=\"http://www.w3.org/1999/xhtml\"><p><b>Properties</b></p><table class=\"grid\"><tr><td><b>Code</b></td><td><b>URL</b></td><td><b>Type</b></td><td><b>Description</b></td></tr><tr><td>status</td><td>http://terminology.hl7.org/CodeSystem/utg-concept-properties#status</td><td>code</td><td>Status of the concept</td></tr><tr><td>deprecated</td><td>http://terminology.hl7.org/CodeSystem/utg-concept-properties#v2-table-deprecated</td><td>code</td><td>Version of HL7 in which the code was deprecated</td></tr></table><p>This code system <code>http://terminology.hl7.org/CodeSystem/v2-0353</code> defines the following codes:</p><table class=\"codes\"><tr><td style=\"white-space:nowrap\"><b>Code</b></td><td><b>Display</b></td><td><b>Definition</b></td></tr><tr><td style=\"white-space:nowrap\">U<a name=\"v2-0353-U\"> </a></td><td>Unknown</td><td>Unknown</td></tr><tr><td style=\"white-space:nowrap\">UASK<a name=\"v2-0353-UASK\"> </a></td><td>Asked but Unknown</td><td>Asked but Unknown</td></tr><tr><td style=\"white-space:nowrap\">NAV<a name=\"v2-0353-NAV\"> </a></td><td>Not available</td><td>Not available</td></tr><tr><td style=\"white-space:nowrap\">NA<a name=\"v2-0353-NA\"> </a></td><td>Not applicable</td><td>Not applicable</td></tr><tr><td style=\"white-space:nowrap\">NASK<a name=\"v2-0353-NASK\"> </a></td><td>Not asked</td><td>Not asked</td></tr></table></div>"},"extension":[{"url":"http://hl7.org/fhir/StructureDefinition/structuredefinition-wg","valueCode":"vocab"}],"url":"http://terminology.hl7.org/CodeSystem/v2-0353","identifier":[{"system":"urn:ietf:rfc:3986","value":"urn:oid:2.16.840.1.113883.18.213"}],"version":"2.1.0","name":"CweStatuses","title":"cweStatuses","status":"active","experimental":false,"date":"2019-12-01","publisher":"HL7, Inc","contact":[{"telecom":[{"system":"url","value":"http://www.hl7.org/"}]}],"description":"HL7-defined code system of comcepts that represent an exception identifier code; that is, a code that is not defined in the value set (either model or site-extended).  These are occationsally referred to a 'flavors of null' although this set of concepts is specific to the CWE datatype used in HL7 Version 2.x messaging, and the codes may be used in the 'identifier' component of the 'triplets' in that datatype.","purpose":"Underlying Master Code System for V2 table 0353 (CWE statuses)","copyright":"Copyright HL7. Licensed under creative commons public domain","caseSensitive":true,"valueSet":"http://terminology.hl7.org/ValueSet/v2-0353","hierarchyMeaning":"is-a","compositional":false,"versionNeeded":false,"content":"complete","property":[{"code":"status","uri":"http://terminology.hl7.org/CodeSystem/utg-concept-properties#status","description":"Status of the concept","type":"code"},{"code":"deprecated","uri":"http://terminology.hl7.org/CodeSystem/utg-concept-properties#v2-table-deprecated","description":"Version of HL7 in which the code was deprecated","type":"code"}],"concept":[{"id":"3243","code":"U","display":"Unknown","definition":"Unknown","property":[{"code":"status","valueCode":"A"}]},{"id":"3244","code":"UASK","display":"Asked but Unknown","definition":"Asked but Unknown","property":[{"code":"status","valueCode":"A"}]},{"id":"3245","code":"NAV","display":"Not available","definition":"Not available","property":[{"code":"status","valueCode":"A"}]},{"id":"3246","code":"NA","display":"Not applicable","definition":"Not applicable","property":[{"code":"status","valueCode":"A"}]},{"id":"3247","code":"NASK","display":"Not asked","definition":"Not asked","property":[{"code":"status","valueCode":"A"}]}]}