{"resourceType":"CodeSystem","id":"v2-0948","text":{"status":"generated","div":"<div xmlns=\"http://www.w3.org/1999/xhtml\"><p><b>Properties</b></p><table class=\"grid\"><tr><td><b>Code</b></td><td><b>URL</b></td><td><b>Type</b></td><td><b>Description</b></td></tr><tr><td>status</td><td>http://terminology.hl7.org/CodeSystem/utg-concept-properties#status</td><td>code</td><td>Status of the concept</td></tr><tr><td>deprecated</td><td>http://terminology.hl7.org/CodeSystem/utg-concept-properties#v2-table-deprecated</td><td>code</td><td>Version of HL7 in which the code was deprecated</td></tr><tr><td>v2-concComment</td><td>http://terminology.hl7.org/CodeSystem/utg-concept-properties#v2-concComment</td><td>string</td><td>V2 Concept Comment</td></tr></table><p>This code system <code>http://terminology.hl7.org/CodeSystem/v2-0948</code> defines the following codes:</p><table class=\"codes\"><tr><td style=\"white-space:nowrap\"><b>Code</b></td><td><b>Display</b></td><td><b>Definition</b></td><td><b>V2 Concept Comment</b></td></tr><tr><td style=\"white-space:nowrap\">CAUS<a name=\"v2-0948-CAUS\"> </a></td><td>Causes/caused</td><td>Source universal service identifier causes/caused the outcome(s) on the target</td><td>Example: a procedure caused  complication(s)</td></tr><tr><td style=\"white-space:nowrap\">COMP<a name=\"v2-0948-COMP\"> </a></td><td>Component of</td><td>Target universal service identifier is a component of source universal identifier</td><td>Example: one care plan activity (target) is a component of another care plan activity (source)</td></tr><tr><td style=\"white-space:nowrap\">CONCR<a name=\"v2-0948-CONCR\"> </a></td><td>Concurrently</td><td>Source and target universal service identifier should start concurrently</td><td>Example: two care plan activities should start concurrently</td></tr><tr><td style=\"white-space:nowrap\">EVID<a name=\"v2-0948-EVID\"> </a></td><td>Evidence</td><td>Source universal service identifier provides evidence for target universal service identifier</td><td>Example: observation result provides evidence for certain care plan activity or treatment action</td></tr><tr><td style=\"white-space:nowrap\">INTF<a name=\"v2-0948-INTF\"> </a></td><td>Interferes / interfered</td><td>Source universal service identifier interferes / interfered with fulfilment of target universal service identifier</td><td>Example: patient financial or physical constraints interferes / interfered with fulfilment of goal</td></tr><tr><td style=\"white-space:nowrap\">LIMIT<a name=\"v2-0948-LIMIT\"> </a></td><td>Limits/limited</td><td>Source universal service identifier limits/limited the fulfillment of target universal service identifier</td><td>Example: patient condition limits the extend that planned treatment can be implemented</td></tr><tr><td style=\"white-space:nowrap\">SUCCD<a name=\"v2-0948-SUCCD\"> </a></td><td>Succeeds</td><td>Target universal service identifier should succeed (starts after end of) source universal service identifier</td><td>Example: one care plan activity (target) should start after completion of another (source)</td></tr><tr><td style=\"white-space:nowrap\">SVTGT<a name=\"v2-0948-SVTGT\"> </a></td><td>Service target</td><td>Target universal service identifier is the object of the service identified by the source universal service identifier</td><td>Example: An order requests clarification or interpretation of a previous clinical laboratory test result</td></tr><tr><td style=\"white-space:nowrap\">TRIG<a name=\"v2-0948-TRIG\"> </a></td><td>Triggers/triggered</td><td>Source universal service identifier triggers action of target universal service identifier</td><td>Example: a bleeding complication triggers the review and change in anti-coagulant dosage</td></tr></table></div>"},"url":"http://terminology.hl7.org/CodeSystem/v2-0948","identifier":[{"system":"urn:ietf:rfc:3986","value":"urn:oid:2.16.840.1.113883.18.448"}],"version":"2.1.0","name":"V2CSRelationshipType","title":"v2CS-relationshipType","status":"active","experimental":false,"date":"2019-12-01","publisher":"HL7, Inc","contact":[{"telecom":[{"system":"url","value":"http://www.hl7.org/"}]}],"description":"HL7-defined code system of concepts that identify the type of relationship identified by Relationship Instance Identifier (REL-3) that is established between the Source Information Instance (REL-4)  and the Target Information Instance (REL-5).","purpose":"Underlying Master Code System for V2 table 0948 (Relationship Type)","copyright":"Copyright HL7. Licensed under creative commons public domain","caseSensitive":true,"valueSet":"http://terminology.hl7.org/ValueSet/v2-0948","hierarchyMeaning":"is-a","compositional":false,"versionNeeded":false,"content":"complete","property":[{"code":"status","uri":"http://terminology.hl7.org/CodeSystem/utg-concept-properties#status","description":"Status of the concept","type":"code"},{"code":"deprecated","uri":"http://terminology.hl7.org/CodeSystem/utg-concept-properties#v2-table-deprecated","description":"Version of HL7 in which the code was deprecated","type":"code"},{"code":"v2-concComment","uri":"http://terminology.hl7.org/CodeSystem/utg-concept-properties#v2-concComment","description":"V2 Concept Comment","type":"string"}],"concept":[{"id":"6760","code":"CAUS","display":"Causes/caused","definition":"Source universal service identifier causes/caused the outcome(s) on the target","property":[{"code":"v2-concComment","valueString":"Example: a procedure caused  complication(s)"},{"code":"status","valueCode":"N"}]},{"id":"6761","code":"COMP","display":"Component of","definition":"Target universal service identifier is a component of source universal identifier","property":[{"code":"v2-concComment","valueString":"Example: one care plan activity (target) is a component of another care plan activity (source)"},{"code":"status","valueCode":"N"}]},{"id":"6762","code":"CONCR","display":"Concurrently","definition":"Source and target universal service identifier should start concurrently","property":[{"code":"v2-concComment","valueString":"Example: two care plan activities should start concurrently"},{"code":"status","valueCode":"N"}]},{"id":"6763","code":"EVID","display":"Evidence","definition":"Source universal service identifier provides evidence for target universal service identifier","property":[{"code":"v2-concComment","valueString":"Example: observation result provides evidence for certain care plan activity or treatment action"},{"code":"status","valueCode":"N"}]},{"id":"6764","code":"INTF","display":"Interferes / interfered","definition":"Source universal service identifier interferes / interfered with fulfilment of target universal service identifier","property":[{"code":"v2-concComment","valueString":"Example: patient financial or physical constraints interferes / interfered with fulfilment of goal"},{"code":"status","valueCode":"N"}]},{"id":"6765","code":"LIMIT","display":"Limits/limited","definition":"Source universal service identifier limits/limited the fulfillment of target universal service identifier","property":[{"code":"v2-concComment","valueString":"Example: patient condition limits the extend that planned treatment can be implemented"},{"code":"status","valueCode":"N"}]},{"id":"6766","code":"SUCCD","display":"Succeeds","definition":"Target universal service identifier should succeed (starts after end of) source universal service identifier","property":[{"code":"v2-concComment","valueString":"Example: one care plan activity (target) should start after completion of another (source)"},{"code":"status","valueCode":"N"}]},{"id":"6767","code":"SVTGT","display":"Service target","definition":"Target universal service identifier is the object of the service identified by the source universal service identifier","property":[{"code":"v2-concComment","valueString":"Example: An order requests clarification or interpretation of a previous clinical laboratory test result"},{"code":"status","valueCode":"N"}]},{"id":"6768","code":"TRIG","display":"Triggers/triggered","definition":"Source universal service identifier triggers action of target universal service identifier","property":[{"code":"v2-concComment","valueString":"Example: a bleeding complication triggers the review and change in anti-coagulant dosage"},{"code":"status","valueCode":"N"}]}]}