{"resourceType":"CodeSystem","id":"v2-0936","text":{"status":"generated","div":"<div xmlns=\"http://www.w3.org/1999/xhtml\"><p><b>Properties</b></p><table class=\"grid\"><tr><td><b>Code</b></td><td><b>URL</b></td><td><b>Type</b></td><td><b>Description</b></td></tr><tr><td>status</td><td>http://terminology.hl7.org/CodeSystem/utg-concept-properties#status</td><td>code</td><td>Status of the concept</td></tr><tr><td>deprecated</td><td>http://terminology.hl7.org/CodeSystem/utg-concept-properties#v2-table-deprecated</td><td>code</td><td>Version of HL7 in which the code was deprecated</td></tr><tr><td>v2-concComment</td><td>http://terminology.hl7.org/CodeSystem/utg-concept-properties#v2-concComment</td><td>string</td><td>V2 Concept Comment</td></tr><tr><td>v2-concCommentAsPub</td><td>http://terminology.hl7.org/CodeSystem/utg-concept-properties#v2-concCommentAsPub</td><td>string</td><td>V2 Concept Comment As Published</td></tr></table><p>This code system <code>http://terminology.hl7.org/CodeSystem/v2-0936</code> defines the following codes:</p><table class=\"codes\"><tr><td style=\"white-space:nowrap\"><b>Code</b></td><td><b>Display</b></td><td><b>Definition</b></td><td><b>V2 Concept Comment</b></td><td><b>V2 Concept Comment As Published</b></td></tr><tr><td style=\"white-space:nowrap\">QST<a name=\"v2-0936-QST\"> </a></td><td>Question</td><td>Question</td><td>Limited to expected responses to questions by the filler</td><td>Limited to expected responses to questions by the filler</td></tr><tr><td style=\"white-space:nowrap\">RSLT<a name=\"v2-0936-RSLT\"> </a></td><td>Result</td><td>Result</td><td/><td/></tr><tr><td style=\"white-space:nowrap\">SCI<a name=\"v2-0936-SCI\"> </a></td><td>Supporting Clinical Information</td><td>Supporting Clinical Information</td><td>Placer observations not explicitly requested by the filler to provide context or supporting information</td><td>Placer observations not explicitly requested by the filler to provide context or supporting information</td></tr></table></div>"},"url":"http://terminology.hl7.org/CodeSystem/v2-0936","identifier":[{"system":"urn:ietf:rfc:3986","value":"urn:oid:2.16.840.1.113883.18.439"}],"version":"2.1.0","name":"ObservationType","title":"observationType","status":"active","experimental":false,"date":"2019-12-01","publisher":"HL7, Inc","contact":[{"telecom":[{"system":"url","value":"http://www.hl7.org/"}]}],"description":"HL7-defined code system of concepts specifying types of observations to enable systems to distinguish between observations sent along with an order, versus observations sent as the result to an order. Used in HL7 Version 2.x messaging in the OBX segment.","purpose":"Underlying Master Code System for V2 table 0936 (Observation Type)","copyright":"Copyright HL7. Licensed under creative commons public domain","caseSensitive":true,"valueSet":"http://terminology.hl7.org/ValueSet/v2-0936","hierarchyMeaning":"is-a","compositional":false,"versionNeeded":false,"content":"complete","property":[{"code":"status","uri":"http://terminology.hl7.org/CodeSystem/utg-concept-properties#status","description":"Status of the concept","type":"code"},{"code":"deprecated","uri":"http://terminology.hl7.org/CodeSystem/utg-concept-properties#v2-table-deprecated","description":"Version of HL7 in which the code was deprecated","type":"code"},{"code":"v2-concComment","uri":"http://terminology.hl7.org/CodeSystem/utg-concept-properties#v2-concComment","description":"V2 Concept Comment","type":"string"},{"code":"v2-concCommentAsPub","uri":"http://terminology.hl7.org/CodeSystem/utg-concept-properties#v2-concCommentAsPub","description":"V2 Concept Comment As Published","type":"string"}],"concept":[{"id":"6705","code":"QST","display":"Question","definition":"Question","property":[{"code":"v2-concComment","valueString":"Limited to expected responses to questions by the filler"},{"code":"v2-concCommentAsPub","valueString":"Limited to expected responses to questions by the filler"},{"code":"status","valueCode":"A"}]},{"id":"6706","code":"RSLT","display":"Result","definition":"Result","property":[{"code":"status","valueCode":"A"}]},{"id":"6707","code":"SCI","display":"Supporting Clinical Information","definition":"Supporting Clinical Information","property":[{"code":"v2-concComment","valueString":"Placer observations not explicitly requested by the filler to provide context or supporting information"},{"code":"v2-concCommentAsPub","valueString":"Placer observations not explicitly requested by the filler to provide context or supporting information"},{"code":"status","valueCode":"A"}]}]}