{"resourceType":"CodeSystem","id":"mthicpc2E-AE","text":{"status":"generated","div":"<div xmlns=\"http://www.w3.org/1999/xhtml\"><p>This code system <code>http://terminology.hl7.org/CodeSystem/mthicpc2E-AE</code> defines many codes, but they are not represented here</p></div>"},"url":"http://terminology.hl7.org/CodeSystem/mthicpc2E-AE","identifier":[{"system":"urn:ietf:rfc:3986","value":"urn:oid:2.16.840.1.113883.6.139.3"}],"version":"2.0.1","name":"Mthicpc2EAE","title":"ICPC2E Am Engl (Metathesaurus)","status":"retired","experimental":false,"date":"2021-11-09T10:00:00+10:00","publisher":"TBD - External Body","description":"Henk Lamberts and Inge Hofmans-Okkes. International Classification of Primary Care 2nd Edition, Electronic, 2E, American English Equivalents. Amsterdam: International Classification of Primary Care / prepared by the Classification Committee of the World Health Organization. Entry derived from the UMLS Metathesaurus.","caseSensitive":true,"content":"not-present"}