{"resourceType":"CodeSystem","id":"variant-state","meta":{"lastUpdated":"2020-04-09T21:10:28.568+00:00"},"text":{"status":"generated","div":"<div xmlns=\"http://www.w3.org/1999/xhtml\"><p>This code system <code>http://terminology.hl7.org/CodeSystem/variant-state</code> defines the following codes:</p><table class=\"codes\"><tr><td style=\"white-space:nowrap\"><b>Code</b></td><td><b>Definition</b></td></tr><tr><td style=\"white-space:nowrap\">positive<a name=\"variant-state-positive\"> </a></td><td>the variant is detected.</td></tr><tr><td style=\"white-space:nowrap\">negative<a name=\"variant-state-negative\"> </a></td><td>no variant is detected.</td></tr><tr><td style=\"white-space:nowrap\">absent<a name=\"variant-state-absent\"> </a></td><td>result of the variant is missing.</td></tr></table></div>"},"url":"http://terminology.hl7.org/CodeSystem/variant-state","identifier":[{"system":"urn:ietf:rfc:3986","value":"urn:oid:2.16.840.1.113883.4.642.1.1085"}],"version":"0.1.0","name":"SequenceStatus","title":"sequenceStatus","status":"draft","experimental":false,"date":"2020-04-09T21:10:28+00:00","publisher":"HL7 (FHIR Project)","contact":[{"telecom":[{"system":"url","value":"http://hl7.org/fhir"},{"system":"email","value":"fhir@lists.hl7.org"}]}],"description":"Codes providing the status of the variant test result.","caseSensitive":true,"valueSet":"http://terminology.hl7.org/ValueSet/variant-state","content":"complete","concept":[{"code":"positive","display":"positive","definition":"the variant is detected."},{"code":"negative","display":"negative","definition":"no variant is detected."},{"code":"absent","display":"absent","definition":"result of the variant is missing."}]}