{"resourceType":"CodeSystem","id":"v2-0291","text":{"status":"generated","div":"<div xmlns=\"http://www.w3.org/1999/xhtml\"><p><b>Properties</b></p><table class=\"grid\"><tr><td><b>Code</b></td><td><b>URL</b></td><td><b>Type</b></td><td><b>Description</b></td></tr><tr><td>status</td><td>http://terminology.hl7.org/CodeSystem/utg-concept-properties#status</td><td>code</td><td>Status of the concept</td></tr><tr><td>deprecated</td><td>http://terminology.hl7.org/CodeSystem/utg-concept-properties#v2-table-deprecated</td><td>code</td><td>Version of HL7 in which the code was deprecated</td></tr><tr><td>v2-concComment</td><td>http://terminology.hl7.org/CodeSystem/utg-concept-properties#v2-concComment</td><td>string</td><td>V2 Concept Comment</td></tr><tr><td>v2-concCommentAsPub</td><td>http://terminology.hl7.org/CodeSystem/utg-concept-properties#v2-concCommentAsPub</td><td>string</td><td>V2 Concept Comment As Published</td></tr></table><p>This code system <code>http://terminology.hl7.org/CodeSystem/v2-0291</code> defines the following codes:</p><table class=\"codes\"><tr><td style=\"white-space:nowrap\"><b>Code</b></td><td><b>Display</b></td><td><b>Definition</b></td><td><b>deprecated</b></td><td><b>V2 Concept Comment</b></td><td><b>V2 Concept Comment As Published</b></td></tr><tr><td style=\"white-space:nowrap\">BASIC<a name=\"v2-0291-BASIC\"> </a></td><td>ISDN PCM audio data</td><td>ISDN PCM audio data</td><td/><td/><td/></tr><tr><td style=\"white-space:nowrap\">...<a name=\"v2-0291-.46.46.46\"> </a></td><td>Source RFC 2046</td><td>Source RFC 2046</td><td>2.9</td><td/><td/></tr><tr><td style=\"white-space:nowrap\">…<a name=\"v2-0291-.8230\"> </a></td><td>Source RFC 2046</td><td>Source RFC 2046</td><td>2.9</td><td/><td/></tr><tr><td style=\"white-space:nowrap\">DICOM<a name=\"v2-0291-DICOM\"> </a></td><td>Digital Imaging and Communications in Medicine</td><td>Digital Imaging and Communications in Medicine</td><td/><td/><td/></tr><tr><td style=\"white-space:nowrap\">FAX<a name=\"v2-0291-FAX\"> </a></td><td>Facsimile data</td><td>Facsimile data</td><td/><td/><td/></tr><tr><td style=\"white-space:nowrap\">GIF<a name=\"v2-0291-GIF\"> </a></td><td>Graphics Interchange Format</td><td>Graphics Interchange Format</td><td/><td/><td/></tr><tr><td style=\"white-space:nowrap\">HTML<a name=\"v2-0291-HTML\"> </a></td><td>Hypertext Markup Language</td><td>Hypertext Markup Language</td><td/><td/><td/></tr><tr><td style=\"white-space:nowrap\">JOT<a name=\"v2-0291-JOT\"> </a></td><td>Electronic ink data (Jot 1.0 standard)</td><td>Electronic ink data (Jot 1.0 standard)</td><td/><td/><td/></tr><tr><td style=\"white-space:nowrap\">JPEG<a name=\"v2-0291-JPEG\"> </a></td><td>Joint Photographic Experts Group</td><td>Joint Photographic Experts Group</td><td/><td/><td/></tr><tr><td style=\"white-space:nowrap\">Octet-stream<a name=\"v2-0291-Octet-stream\"> </a></td><td>Uninterpreted binary data</td><td>Uninterpreted binary data</td><td/><td/><td/></tr><tr><td style=\"white-space:nowrap\">PICT<a name=\"v2-0291-PICT\"> </a></td><td>PICT format image data</td><td>PICT format image data</td><td/><td/><td/></tr><tr><td style=\"white-space:nowrap\">PostScript<a name=\"v2-0291-PostScript\"> </a></td><td>PostScript program</td><td>PostScript program</td><td/><td/><td/></tr><tr><td style=\"white-space:nowrap\">RTF<a name=\"v2-0291-RTF\"> </a></td><td>Rich Text Format</td><td>Rich Text Format</td><td/><td/><td/></tr><tr><td style=\"white-space:nowrap\">SGML<a name=\"v2-0291-SGML\"> </a></td><td>Standard Generalized Markup Language (HL7 V2.3.1 and later)</td><td>Standard Generalized Markup Language (HL7 V2.3.1 and later)</td><td/><td/><td/></tr><tr><td style=\"white-space:nowrap\">TIFF<a name=\"v2-0291-TIFF\"> </a></td><td>TIFF image data</td><td>TIFF image data</td><td/><td/><td/></tr><tr><td style=\"white-space:nowrap\">XML<a name=\"v2-0291-XML\"> </a></td><td>Extensible Markup Language (HL7 V2.3.1 and later)</td><td>Extensible Markup Language (HL7 V2.3.1 and later)</td><td/><td/><td/></tr><tr><td style=\"white-space:nowrap\">x-hl7-cda-level-one<a name=\"v2-0291-x-hl7-cda-level-one\"> </a></td><td>HL7 Clinical Document Architecture Level One document</td><td>HL7 Clinical Document Architecture Level One document</td><td/><td>Retained for backwards compatibility only as of v2.6 and CDA R 2. Preferred value is text/xml.</td><td>Retained for backwards compatibility only as of v2.6 and CDA R 2. Preferred value is text/xml.</td></tr></table></div>"},"url":"http://terminology.hl7.org/CodeSystem/v2-0291","identifier":[{"system":"urn:ietf:rfc:3986","value":"urn:oid:2.16.840.1.113883.18.181"}],"version":"2.4.0","name":"SubtypeOfReferencedData","title":"subtypeOfReferencedData","status":"active","experimental":false,"date":"2019-12-01","publisher":"HL7, Inc","contact":[{"telecom":[{"system":"url","value":"http://www.hl7.org/"}]}],"description":"Code system of a subset of the media subtypes of binary data that are encoded in an ascii structure or stream.  Used in Version 2 messaging  ED and RP datatypes, but only in standard 2.5.1 and earlier; after that, it was recommended that the IANA media types be used instead of this short list of HL7-defined codes.   More information on the standard media types and subtypes may be found at http://www.iana.org/assignments/media-types/media-types.xhtml.","purpose":"Underlying Master Code System for V2 table 0291 (Subtype of Referenced Data)","copyright":"Copyright HL7. Licensed under creative commons public domain","caseSensitive":true,"valueSet":"http://terminology.hl7.org/ValueSet/v2-0291","hierarchyMeaning":"is-a","compositional":false,"versionNeeded":false,"content":"complete","property":[{"code":"status","uri":"http://terminology.hl7.org/CodeSystem/utg-concept-properties#status","description":"Status of the concept","type":"code"},{"code":"deprecated","uri":"http://terminology.hl7.org/CodeSystem/utg-concept-properties#v2-table-deprecated","description":"Version of HL7 in which the code was deprecated","type":"code"},{"code":"v2-concComment","uri":"http://terminology.hl7.org/CodeSystem/utg-concept-properties#v2-concComment","description":"V2 Concept Comment","type":"string"},{"code":"v2-concCommentAsPub","uri":"http://terminology.hl7.org/CodeSystem/utg-concept-properties#v2-concCommentAsPub","description":"V2 Concept Comment As Published","type":"string"}],"concept":[{"id":"2813","code":"BASIC","display":"ISDN PCM audio data","definition":"ISDN PCM audio data","property":[{"code":"status","valueCode":"D"}]},{"id":"2814","code":"...","display":"Source RFC 2046","definition":"Source RFC 2046","property":[{"code":"deprecated","valueCode":"2.9"},{"code":"status","valueCode":"D"}]},{"id":"2815","code":"…","display":"Source RFC 2046","definition":"Source RFC 2046","property":[{"code":"deprecated","valueCode":"2.9"},{"code":"status","valueCode":"D"}]},{"id":"2816","code":"DICOM","display":"Digital Imaging and Communications in Medicine","definition":"Digital Imaging and Communications in Medicine","property":[{"code":"status","valueCode":"D"}]},{"id":"2817","code":"FAX","display":"Facsimile data","definition":"Facsimile data","property":[{"code":"status","valueCode":"D"}]},{"id":"2818","code":"GIF","display":"Graphics Interchange Format","definition":"Graphics Interchange Format","property":[{"code":"status","valueCode":"D"}]},{"id":"2819","code":"HTML","display":"Hypertext Markup Language","definition":"Hypertext Markup Language","property":[{"code":"status","valueCode":"D"}]},{"id":"2820","code":"JOT","display":"Electronic ink data (Jot 1.0 standard)","definition":"Electronic ink data (Jot 1.0 standard)","property":[{"code":"status","valueCode":"A"}]},{"id":"2821","code":"JPEG","display":"Joint Photographic Experts Group","definition":"Joint Photographic Experts Group","property":[{"code":"status","valueCode":"D"}]},{"id":"2822","code":"Octet-stream","display":"Uninterpreted binary data","definition":"Uninterpreted binary data","property":[{"code":"status","valueCode":"D"}]},{"id":"2823","code":"PICT","display":"PICT format image data","definition":"PICT format image data","property":[{"code":"status","valueCode":"A"}]},{"id":"2824","code":"PostScript","display":"PostScript program","definition":"PostScript program","property":[{"code":"status","valueCode":"D"}]},{"id":"2825","code":"RTF","display":"Rich Text Format","definition":"Rich Text Format","property":[{"code":"status","valueCode":"D"}]},{"id":"2826","code":"SGML","display":"Standard Generalized Markup Language (HL7 V2.3.1 and later)","definition":"Standard Generalized Markup Language (HL7 V2.3.1 and later)","property":[{"code":"status","valueCode":"D"}]},{"id":"2827","code":"TIFF","display":"TIFF image data","definition":"TIFF image data","property":[{"code":"status","valueCode":"D"}]},{"id":"2828","code":"XML","display":"Extensible Markup Language (HL7 V2.3.1 and later)","definition":"Extensible Markup Language (HL7 V2.3.1 and later)","property":[{"code":"status","valueCode":"D"}]},{"id":"2829","code":"x-hl7-cda-level-one","display":"HL7 Clinical Document Architecture Level One document","definition":"HL7 Clinical Document Architecture Level One document","property":[{"code":"v2-concComment","valueString":"Retained for backwards compatibility only as of v2.6 and CDA R 2. Preferred value is text/xml."},{"code":"v2-concCommentAsPub","valueString":"Retained for backwards compatibility only as of v2.6 and CDA R 2. Preferred value is text/xml."},{"code":"status","valueCode":"A"}]}]}