{"resourceType":"CodeSystem","id":"DEEDS415","text":{"status":"generated","div":"<div xmlns=\"http://www.w3.org/1999/xhtml\"><p>This code system <code>http://terminology.hl7.org/CodeSystem/DEEDS415</code> defines many codes, but they are not represented here</p></div>"},"url":"http://terminology.hl7.org/CodeSystem/DEEDS415","identifier":[{"system":"urn:ietf:rfc:3986","value":"urn:oid:2.16.840.1.113883.6.102.4.15"}],"version":"2.0.1","name":"DEEDS415","title":"DEEDS415","status":"retired","experimental":false,"date":"2021-11-09T10:00:00+10:00","publisher":"TBD - External Body","description":"Glasgow verbal component assessment","caseSensitive":true,"content":"not-present"}