{"resourceType":"CodeSystem","id":"v2-0278","text":{"status":"generated","div":"<div xmlns=\"http://www.w3.org/1999/xhtml\"><p><b>Properties</b></p><table class=\"grid\"><tr><td><b>Code</b></td><td><b>URL</b></td><td><b>Type</b></td><td><b>Description</b></td></tr><tr><td>status</td><td>http://terminology.hl7.org/CodeSystem/utg-concept-properties#status</td><td>code</td><td>Status of the concept</td></tr><tr><td>deprecated</td><td>http://terminology.hl7.org/CodeSystem/utg-concept-properties#v2-table-deprecated</td><td>code</td><td>Version of HL7 in which the code was deprecated</td></tr><tr><td>v2-concComment</td><td>http://terminology.hl7.org/CodeSystem/utg-concept-properties#v2-concComment</td><td>string</td><td>V2 Concept Comment</td></tr><tr><td>v2-concCommentAsPub</td><td>http://terminology.hl7.org/CodeSystem/utg-concept-properties#v2-concCommentAsPub</td><td>string</td><td>V2 Concept Comment As Published</td></tr><tr><td>HL7usageNotes</td><td>http://terminology.hl7.org/CodeSystem/utg-concept-properties#HL7usageNotes</td><td>string</td><td>HL7 Concept Usage Notes</td></tr></table><p>This code system <code>http://terminology.hl7.org/CodeSystem/v2-0278</code> defines the following codes:</p><table class=\"codes\"><tr><td style=\"white-space:nowrap\"><b>Code</b></td><td><b>Display</b></td><td><b>Definition</b></td><td><b>deprecated</b></td><td><b>V2 Concept Comment</b></td><td><b>V2 Concept Comment As Published</b></td><td><b>HL7 Concept Usage Notes</b></td></tr><tr><td style=\"white-space:nowrap\">BLOCKED<a name=\"v2-0278-BLOCKED\"> </a></td><td>Blocked</td><td>The indicated time slot(s) is(are) blocked.</td><td>2.9</td><td/><td>Not used in the AIS, AIG, AIL, AIP segments.</td><td>Not used in the AIS, AIG, AIL, AIP segments.</td></tr><tr><td style=\"white-space:nowrap\">BOOKED<a name=\"v2-0278-BOOKED\"> </a></td><td>Booked</td><td>The indicated appointment is booked</td><td>2.9</td><td/><td/><td/></tr><tr><td style=\"white-space:nowrap\">CANCELLED<a name=\"v2-0278-CANCELLED\"> </a></td><td>Cancelled</td><td>The indicated appointment was stopped from occurring (cancelled prior to starting)</td><td>2.9</td><td/><td/><td/></tr><tr><td style=\"white-space:nowrap\">COMPLETE<a name=\"v2-0278-COMPLETE\"> </a></td><td>Complete</td><td>The indicated appointment has completed normally (was not discontinued, canceled, or deleted)</td><td>2.9</td><td/><td/><td/></tr><tr><td style=\"white-space:nowrap\">DELETED<a name=\"v2-0278-DELETED\"> </a></td><td>Deleted</td><td>The indicated appointment was deleted from the filler application</td><td>2.9</td><td/><td/><td/></tr><tr><td style=\"white-space:nowrap\">OVERBOOK<a name=\"v2-0278-OVERBOOK\"> </a></td><td>Overbook</td><td>The appointment has been confirmed; however it is confirmed in an overbooked state</td><td>2.9</td><td/><td/><td/></tr><tr><td style=\"white-space:nowrap\">PENDING<a name=\"v2-0278-PENDING\"> </a></td><td>Pending</td><td>Appointment has not yet been confirmed</td><td>2.9</td><td/><td/><td/></tr><tr><td style=\"white-space:nowrap\">STARTED<a name=\"v2-0278-STARTED\"> </a></td><td>Started</td><td>The indicated appointment has begun and is currently in progress</td><td>2.9</td><td/><td/><td/></tr><tr><td style=\"white-space:nowrap\">WAITLIST<a name=\"v2-0278-WAITLIST\"> </a></td><td>Waitlist</td><td>Appointment has been placed on a waiting list for a paricular slot, or set of slots</td><td>2.9</td><td/><td/><td/></tr><tr><td style=\"white-space:nowrap\">Pending<a name=\"v2-0278-Pending\"> </a></td><td>Pending</td><td>Appointment has not yet been confirmed</td><td/><td/><td/><td/></tr><tr><td style=\"white-space:nowrap\">Waitlist<a name=\"v2-0278-Waitlist\"> </a></td><td>Waitlist</td><td>Appointment has been placed on a waiting list for a particular slot, or set of slots</td><td/><td/><td/><td/></tr><tr><td style=\"white-space:nowrap\">Booked<a name=\"v2-0278-Booked\"> </a></td><td>Booked</td><td>The indicated appointment is booked</td><td/><td/><td/><td/></tr><tr><td style=\"white-space:nowrap\">Started<a name=\"v2-0278-Started\"> </a></td><td>Started</td><td>The indicated appointment has begun and is currently in progress</td><td/><td/><td/><td/></tr><tr><td style=\"white-space:nowrap\">Complete<a name=\"v2-0278-Complete\"> </a></td><td>Complete</td><td>The indicated appointment has completed normally (was not discontinued, canceled, or deleted)</td><td/><td/><td/><td/></tr><tr><td style=\"white-space:nowrap\">Cancelled<a name=\"v2-0278-Cancelled\"> </a></td><td>Cancelled</td><td>The indicated appointment was stopped from occurring (canceled prior to starting)</td><td/><td/><td/><td/></tr><tr><td style=\"white-space:nowrap\">DC<a name=\"v2-0278-DC\"> </a></td><td>Discontinued</td><td>The indicated appointment was discontinued (DC’ed while in progress, discontinued parent appointment, or discontinued child appointment)</td><td/><td>Replaced by code 'Discontinued'</td><td/><td/></tr><tr><td style=\"white-space:nowrap\">Discontinued<a name=\"v2-0278-Discontinued\"> </a></td><td>Discontinued</td><td>The indicated appointment was discontinued (DC’ed while in progress, discontinued parent appointment, or discontinued child appointment)</td><td/><td/><td/><td/></tr><tr><td style=\"white-space:nowrap\">Deleted<a name=\"v2-0278-Deleted\"> </a></td><td>Deleted</td><td>The indicated appointment was deleted from the filler application</td><td/><td/><td/><td/></tr><tr><td style=\"white-space:nowrap\">Blocked<a name=\"v2-0278-Blocked\"> </a></td><td>Blocked</td><td>The indicated time slot(s) is(are) blocked</td><td/><td/><td/><td/></tr><tr><td style=\"white-space:nowrap\">Overbook<a name=\"v2-0278-Overbook\"> </a></td><td>Overbook</td><td>The appointment has been confirmed; however it is confirmed in an overbooked state</td><td/><td/><td/><td/></tr><tr><td style=\"white-space:nowrap\">Noshow<a name=\"v2-0278-Noshow\"> </a></td><td>Noshow</td><td>The patient did not show up for the appointment</td><td/><td/><td/><td/></tr></table></div>"},"url":"http://terminology.hl7.org/CodeSystem/v2-0278","identifier":[{"system":"urn:ietf:rfc:3986","value":"urn:oid:2.16.840.1.113883.18.171"}],"version":"2.2.0","name":"FillerStatus","title":"fillerStatus","status":"active","experimental":false,"date":"2019-12-01","publisher":"HL7, Inc","contact":[{"telecom":[{"system":"url","value":"http://www.hl7.org/"}]}],"description":"Code system of concepts used to describe an appointment status from the perspective of the entity assigned to fulfill the appointment.  Used in HL7 Version 2.x messaging in the SCH segment.","purpose":"Underlying Master Code System for V2 table 0278 (Filler status codes)","copyright":"Copyright HL7. Licensed under creative commons public domain","caseSensitive":true,"valueSet":"http://terminology.hl7.org/ValueSet/v2-0278","hierarchyMeaning":"is-a","compositional":false,"versionNeeded":false,"content":"complete","property":[{"code":"status","uri":"http://terminology.hl7.org/CodeSystem/utg-concept-properties#status","description":"Status of the concept","type":"code"},{"code":"deprecated","uri":"http://terminology.hl7.org/CodeSystem/utg-concept-properties#v2-table-deprecated","description":"Version of HL7 in which the code was deprecated","type":"code"},{"code":"v2-concComment","uri":"http://terminology.hl7.org/CodeSystem/utg-concept-properties#v2-concComment","description":"V2 Concept Comment","type":"string"},{"code":"v2-concCommentAsPub","uri":"http://terminology.hl7.org/CodeSystem/utg-concept-properties#v2-concCommentAsPub","description":"V2 Concept Comment As Published","type":"string"},{"code":"HL7usageNotes","uri":"http://terminology.hl7.org/CodeSystem/utg-concept-properties#HL7usageNotes","description":"HL7 Concept Usage Notes","type":"string"}],"concept":[{"id":"2680","code":"BLOCKED","display":"Blocked","definition":"The indicated time slot(s) is(are) blocked.","property":[{"code":"v2-concCommentAsPub","valueString":"Not used in the AIS, AIG, AIL, AIP segments."},{"code":"HL7usageNotes","valueString":"Not used in the AIS, AIG, AIL, AIP segments."},{"code":"deprecated","valueCode":"2.9"},{"code":"status","valueCode":"D"}]},{"id":"2681","code":"BOOKED","display":"Booked","definition":"The indicated appointment is booked","property":[{"code":"deprecated","valueCode":"2.9"},{"code":"status","valueCode":"A"}]},{"id":"2682","code":"CANCELLED","display":"Cancelled","definition":"The indicated appointment was stopped from occurring (cancelled prior to starting)","property":[{"code":"deprecated","valueCode":"2.9"},{"code":"status","valueCode":"A"}]},{"id":"2683","code":"COMPLETE","display":"Complete","definition":"The indicated appointment has completed normally (was not discontinued, canceled, or deleted)","property":[{"code":"deprecated","valueCode":"2.9"},{"code":"status","valueCode":"A"}]},{"id":"2684","code":"DELETED","display":"Deleted","definition":"The indicated appointment was deleted from the filler application","property":[{"code":"deprecated","valueCode":"2.9"},{"code":"status","valueCode":"A"}]},{"id":"2685","code":"OVERBOOK","display":"Overbook","definition":"The appointment has been confirmed; however it is confirmed in an overbooked state","property":[{"code":"deprecated","valueCode":"2.9"},{"code":"status","valueCode":"A"}]},{"id":"2686","code":"PENDING","display":"Pending","definition":"Appointment has not yet been confirmed","property":[{"code":"deprecated","valueCode":"2.9"},{"code":"status","valueCode":"A"}]},{"id":"2687","code":"STARTED","display":"Started","definition":"The indicated appointment has begun and is currently in progress","property":[{"code":"deprecated","valueCode":"2.9"},{"code":"status","valueCode":"A"}]},{"id":"2688","code":"WAITLIST","display":"Waitlist","definition":"Appointment has been placed on a waiting list for a paricular slot, or set of slots","property":[{"code":"deprecated","valueCode":"2.9"},{"code":"status","valueCode":"A"}]},{"id":"2689","code":"Pending","display":"Pending","definition":"Appointment has not yet been confirmed","property":[{"code":"status","valueCode":"A"}]},{"id":"2690","code":"Waitlist","display":"Waitlist","definition":"Appointment has been placed on a waiting list for a particular slot, or set of slots","property":[{"code":"status","valueCode":"A"}]},{"id":"2691","code":"Booked","display":"Booked","definition":"The indicated appointment is booked","property":[{"code":"status","valueCode":"A"}]},{"id":"2692","code":"Started","display":"Started","definition":"The indicated appointment has begun and is currently in progress","property":[{"code":"status","valueCode":"A"}]},{"id":"2693","code":"Complete","display":"Complete","definition":"The indicated appointment has completed normally (was not discontinued, canceled, or deleted)","property":[{"code":"status","valueCode":"A"}]},{"id":"2694","code":"Cancelled","display":"Cancelled","definition":"The indicated appointment was stopped from occurring (canceled prior to starting)","property":[{"code":"status","valueCode":"A"}]},{"id":"2695","code":"DC","display":"Discontinued","definition":"The indicated appointment was discontinued (DC’ed while in progress, discontinued parent appointment, or discontinued child appointment)","property":[{"code":"v2-concComment","valueString":"Replaced by code 'Discontinued'"},{"code":"status","valueCode":"D"}]},{"id":"2696","code":"Discontinued","display":"Discontinued","definition":"The indicated appointment was discontinued (DC’ed while in progress, discontinued parent appointment, or discontinued child appointment)","property":[{"code":"status","valueCode":"A"}]},{"id":"2697","code":"Deleted","display":"Deleted","definition":"The indicated appointment was deleted from the filler application","property":[{"code":"status","valueCode":"A"}]},{"id":"2698","code":"Blocked","display":"Blocked","definition":"The indicated time slot(s) is(are) blocked","property":[{"code":"status","valueCode":"A"}]},{"id":"2699","code":"Overbook","display":"Overbook","definition":"The appointment has been confirmed; however it is confirmed in an overbooked state","property":[{"code":"status","valueCode":"A"}]},{"id":"2700","code":"Noshow","display":"Noshow","definition":"The patient did not show up for the appointment","property":[{"code":"status","valueCode":"A"}]}]}