{"resourceType":"CodeSystem","id":"v2-0085","text":{"status":"generated","div":"<div xmlns=\"http://www.w3.org/1999/xhtml\"><p><b>Properties</b></p><table class=\"grid\"><tr><td><b>Code</b></td><td><b>URL</b></td><td><b>Type</b></td><td><b>Description</b></td></tr><tr><td>status</td><td>http://terminology.hl7.org/CodeSystem/utg-concept-properties#status</td><td>code</td><td>Status of the concept</td></tr><tr><td>deprecated</td><td>http://terminology.hl7.org/CodeSystem/utg-concept-properties#v2-table-deprecated</td><td>code</td><td>Version of HL7 in which the code was deprecated</td></tr><tr><td>v2-concComment</td><td>http://terminology.hl7.org/CodeSystem/utg-concept-properties#v2-concComment</td><td>string</td><td>V2 Concept Comment</td></tr><tr><td>v2-concCommentAsPub</td><td>http://terminology.hl7.org/CodeSystem/utg-concept-properties#v2-concCommentAsPub</td><td>string</td><td>V2 Concept Comment As Published</td></tr></table><p>This code system <code>http://terminology.hl7.org/CodeSystem/v2-0085</code> defines the following codes:</p><table class=\"codes\"><tr><td style=\"white-space:nowrap\"><b>Code</b></td><td><b>Display</b></td><td><b>Definition</b></td><td><b>V2 Concept Comment</b></td><td><b>V2 Concept Comment As Published</b></td></tr><tr><td style=\"white-space:nowrap\">A<a name=\"v2-0085-A\"> </a></td><td>Amended based on adjustments provided by the Placer (Physician) regarding patient demographics (such as age and/or gender or other patient specific information</td><td>Amended based on adjustments provided by the Placer (Physician) regarding patient demographics (such as age and/or gender or other patient specific information</td><td/><td/></tr><tr><td style=\"white-space:nowrap\">B<a name=\"v2-0085-B\"> </a></td><td>Appended Report - Final results reviewed and further information provided for clarity without change to the original result values.</td><td>Appended Report - Final results reviewed and further information provided for clarity without change to the original result values.</td><td/><td/></tr><tr><td style=\"white-space:nowrap\">C<a name=\"v2-0085-C\"> </a></td><td>Record coming over is a correction and thus replaces a final result</td><td>Record coming over is a correction and thus replaces a final result</td><td/><td/></tr><tr><td style=\"white-space:nowrap\">D<a name=\"v2-0085-D\"> </a></td><td>Deletes the OBX record</td><td>Deletes the OBX record</td><td/><td/></tr><tr><td style=\"white-space:nowrap\">F<a name=\"v2-0085-F\"> </a></td><td>Final results</td><td>Final results</td><td/><td/></tr><tr><td style=\"white-space:nowrap\">I<a name=\"v2-0085-I\"> </a></td><td>Specimen in lab; results pending</td><td>Specimen in lab; results pending</td><td/><td/></tr><tr><td style=\"white-space:nowrap\">N<a name=\"v2-0085-N\"> </a></td><td>Not asked; used to affirmatively document that the observation identified in the OBX was not sought when the universal service ID in OBR-4 implies that it would be sought.</td><td>Not asked; used to affirmatively document that the observation identified in the OBX was not sought when the universal service ID in OBR-4 implies that it would be sought.</td><td/><td/></tr><tr><td style=\"white-space:nowrap\">O<a name=\"v2-0085-O\"> </a></td><td>Order detail description only (no result)</td><td>Order detail description only (no result)</td><td/><td/></tr><tr><td style=\"white-space:nowrap\">P<a name=\"v2-0085-P\"> </a></td><td>Preliminary results</td><td>Preliminary results</td><td/><td/></tr><tr><td style=\"white-space:nowrap\">R<a name=\"v2-0085-R\"> </a></td><td>Results entered -- not verified</td><td>Results entered -- not verified</td><td/><td/></tr><tr><td style=\"white-space:nowrap\">S<a name=\"v2-0085-S\"> </a></td><td>Partial results.   Deprecated. Retained only for backward compatibility as of V2.6.</td><td>Partial results.   Deprecated. Retained only for backward compatibility as of V2.6.</td><td>Deprecated.</td><td>Deprecated.</td></tr><tr><td style=\"white-space:nowrap\">V<a name=\"v2-0085-V\"> </a></td><td>Verified - Final results reviewed and confirmed to be correct, no change to result value, normal range or abnormal flag</td><td>Verified - Final results reviewed and confirmed to be correct, no change to result value, normal range or abnormal flag</td><td/><td/></tr><tr><td style=\"white-space:nowrap\">X<a name=\"v2-0085-X\"> </a></td><td>Results cannot be obtained for this observation</td><td>Results cannot be obtained for this observation</td><td/><td/></tr><tr><td style=\"white-space:nowrap\">U<a name=\"v2-0085-U\"> </a></td><td>Results status change to final without retransmitting results already sent as 'preliminary.'  E.g., radiology changes status from preliminary to final</td><td>Results status change to final without retransmitting results already sent as 'preliminary.'  E.g., radiology changes status from preliminary to final</td><td/><td/></tr><tr><td style=\"white-space:nowrap\">W<a name=\"v2-0085-W\"> </a></td><td>Post original as wrong, e.g., transmitted for wrong patient</td><td>Post original as wrong, e.g., transmitted for wrong patient</td><td/><td/></tr></table><p><b>Additional Language Displays</b></p><table class=\"codes\"><tr><td><b>Code</b></td><td><b>Deutsch (German, de)</b></td></tr><tr><td>A</td><td/></tr><tr><td>B</td><td/></tr><tr><td>C</td><td>Korrektur bereits gemeldeter Ergebnisse</td></tr><tr><td>D</td><td>Gemeldete Ergebnisse löschen</td></tr><tr><td>F</td><td>Endergebnis</td></tr><tr><td>I</td><td>Probe im Labor - Ergebnisse stehen an</td></tr><tr><td>N</td><td>ungefragte Übertragung</td></tr><tr><td>O</td><td>Anforderungsbeschreibung (ohne Ergebnisse)</td></tr><tr><td>P</td><td>Vorläufige Ergebnisse</td></tr><tr><td>R</td><td>Nicht validierte Ergebnisse</td></tr><tr><td>S</td><td>Teilergebnisse</td></tr><tr><td>V</td><td/></tr><tr><td>X</td><td>Untersuchung führt zu keinem Ergebnis</td></tr><tr><td>U</td><td>Vorläufiges Ergebnis wird Endergebnis, da keine Änderung</td></tr><tr><td>W</td><td>fehlerhafte Übertragung</td></tr></table></div>"},"extension":[{"url":"http://hl7.org/fhir/StructureDefinition/structuredefinition-wg","valueCode":"oo"}],"url":"http://terminology.hl7.org/CodeSystem/v2-0085","identifier":[{"system":"urn:ietf:rfc:3986","value":"urn:oid:2.16.840.1.113883.18.34"}],"version":"2.5.0","name":"ObservationResultStatusCodesInterpretation","title":"observationResultStatusCodesInterpretation","status":"active","experimental":false,"date":"2019-12-01","publisher":"HL7, Inc","contact":[{"telecom":[{"system":"url","value":"http://www.hl7.org/"}]}],"description":"HL7-defined code system of concepts which specify observation result status. These codes reflect the current completion status of the results for one Observation Identifier.  Used in HL7 Version 2.x messaging in the OBX segment.","purpose":"Underlying Master Code System for V2 table 0085 (Observation Result Status Codes Interpretation)","copyright":"Copyright HL7. Licensed under creative commons public domain","caseSensitive":true,"valueSet":"http://terminology.hl7.org/ValueSet/v2-0085","hierarchyMeaning":"is-a","compositional":false,"versionNeeded":false,"content":"complete","property":[{"code":"status","uri":"http://terminology.hl7.org/CodeSystem/utg-concept-properties#status","description":"Status of the concept","type":"code"},{"code":"deprecated","uri":"http://terminology.hl7.org/CodeSystem/utg-concept-properties#v2-table-deprecated","description":"Version of HL7 in which the code was deprecated","type":"code"},{"code":"v2-concComment","uri":"http://terminology.hl7.org/CodeSystem/utg-concept-properties#v2-concComment","description":"V2 Concept Comment","type":"string"},{"code":"v2-concCommentAsPub","uri":"http://terminology.hl7.org/CodeSystem/utg-concept-properties#v2-concCommentAsPub","description":"V2 Concept Comment As Published","type":"string"}],"concept":[{"id":"1288","code":"A","display":"Amended based on adjustments provided by the Placer (Physician) regarding patient demographics (such as age and/or gender or other patient specific information","definition":"Amended based on adjustments provided by the Placer (Physician) regarding patient demographics (such as age and/or gender or other patient specific information","property":[{"code":"status","valueCode":"A"}]},{"id":"1289","code":"B","display":"Appended Report - Final results reviewed and further information provided for clarity without change to the original result values.","definition":"Appended Report - Final results reviewed and further information provided for clarity without change to the original result values.","property":[{"code":"status","valueCode":"A"}]},{"id":"1290","code":"C","display":"Record coming over is a correction and thus replaces a final result","definition":"Record coming over is a correction and thus replaces a final result","designation":[{"language":"de","use":{"system":"http://terminology.hl7.org/CodeSystem/hl7TermMaintInfra","code":"preferredForLanguage"},"value":"Korrektur bereits gemeldeter Ergebnisse"}],"property":[{"code":"status","valueCode":"A"}]},{"id":"1291","code":"D","display":"Deletes the OBX record","definition":"Deletes the OBX record","designation":[{"language":"de","use":{"system":"http://terminology.hl7.org/CodeSystem/hl7TermMaintInfra","code":"preferredForLanguage"},"value":"Gemeldete Ergebnisse löschen"}],"property":[{"code":"status","valueCode":"A"}]},{"id":"1292","code":"F","display":"Final results","definition":"Final results","designation":[{"language":"de","use":{"system":"http://terminology.hl7.org/CodeSystem/hl7TermMaintInfra","code":"preferredForLanguage"},"value":"Endergebnis"}],"property":[{"code":"status","valueCode":"A"}]},{"id":"1293","code":"I","display":"Specimen in lab; results pending","definition":"Specimen in lab; results pending","designation":[{"language":"de","use":{"system":"http://terminology.hl7.org/CodeSystem/hl7TermMaintInfra","code":"preferredForLanguage"},"value":"Probe im Labor - Ergebnisse stehen an"}],"property":[{"code":"status","valueCode":"A"}]},{"id":"1294","code":"N","display":"Not asked; used to affirmatively document that the observation identified in the OBX was not sought when the universal service ID in OBR-4 implies that it would be sought.","definition":"Not asked; used to affirmatively document that the observation identified in the OBX was not sought when the universal service ID in OBR-4 implies that it would be sought.","designation":[{"language":"de","use":{"system":"http://terminology.hl7.org/CodeSystem/hl7TermMaintInfra","code":"preferredForLanguage"},"value":"ungefragte Übertragung"}],"property":[{"code":"status","valueCode":"A"}]},{"id":"1295","code":"O","display":"Order detail description only (no result)","definition":"Order detail description only (no result)","designation":[{"language":"de","use":{"system":"http://terminology.hl7.org/CodeSystem/hl7TermMaintInfra","code":"preferredForLanguage"},"value":"Anforderungsbeschreibung (ohne Ergebnisse)"}],"property":[{"code":"status","valueCode":"A"}]},{"id":"1296","code":"P","display":"Preliminary results","definition":"Preliminary results","designation":[{"language":"de","use":{"system":"http://terminology.hl7.org/CodeSystem/hl7TermMaintInfra","code":"preferredForLanguage"},"value":"Vorläufige Ergebnisse"}],"property":[{"code":"status","valueCode":"A"}]},{"id":"1297","code":"R","display":"Results entered -- not verified","definition":"Results entered -- not verified","designation":[{"language":"de","use":{"system":"http://terminology.hl7.org/CodeSystem/hl7TermMaintInfra","code":"preferredForLanguage"},"value":"Nicht validierte Ergebnisse"}],"property":[{"code":"status","valueCode":"A"}]},{"id":"1298","code":"S","display":"Partial results.   Deprecated. Retained only for backward compatibility as of V2.6.","definition":"Partial results.   Deprecated. Retained only for backward compatibility as of V2.6.","designation":[{"language":"de","use":{"system":"http://terminology.hl7.org/CodeSystem/hl7TermMaintInfra","code":"preferredForLanguage"},"value":"Teilergebnisse"}],"property":[{"code":"v2-concComment","valueString":"Deprecated."},{"code":"v2-concCommentAsPub","valueString":"Deprecated."},{"code":"status","valueCode":"A"}]},{"id":"1299","code":"V","display":"Verified - Final results reviewed and confirmed to be correct, no change to result value, normal range or abnormal flag","definition":"Verified - Final results reviewed and confirmed to be correct, no change to result value, normal range or abnormal flag","property":[{"code":"status","valueCode":"A"}]},{"id":"1300","code":"X","display":"Results cannot be obtained for this observation","definition":"Results cannot be obtained for this observation","designation":[{"language":"de","use":{"system":"http://terminology.hl7.org/CodeSystem/hl7TermMaintInfra","code":"preferredForLanguage"},"value":"Untersuchung führt zu keinem Ergebnis"}],"property":[{"code":"status","valueCode":"A"}]},{"id":"1301","code":"U","display":"Results status change to final without retransmitting results already sent as 'preliminary.'  E.g., radiology changes status from preliminary to final","definition":"Results status change to final without retransmitting results already sent as 'preliminary.'  E.g., radiology changes status from preliminary to final","designation":[{"language":"de","use":{"system":"http://terminology.hl7.org/CodeSystem/hl7TermMaintInfra","code":"preferredForLanguage"},"value":"Vorläufiges Ergebnis wird Endergebnis, da keine Änderung"}],"property":[{"code":"status","valueCode":"A"}]},{"id":"1302","code":"W","display":"Post original as wrong, e.g., transmitted for wrong patient","definition":"Post original as wrong, e.g., transmitted for wrong patient","designation":[{"language":"de","use":{"system":"http://terminology.hl7.org/CodeSystem/hl7TermMaintInfra","code":"preferredForLanguage"},"value":"fehlerhafte Übertragung"}],"property":[{"code":"status","valueCode":"A"}]}]}