{"resourceType":"CodeSystem","id":"v2-0027","text":{"status":"generated","div":"<div xmlns=\"http://www.w3.org/1999/xhtml\"><p><b>Properties</b></p><table class=\"grid\"><tr><td><b>Code</b></td><td><b>URL</b></td><td><b>Type</b></td><td><b>Description</b></td></tr><tr><td>status</td><td>http://terminology.hl7.org/CodeSystem/utg-concept-properties#status</td><td>code</td><td>Status of the concept</td></tr><tr><td>deprecated</td><td>http://terminology.hl7.org/CodeSystem/utg-concept-properties#v2-table-deprecated</td><td>code</td><td>Version of HL7 in which the code was deprecated</td></tr></table><p>This code system <code>http://terminology.hl7.org/CodeSystem/v2-0027</code> defines the following codes:</p><table class=\"codes\"><tr><td style=\"white-space:nowrap\"><b>Code</b></td><td><b>Display</b></td><td><b>Definition</b></td></tr><tr><td style=\"white-space:nowrap\">S<a name=\"v2-0027-S\"> </a></td><td>Stat (do immediately)</td><td>Stat (do immediately)</td></tr><tr><td style=\"white-space:nowrap\">A<a name=\"v2-0027-A\"> </a></td><td>As soon as possible (a priority lower than stat)</td><td>As soon as possible (a priority lower than stat)</td></tr><tr><td style=\"white-space:nowrap\">R<a name=\"v2-0027-R\"> </a></td><td>Routine</td><td>Routine</td></tr><tr><td style=\"white-space:nowrap\">P<a name=\"v2-0027-P\"> </a></td><td>Preoperative (to be done prior to surgery)</td><td>Preoperative (to be done prior to surgery)</td></tr><tr><td style=\"white-space:nowrap\">T<a name=\"v2-0027-T\"> </a></td><td>Timing critical (do as near as possible to requested time)</td><td>Timing critical (do as near as possible to requested time)</td></tr></table><p><b>Additional Language Displays</b></p><table class=\"codes\"><tr><td><b>Code</b></td><td><b>Deutsch (German, de)</b></td></tr><tr><td>S</td><td>sofort</td></tr><tr><td>A</td><td>schnellstmöglich</td></tr><tr><td>R</td><td>Routine</td></tr><tr><td>P</td><td>präoperativ</td></tr><tr><td>T</td><td>zum vereinbarten Zeitpunkt</td></tr></table></div>"},"extension":[{"url":"http://hl7.org/fhir/StructureDefinition/structuredefinition-wg","valueCode":"inm"},{"url":"http://hl7.org/fhir/StructureDefinition/structuredefinition-wg","valueCode":"oo"}],"url":"http://terminology.hl7.org/CodeSystem/v2-0027","identifier":[{"system":"urn:ietf:rfc:3986","value":"urn:oid:2.16.840.1.113883.18.15"}],"version":"2.2.0","name":"Priority","title":"priority","status":"active","experimental":false,"date":"2019-12-01","publisher":"HL7, Inc","contact":[{"telecom":[{"system":"url","value":"http://www.hl7.org/"}]}],"description":"HL7-defined code system of concepts specifying the allowed priorities for obtaining the specimen.  Used in HL7 Version 2.x messaging in the OM4 segment.","purpose":"Underlying Master Code System for V2 table 0027 (Priority)","copyright":"Copyright HL7. Licensed under creative commons public domain","caseSensitive":true,"valueSet":"http://terminology.hl7.org/ValueSet/v2-0027","hierarchyMeaning":"is-a","compositional":false,"versionNeeded":false,"content":"complete","property":[{"code":"status","uri":"http://terminology.hl7.org/CodeSystem/utg-concept-properties#status","description":"Status of the concept","type":"code"},{"code":"deprecated","uri":"http://terminology.hl7.org/CodeSystem/utg-concept-properties#v2-table-deprecated","description":"Version of HL7 in which the code was deprecated","type":"code"}],"concept":[{"id":"674","code":"S","display":"Stat (do immediately)","definition":"Stat (do immediately)","designation":[{"language":"de","use":{"system":"http://terminology.hl7.org/CodeSystem/hl7TermMaintInfra","code":"preferredForLanguage"},"value":"sofort"}],"property":[{"code":"status","valueCode":"A"}]},{"id":"675","code":"A","display":"As soon as possible (a priority lower than stat)","definition":"As soon as possible (a priority lower than stat)","designation":[{"language":"de","use":{"system":"http://terminology.hl7.org/CodeSystem/hl7TermMaintInfra","code":"preferredForLanguage"},"value":"schnellstmöglich"}],"property":[{"code":"status","valueCode":"A"}]},{"id":"676","code":"R","display":"Routine","definition":"Routine","designation":[{"language":"de","use":{"system":"http://terminology.hl7.org/CodeSystem/hl7TermMaintInfra","code":"preferredForLanguage"},"value":"Routine"}],"property":[{"code":"status","valueCode":"A"}]},{"id":"677","code":"P","display":"Preoperative (to be done prior to surgery)","definition":"Preoperative (to be done prior to surgery)","designation":[{"language":"de","use":{"system":"http://terminology.hl7.org/CodeSystem/hl7TermMaintInfra","code":"preferredForLanguage"},"value":"präoperativ"}],"property":[{"code":"status","valueCode":"A"}]},{"id":"678","code":"T","display":"Timing critical (do as near as possible to requested time)","definition":"Timing critical (do as near as possible to requested time)","designation":[{"language":"de","use":{"system":"http://terminology.hl7.org/CodeSystem/hl7TermMaintInfra","code":"preferredForLanguage"},"value":"zum vereinbarten Zeitpunkt"}],"property":[{"code":"status","valueCode":"A"}]}]}