{"resourceType":"CodeSystem","id":"v2-0202","text":{"status":"generated","div":"<div xmlns=\"http://www.w3.org/1999/xhtml\"><p><b>Properties</b></p><table class=\"grid\"><tr><td><b>Code</b></td><td><b>URL</b></td><td><b>Type</b></td><td><b>Description</b></td></tr><tr><td>status</td><td>http://terminology.hl7.org/CodeSystem/utg-concept-properties#status</td><td>code</td><td>Status of the concept</td></tr><tr><td>deprecated</td><td>http://terminology.hl7.org/CodeSystem/utg-concept-properties#v2-table-deprecated</td><td>code</td><td>Version of HL7 in which the code was deprecated</td></tr></table><p>This code system <code>http://terminology.hl7.org/CodeSystem/v2-0202</code> defines the following codes:</p><table class=\"codes\"><tr><td style=\"white-space:nowrap\"><b>Code</b></td><td><b>Display</b></td><td><b>Definition</b></td></tr><tr><td style=\"white-space:nowrap\">PH<a name=\"v2-0202-PH\"> </a></td><td>Telephone</td><td>Telephone</td></tr><tr><td style=\"white-space:nowrap\">FX<a name=\"v2-0202-FX\"> </a></td><td>Fax</td><td>Fax</td></tr><tr><td style=\"white-space:nowrap\">MD<a name=\"v2-0202-MD\"> </a></td><td>Modem</td><td>Modem</td></tr><tr><td style=\"white-space:nowrap\">CP<a name=\"v2-0202-CP\"> </a></td><td>Cellular or Mobile Phone</td><td>Cellular or Mobile Phone</td></tr><tr><td style=\"white-space:nowrap\">SAT<a name=\"v2-0202-SAT\"> </a></td><td>Satellite Phone</td><td>Satellite Phone</td></tr><tr><td style=\"white-space:nowrap\">BP<a name=\"v2-0202-BP\"> </a></td><td>Beeper</td><td>Beeper</td></tr><tr><td style=\"white-space:nowrap\">Internet<a name=\"v2-0202-Internet\"> </a></td><td>Internet Address</td><td>Internet Address</td></tr><tr><td style=\"white-space:nowrap\">X.400<a name=\"v2-0202-X.46400\"> </a></td><td>X.400 email address</td><td>X.400 email address</td></tr><tr><td style=\"white-space:nowrap\">TDD<a name=\"v2-0202-TDD\"> </a></td><td>Telecommunications Device for the Deaf</td><td>Telecommunications Device for the Deaf</td></tr><tr><td style=\"white-space:nowrap\">TTY<a name=\"v2-0202-TTY\"> </a></td><td>Teletypewriter</td><td>Teletypewriter</td></tr></table><p><b>Additional Language Displays</b></p><table class=\"codes\"><tr><td><b>Code</b></td><td><b>Deutsch (German, de)</b></td></tr><tr><td>PH</td><td>Telephon</td></tr><tr><td>FX</td><td>Fax</td></tr><tr><td>MD</td><td>Modem</td></tr><tr><td>CP</td><td>Mobiltelephon</td></tr><tr><td>SAT</td><td>Satellitentelefon</td></tr><tr><td>BP</td><td>Beeper/Pager</td></tr><tr><td>Internet</td><td>Internet</td></tr><tr><td>X.400</td><td>X.400-Nummer</td></tr><tr><td>TDD</td><td/></tr><tr><td>TTY</td><td/></tr></table></div>"},"extension":[{"url":"http://hl7.org/fhir/StructureDefinition/structuredefinition-wg","valueCode":"inm"}],"url":"http://terminology.hl7.org/CodeSystem/v2-0202","identifier":[{"system":"urn:ietf:rfc:3986","value":"urn:oid:2.16.840.1.113883.18.107"}],"version":"2.3.0","name":"TelecommunicationEquipmentType","title":"telecommunicationEquipmentType","status":"active","experimental":false,"date":"2019-12-01","publisher":"HL7, Inc","contact":[{"telecom":[{"system":"url","value":"http://www.hl7.org/"}]}],"description":"HL7-defined code system of concepts  for specifying a type of telecommunication equipment.  Best practice is to use this concept whenever a telecommunication number or access string for particular equipment is specified.  Used in HL7 Version 2.x messaging in the XTN segment.","purpose":"Underlying Master Code System for V2 table 0202 (Telecommunication Equipment Type)","copyright":"Copyright HL7. Licensed under creative commons public domain","caseSensitive":true,"valueSet":"http://terminology.hl7.org/ValueSet/v2-0202","hierarchyMeaning":"is-a","compositional":false,"versionNeeded":false,"content":"complete","property":[{"code":"status","uri":"http://terminology.hl7.org/CodeSystem/utg-concept-properties#status","description":"Status of the concept","type":"code"},{"code":"deprecated","uri":"http://terminology.hl7.org/CodeSystem/utg-concept-properties#v2-table-deprecated","description":"Version of HL7 in which the code was deprecated","type":"code"}],"concept":[{"id":"1958","code":"PH","display":"Telephone","definition":"Telephone","designation":[{"language":"de","use":{"system":"http://terminology.hl7.org/CodeSystem/hl7TermMaintInfra","code":"preferredForLanguage"},"value":"Telephon"}],"property":[{"code":"status","valueCode":"A"}]},{"id":"1959","code":"FX","display":"Fax","definition":"Fax","designation":[{"language":"de","use":{"system":"http://terminology.hl7.org/CodeSystem/hl7TermMaintInfra","code":"preferredForLanguage"},"value":"Fax"}],"property":[{"code":"status","valueCode":"A"}]},{"id":"1960","code":"MD","display":"Modem","definition":"Modem","designation":[{"language":"de","use":{"system":"http://terminology.hl7.org/CodeSystem/hl7TermMaintInfra","code":"preferredForLanguage"},"value":"Modem"}],"property":[{"code":"status","valueCode":"A"}]},{"id":"1961","code":"CP","display":"Cellular or Mobile Phone","definition":"Cellular or Mobile Phone","designation":[{"language":"de","use":{"system":"http://terminology.hl7.org/CodeSystem/hl7TermMaintInfra","code":"preferredForLanguage"},"value":"Mobiltelephon"}],"property":[{"code":"status","valueCode":"A"}]},{"id":"1962","code":"SAT","display":"Satellite Phone","definition":"Satellite Phone","designation":[{"language":"de","use":{"system":"http://terminology.hl7.org/CodeSystem/hl7TermMaintInfra","code":"preferredForLanguage"},"value":"Satellitentelefon"}],"property":[{"code":"status","valueCode":"A"}]},{"id":"1963","code":"BP","display":"Beeper","definition":"Beeper","designation":[{"language":"de","use":{"system":"http://terminology.hl7.org/CodeSystem/hl7TermMaintInfra","code":"preferredForLanguage"},"value":"Beeper/Pager"}],"property":[{"code":"status","valueCode":"A"}]},{"id":"1964","code":"Internet","display":"Internet Address","definition":"Internet Address","designation":[{"language":"de","use":{"system":"http://terminology.hl7.org/CodeSystem/hl7TermMaintInfra","code":"preferredForLanguage"},"value":"Internet"}],"property":[{"code":"status","valueCode":"A"}]},{"id":"1965","code":"X.400","display":"X.400 email address","definition":"X.400 email address","designation":[{"language":"de","use":{"system":"http://terminology.hl7.org/CodeSystem/hl7TermMaintInfra","code":"preferredForLanguage"},"value":"X.400-Nummer"}],"property":[{"code":"status","valueCode":"A"}]},{"id":"1966","code":"TDD","display":"Telecommunications Device for the Deaf","definition":"Telecommunications Device for the Deaf","property":[{"code":"status","valueCode":"A"}]},{"id":"1967","code":"TTY","display":"Teletypewriter","definition":"Teletypewriter","property":[{"code":"status","valueCode":"A"}]}]}