{"resourceType":"CodeSystem","id":"v2-0494","text":{"status":"generated","div":"<div xmlns=\"http://www.w3.org/1999/xhtml\"><p><b>Properties</b></p><table class=\"grid\"><tr><td><b>Code</b></td><td><b>URL</b></td><td><b>Type</b></td><td><b>Description</b></td></tr><tr><td>status</td><td>http://terminology.hl7.org/CodeSystem/utg-concept-properties#status</td><td>code</td><td>Status of the concept</td></tr><tr><td>deprecated</td><td>http://terminology.hl7.org/CodeSystem/utg-concept-properties#v2-table-deprecated</td><td>code</td><td>Version of HL7 in which the code was deprecated</td></tr></table><p>This code system <code>http://terminology.hl7.org/CodeSystem/v2-0494</code> defines the following codes:</p><table class=\"codes\"><tr><td style=\"white-space:nowrap\"><b>Code</b></td><td><b>Display</b></td><td><b>Definition</b></td></tr><tr><td style=\"white-space:nowrap\">A<a name=\"v2-0494-A\"> </a></td><td>Aliquot</td><td>Aliquot</td></tr><tr><td style=\"white-space:nowrap\">C<a name=\"v2-0494-C\"> </a></td><td>Component</td><td>Component</td></tr><tr><td style=\"white-space:nowrap\">M<a name=\"v2-0494-M\"> </a></td><td>Modified from original specimen</td><td>Modified from original specimen</td></tr></table></div>"},"extension":[{"url":"http://hl7.org/fhir/StructureDefinition/structuredefinition-wg","valueCode":"oo"}],"url":"http://terminology.hl7.org/CodeSystem/v2-0494","identifier":[{"system":"urn:ietf:rfc:3986","value":"urn:oid:2.16.840.1.113883.18.318"}],"version":"2.1.0","name":"SpecimenChildRole","title":"specimenChildRole","status":"active","experimental":false,"date":"2019-12-01","publisher":"HL7, Inc","contact":[{"telecom":[{"system":"url","value":"http://www.hl7.org/"}]}],"description":"HL7-defined code system of concepts specifying for child specimens the relationship between this specimen and the parent specimen.  Used in HL7 Version 2.x messaging in the SPM segment.","purpose":"Underlying Master Code System for V2 table 0494 (Specimen Child Role)","copyright":"Copyright HL7. Licensed under creative commons public domain","caseSensitive":true,"valueSet":"http://terminology.hl7.org/ValueSet/v2-0494","hierarchyMeaning":"is-a","compositional":false,"versionNeeded":false,"content":"complete","property":[{"code":"status","uri":"http://terminology.hl7.org/CodeSystem/utg-concept-properties#status","description":"Status of the concept","type":"code"},{"code":"deprecated","uri":"http://terminology.hl7.org/CodeSystem/utg-concept-properties#v2-table-deprecated","description":"Version of HL7 in which the code was deprecated","type":"code"}],"concept":[{"id":"5335","code":"A","display":"Aliquot","definition":"Aliquot","property":[{"code":"status","valueCode":"A"}]},{"id":"5336","code":"C","display":"Component","definition":"Component","property":[{"code":"status","valueCode":"A"}]},{"id":"5337","code":"M","display":"Modified from original specimen","definition":"Modified from original specimen","property":[{"code":"status","valueCode":"A"}]}]}