{"resourceType":"CodeSystem","id":"v2-0950","text":{"status":"generated","div":"<div xmlns=\"http://www.w3.org/1999/xhtml\"><p><b>Properties</b></p><table class=\"grid\"><tr><td><b>Code</b></td><td><b>URL</b></td><td><b>Type</b></td><td><b>Description</b></td></tr><tr><td>status</td><td>http://terminology.hl7.org/CodeSystem/utg-concept-properties#status</td><td>code</td><td>Status of the concept</td></tr><tr><td>deprecated</td><td>http://terminology.hl7.org/CodeSystem/utg-concept-properties#v2-table-deprecated</td><td>code</td><td>Version of HL7 in which the code was deprecated</td></tr><tr><td>v2-concComment</td><td>http://terminology.hl7.org/CodeSystem/utg-concept-properties#v2-concComment</td><td>string</td><td>V2 Concept Comment</td></tr><tr><td>HL7usageNotes</td><td>http://terminology.hl7.org/CodeSystem/utg-concept-properties#HL7usageNotes</td><td>string</td><td>HL7 Concept Usage Notes</td></tr></table><p>This code system <code>http://terminology.hl7.org/CodeSystem/v2-0950</code> defines the following codes:</p><table class=\"codes\"><tr><td style=\"white-space:nowrap\"><b>Code</b></td><td><b>Display</b></td><td><b>Definition</b></td><td><b>V2 Concept Comment</b></td><td><b>HL7 Concept Usage Notes</b></td></tr><tr><td style=\"white-space:nowrap\">EOE<a name=\"v2-0950-EOE\"> </a></td><td>Expiration on event</td><td>The order status auto-expires when a specified event occurs</td><td/><td/></tr><tr><td style=\"white-space:nowrap\">EOT<a name=\"v2-0950-EOT\"> </a></td><td>Expiration on time</td><td>The order status is timed and will auto-expire once the prescribed  time interval has passed</td><td>For example this code would be used to indicate that the order is not currently being worked on but has been placed on a time limited hold awaiting a replacement order. If the hold time expires, default processing will resume.</td><td>Filler Applications:\nIn an order replacement setting, sent in recommendation for order replacement message (OML), where ORC-5 = HD, indicating that the hold for a response to the recommendation is timed.</td></tr></table></div>"},"extension":[{"url":"http://hl7.org/fhir/StructureDefinition/structuredefinition-wg","valueCode":"oo"}],"url":"http://terminology.hl7.org/CodeSystem/v2-0950","identifier":[{"system":"urn:ietf:rfc:3986","value":"urn:oid:2.16.840.1.113883.18.450"}],"version":"2.1.0","name":"OrderStatusModifier","title":"orderStatusModifier","status":"active","experimental":false,"date":"2019-12-01","publisher":"HL7, Inc","contact":[{"telecom":[{"system":"url","value":"http://www.hl7.org/"}]}],"description":"HL7-defined code system of concepts used to further define the status identified in ORC-5.  Used in HL7 Version 2 messaging in the ORC segment.","purpose":"Underlying Master Code System for V2 table 0950 (Order Status Modifier)","copyright":"Copyright HL7. Licensed under creative commons public domain","caseSensitive":true,"valueSet":"http://terminology.hl7.org/ValueSet/v2-0950","hierarchyMeaning":"is-a","compositional":false,"versionNeeded":false,"content":"complete","property":[{"code":"status","uri":"http://terminology.hl7.org/CodeSystem/utg-concept-properties#status","description":"Status of the concept","type":"code"},{"code":"deprecated","uri":"http://terminology.hl7.org/CodeSystem/utg-concept-properties#v2-table-deprecated","description":"Version of HL7 in which the code was deprecated","type":"code"},{"code":"v2-concComment","uri":"http://terminology.hl7.org/CodeSystem/utg-concept-properties#v2-concComment","description":"V2 Concept Comment","type":"string"},{"code":"HL7usageNotes","uri":"http://terminology.hl7.org/CodeSystem/utg-concept-properties#HL7usageNotes","description":"HL7 Concept Usage Notes","type":"string"}],"concept":[{"id":"6773","code":"EOE","display":"Expiration on event","definition":"The order status auto-expires when a specified event occurs","property":[{"code":"status","valueCode":"N"}]},{"id":"6774","code":"EOT","display":"Expiration on time","definition":"The order status is timed and will auto-expire once the prescribed  time interval has passed","property":[{"code":"v2-concComment","valueString":"For example this code would be used to indicate that the order is not currently being worked on but has been placed on a time limited hold awaiting a replacement order. If the hold time expires, default processing will resume."},{"code":"HL7usageNotes","valueString":"Filler Applications:\nIn an order replacement setting, sent in recommendation for order replacement message (OML), where ORC-5 = HD, indicating that the hold for a response to the recommendation is timed."},{"code":"status","valueCode":"N"}]}]}