{"resourceType":"CodeSystem","id":"v2-0108","text":{"status":"generated","div":"<div xmlns=\"http://www.w3.org/1999/xhtml\"><p><b>Properties</b></p><table class=\"grid\"><tr><td><b>Code</b></td><td><b>URL</b></td><td><b>Type</b></td><td><b>Description</b></td></tr><tr><td>status</td><td>http://terminology.hl7.org/CodeSystem/utg-concept-properties#status</td><td>code</td><td>Status of the concept</td></tr><tr><td>deprecated</td><td>http://terminology.hl7.org/CodeSystem/utg-concept-properties#v2-table-deprecated</td><td>code</td><td>Version of HL7 in which the code was deprecated</td></tr></table><p>This code system <code>http://terminology.hl7.org/CodeSystem/v2-0108</code> defines the following codes:</p><table class=\"codes\"><tr><td style=\"white-space:nowrap\"><b>Code</b></td><td><b>Display</b></td><td><b>Definition</b></td></tr><tr><td style=\"white-space:nowrap\">O<a name=\"v2-0108-O\"> </a></td><td>Order plus order status</td><td>Order plus order status</td></tr><tr><td style=\"white-space:nowrap\">R<a name=\"v2-0108-R\"> </a></td><td>Results without bulk text</td><td>Results without bulk text</td></tr><tr><td style=\"white-space:nowrap\">S<a name=\"v2-0108-S\"> </a></td><td>Status only</td><td>Status only</td></tr><tr><td style=\"white-space:nowrap\">T<a name=\"v2-0108-T\"> </a></td><td>Full results</td><td>Full results</td></tr></table><p><b>Additional Language Displays</b></p><table class=\"codes\"><tr><td><b>Code</b></td><td><b>Deutsch (German, de)</b></td></tr><tr><td>O</td><td>Auftrag und Auftragsstatus</td></tr><tr><td>R</td><td>Ergebnisse / Befunde ohne umfänglichen Text</td></tr><tr><td>S</td><td>nur Statusinformation</td></tr><tr><td>T</td><td>Komplette Ergebnisse / Befunde</td></tr></table></div>"},"url":"http://terminology.hl7.org/CodeSystem/v2-0108","identifier":[{"system":"urn:ietf:rfc:3986","value":"urn:oid:2.16.840.1.113883.18.45"}],"version":"2.2.0","name":"QueryResultsLevel","title":"queryResultsLevel","status":"active","experimental":false,"date":"2019-12-01","publisher":"HL7, Inc","contact":[{"telecom":[{"system":"url","value":"http://www.hl7.org/"}]}],"description":"HL7-defined code system of concepts which are used to control level of detail in query results.   Used in HL7 Version 2 messaging in the URD segment.","purpose":"Underlying Master Code System for V2 table 0108 (Query results level)","copyright":"Copyright HL7. Licensed under creative commons public domain","caseSensitive":true,"valueSet":"http://terminology.hl7.org/ValueSet/v2-0108","hierarchyMeaning":"is-a","compositional":false,"versionNeeded":false,"content":"complete","property":[{"code":"status","uri":"http://terminology.hl7.org/CodeSystem/utg-concept-properties#status","description":"Status of the concept","type":"code"},{"code":"deprecated","uri":"http://terminology.hl7.org/CodeSystem/utg-concept-properties#v2-table-deprecated","description":"Version of HL7 in which the code was deprecated","type":"code"}],"concept":[{"id":"1346","code":"O","display":"Order plus order status","definition":"Order plus order status","designation":[{"language":"de","use":{"system":"http://terminology.hl7.org/CodeSystem/hl7TermMaintInfra","code":"preferredForLanguage"},"value":"Auftrag und Auftragsstatus"}],"property":[{"code":"status","valueCode":"A"}]},{"id":"1347","code":"R","display":"Results without bulk text","definition":"Results without bulk text","designation":[{"language":"de","use":{"system":"http://terminology.hl7.org/CodeSystem/hl7TermMaintInfra","code":"preferredForLanguage"},"value":"Ergebnisse / Befunde ohne umfänglichen Text"}],"property":[{"code":"status","valueCode":"A"}]},{"id":"1348","code":"S","display":"Status only","definition":"Status only","designation":[{"language":"de","use":{"system":"http://terminology.hl7.org/CodeSystem/hl7TermMaintInfra","code":"preferredForLanguage"},"value":"nur Statusinformation"}],"property":[{"code":"status","valueCode":"A"}]},{"id":"1349","code":"T","display":"Full results","definition":"Full results","designation":[{"language":"de","use":{"system":"http://terminology.hl7.org/CodeSystem/hl7TermMaintInfra","code":"preferredForLanguage"},"value":"Komplette Ergebnisse / Befunde"}],"property":[{"code":"status","valueCode":"A"}]}]}