{"resourceType":"CodeSystem","id":"v2-0251","text":{"status":"generated","div":"<div xmlns=\"http://www.w3.org/1999/xhtml\"><p><b>Properties</b></p><table class=\"grid\"><tr><td><b>Code</b></td><td><b>URL</b></td><td><b>Type</b></td><td><b>Description</b></td></tr><tr><td>status</td><td>http://terminology.hl7.org/CodeSystem/utg-concept-properties#status</td><td>code</td><td>Status of the concept</td></tr><tr><td>deprecated</td><td>http://terminology.hl7.org/CodeSystem/utg-concept-properties#v2-table-deprecated</td><td>code</td><td>Version of HL7 in which the code was deprecated</td></tr></table><p>This code system <code>http://terminology.hl7.org/CodeSystem/v2-0251</code> defines the following codes:</p><table class=\"codes\"><tr><td style=\"white-space:nowrap\"><b>Code</b></td><td><b>Display</b></td><td><b>Definition</b></td></tr><tr><td style=\"white-space:nowrap\">WP<a name=\"v2-0251-WP\"> </a></td><td>Product withdrawn permanently</td><td>Product withdrawn permanently</td></tr><tr><td style=\"white-space:nowrap\">WT<a name=\"v2-0251-WT\"> </a></td><td>Product withdrawn temporarily</td><td>Product withdrawn temporarily</td></tr><tr><td style=\"white-space:nowrap\">DR<a name=\"v2-0251-DR\"> </a></td><td>Product dose or frequency of use reduced</td><td>Product dose or frequency of use reduced</td></tr><tr><td style=\"white-space:nowrap\">DI<a name=\"v2-0251-DI\"> </a></td><td>Product dose or frequency of use increased</td><td>Product dose or frequency of use increased</td></tr><tr><td style=\"white-space:nowrap\">OT<a name=\"v2-0251-OT\"> </a></td><td>Other</td><td>Other</td></tr><tr><td style=\"white-space:nowrap\">N<a name=\"v2-0251-N\"> </a></td><td>None</td><td>None</td></tr></table></div>"},"extension":[{"url":"http://hl7.org/fhir/StructureDefinition/structuredefinition-wg","valueCode":"oo"}],"url":"http://terminology.hl7.org/CodeSystem/v2-0251","identifier":[{"system":"urn:ietf:rfc:3986","value":"urn:oid:2.16.840.1.113883.18.146"}],"version":"2.1.0","name":"ActionTakenInResponseToTheEvent","title":"actionTakenInResponseToTheEvent","status":"active","experimental":false,"date":"2019-12-01","publisher":"HL7, Inc","contact":[{"telecom":[{"system":"url","value":"http://www.hl7.org/"}]}],"description":"HL7-defined code system of concepts used to define the action taken as a result of an event related to a product issue.  Used in HL7 Version 2.x messaging in the PCR segment.","purpose":"Underlying Master Code System for V2 table 0251 (Action Taken in Response to the Event)","copyright":"Copyright HL7. Licensed under creative commons public domain","caseSensitive":true,"valueSet":"http://terminology.hl7.org/ValueSet/v2-0251","hierarchyMeaning":"is-a","compositional":false,"versionNeeded":false,"content":"complete","property":[{"code":"status","uri":"http://terminology.hl7.org/CodeSystem/utg-concept-properties#status","description":"Status of the concept","type":"code"},{"code":"deprecated","uri":"http://terminology.hl7.org/CodeSystem/utg-concept-properties#v2-table-deprecated","description":"Version of HL7 in which the code was deprecated","type":"code"}],"concept":[{"id":"2362","code":"WP","display":"Product withdrawn permanently","definition":"Product withdrawn permanently","property":[{"code":"status","valueCode":"A"}]},{"id":"2363","code":"WT","display":"Product withdrawn temporarily","definition":"Product withdrawn temporarily","property":[{"code":"status","valueCode":"A"}]},{"id":"2364","code":"DR","display":"Product dose or frequency of use reduced","definition":"Product dose or frequency of use reduced","property":[{"code":"status","valueCode":"A"}]},{"id":"2365","code":"DI","display":"Product dose or frequency of use increased","definition":"Product dose or frequency of use increased","property":[{"code":"status","valueCode":"A"}]},{"id":"2366","code":"OT","display":"Other","definition":"Other","property":[{"code":"status","valueCode":"A"}]},{"id":"2367","code":"N","display":"None","definition":"None","property":[{"code":"status","valueCode":"A"}]}]}