{"resourceType":"CodeSystem","id":"v2-0907","text":{"status":"generated","div":"<div xmlns=\"http://www.w3.org/1999/xhtml\"><p><b>Properties</b></p><table class=\"grid\"><tr><td><b>Code</b></td><td><b>URL</b></td><td><b>Type</b></td><td><b>Description</b></td></tr><tr><td>status</td><td>http://terminology.hl7.org/CodeSystem/utg-concept-properties#status</td><td>code</td><td>Status of the concept</td></tr><tr><td>deprecated</td><td>http://terminology.hl7.org/CodeSystem/utg-concept-properties#v2-table-deprecated</td><td>code</td><td>Version of HL7 in which the code was deprecated</td></tr></table><p>This code system <code>http://terminology.hl7.org/CodeSystem/v2-0907</code> defines the following codes:</p><table class=\"codes\"><tr><td style=\"white-space:nowrap\"><b>Code</b></td><td><b>Display</b></td><td><b>Definition</b></td></tr><tr><td style=\"white-space:nowrap\">B<a name=\"v2-0907-B\"> </a></td><td>Business - Since the service class can represent knowledge structures that may be considered a trade or business secret, there is sometimes (though rarely) the need to flag those items as of business level confidentiality.  However, no patient related inf</td><td>Business – Since the service class can represent knowledge structures that may be considered a trade or business secret, there is sometimes (though rarely) the need to flag those items as of business level confidentiality.  However, no patient related information may ever be of this confidentiality level.</td></tr><tr><td style=\"white-space:nowrap\">D<a name=\"v2-0907-D\"> </a></td><td>Clinician - Only clinicians may see this item, billing and administration persons can not access this item without special permission.</td><td>Clinician - Only clinicians may see this item, billing and administration persons can not access this item without special permission.</td></tr><tr><td style=\"white-space:nowrap\">I<a name=\"v2-0907-I\"> </a></td><td>Individual - Access only to individual persons who are mentioned explicitly as actors of this service and whose actor type warrants that access (cf. to actor typed code).</td><td>Individual - Access only to individual persons who are mentioned explicitly as actors of this service and whose actor type warrants that access (cf. to actor typed code).</td></tr><tr><td style=\"white-space:nowrap\">L<a name=\"v2-0907-L\"> </a></td><td>Low - No patient record item can be of low confidentiality.  However, some service objects are not patient related and therefore may have low confidentiality.</td><td>Low - No patient record item can be of low confidentiality.  However, some service objects are not patient related and therefore may have low confidentiality.</td></tr><tr><td style=\"white-space:nowrap\">N<a name=\"v2-0907-N\"> </a></td><td>Normal - Normal confidentiality rules (according to good health care practice) apply, that is, only authorized individuals with a legitimate medical or business need may access this item.</td><td>Normal - Normal confidentiality rules (according to good health care practice) apply, that is, only authorized individuals with a legitimate medical or business need may access this item.</td></tr><tr><td style=\"white-space:nowrap\">R<a name=\"v2-0907-R\"> </a></td><td>Restricted - Restricted access, e.g. only to providers having a current care relationship to the patient.</td><td>Restricted - Restricted access, e.g. only to providers having a current care relationship to the patient.</td></tr><tr><td style=\"white-space:nowrap\">V<a name=\"v2-0907-V\"> </a></td><td>Very restricted - Very restricted access as declared by the Privacy Officer of the record holder.</td><td>Very restricted - Very restricted access as declared by the Privacy Officer of the record holder.</td></tr><tr><td style=\"white-space:nowrap\">ETH<a name=\"v2-0907-ETH\"> </a></td><td>Substance abuse related - Alcohol/drug-abuse related item</td><td>Substance abuse related - Alcohol/drug-abuse related item</td></tr><tr><td style=\"white-space:nowrap\">HIV<a name=\"v2-0907-HIV\"> </a></td><td>HIV Related - HIV and AIDS related item</td><td>HIV Related - HIV and AIDS related item</td></tr><tr><td style=\"white-space:nowrap\">PSY<a name=\"v2-0907-PSY\"> </a></td><td>Psychiatry related - Psychiatry related item</td><td>Psychiatry related - Psychiatry related item</td></tr><tr><td style=\"white-space:nowrap\">SDV<a name=\"v2-0907-SDV\"> </a></td><td>Sexual and domestic violence related - Sexual assault / domestic violence related item</td><td>Sexual and domestic violence related - Sexual assault / domestic violence related item</td></tr><tr><td style=\"white-space:nowrap\">C<a name=\"v2-0907-C\"> </a></td><td>Celebrity - Celebrities are people of public interest (VIP) including employees, whose information require special protection.</td><td>Celebrity - Celebrities are people of public interest (VIP) including employees, whose information require special protection.</td></tr><tr><td style=\"white-space:nowrap\">S<a name=\"v2-0907-S\"> </a></td><td>Sensitive - Information for which the patient seeks heightened confidentiality.  Sensitive information is not to be shared with family members.  Information reported by the patient about family members is sensitive by default.  Flag can be set or cleared</td><td>Sensitive – Information for which the patient seeks heightened confidentiality.  Sensitive information is not to be shared with family members.  Information reported by the patient about family members is sensitive by default.  Flag can be set or cleared on patient's request.</td></tr><tr><td style=\"white-space:nowrap\">T<a name=\"v2-0907-T\"> </a></td><td>Taboo - Information not to be disclosed or discussed with patient except through physician assigned to patient in this case.  This is usually a temporary constraint only; example use is a new fatal diagnosis or finding, such as malignancy or HIV.</td><td>Taboo - Information not to be disclosed or discussed with patient except through physician assigned to patient in this case.  This is usually a temporary constraint only; example use is a new fatal diagnosis or finding, such as malignancy or HIV.</td></tr></table></div>"},"extension":[{"url":"http://hl7.org/fhir/StructureDefinition/structuredefinition-wg","valueCode":"oo"}],"url":"http://terminology.hl7.org/CodeSystem/v2-0907","identifier":[{"system":"urn:ietf:rfc:3986","value":"urn:oid:2.16.840.1.113883.18.418"}],"version":"2.1.0","name":"Confidentiality","title":"confidentiality","status":"active","experimental":false,"date":"2019-12-01","publisher":"HL7, Inc","contact":[{"telecom":[{"system":"url","value":"http://www.hl7.org/"}]}],"description":"HL7-defined code system of concepts specifying the confidentiality for the shipment.  Used in HL7 Version 2.x messaging in the SHP segment.","purpose":"Underlying Master Code System for V2 table 0907 (Confidentiality)","copyright":"Copyright HL7. Licensed under creative commons public domain","caseSensitive":true,"valueSet":"http://terminology.hl7.org/ValueSet/v2-0907","hierarchyMeaning":"is-a","compositional":false,"versionNeeded":false,"content":"complete","property":[{"code":"status","uri":"http://terminology.hl7.org/CodeSystem/utg-concept-properties#status","description":"Status of the concept","type":"code"},{"code":"deprecated","uri":"http://terminology.hl7.org/CodeSystem/utg-concept-properties#v2-table-deprecated","description":"Version of HL7 in which the code was deprecated","type":"code"}],"concept":[{"id":"6545","code":"B","display":"Business - Since the service class can represent knowledge structures that may be considered a trade or business secret, there is sometimes (though rarely) the need to flag those items as of business level confidentiality.  However, no patient related inf","definition":"Business – Since the service class can represent knowledge structures that may be considered a trade or business secret, there is sometimes (though rarely) the need to flag those items as of business level confidentiality.  However, no patient related information may ever be of this confidentiality level.","property":[{"code":"status","valueCode":"A"}]},{"id":"6546","code":"D","display":"Clinician - Only clinicians may see this item, billing and administration persons can not access this item without special permission.","definition":"Clinician - Only clinicians may see this item, billing and administration persons can not access this item without special permission.","property":[{"code":"status","valueCode":"A"}]},{"id":"6547","code":"I","display":"Individual - Access only to individual persons who are mentioned explicitly as actors of this service and whose actor type warrants that access (cf. to actor typed code).","definition":"Individual - Access only to individual persons who are mentioned explicitly as actors of this service and whose actor type warrants that access (cf. to actor typed code).","property":[{"code":"status","valueCode":"A"}]},{"id":"6548","code":"L","display":"Low - No patient record item can be of low confidentiality.  However, some service objects are not patient related and therefore may have low confidentiality.","definition":"Low - No patient record item can be of low confidentiality.  However, some service objects are not patient related and therefore may have low confidentiality.","property":[{"code":"status","valueCode":"A"}]},{"id":"6549","code":"N","display":"Normal - Normal confidentiality rules (according to good health care practice) apply, that is, only authorized individuals with a legitimate medical or business need may access this item.","definition":"Normal - Normal confidentiality rules (according to good health care practice) apply, that is, only authorized individuals with a legitimate medical or business need may access this item.","property":[{"code":"status","valueCode":"A"}]},{"id":"6550","code":"R","display":"Restricted - Restricted access, e.g. only to providers having a current care relationship to the patient.","definition":"Restricted - Restricted access, e.g. only to providers having a current care relationship to the patient.","property":[{"code":"status","valueCode":"A"}]},{"id":"6551","code":"V","display":"Very restricted - Very restricted access as declared by the Privacy Officer of the record holder.","definition":"Very restricted - Very restricted access as declared by the Privacy Officer of the record holder.","property":[{"code":"status","valueCode":"A"}]},{"id":"6552","code":"ETH","display":"Substance abuse related - Alcohol/drug-abuse related item","definition":"Substance abuse related - Alcohol/drug-abuse related item","property":[{"code":"status","valueCode":"A"}]},{"id":"6553","code":"HIV","display":"HIV Related - HIV and AIDS related item","definition":"HIV Related - HIV and AIDS related item","property":[{"code":"status","valueCode":"A"}]},{"id":"6554","code":"PSY","display":"Psychiatry related - Psychiatry related item","definition":"Psychiatry related - Psychiatry related item","property":[{"code":"status","valueCode":"A"}]},{"id":"6555","code":"SDV","display":"Sexual and domestic violence related - Sexual assault / domestic violence related item","definition":"Sexual and domestic violence related - Sexual assault / domestic violence related item","property":[{"code":"status","valueCode":"A"}]},{"id":"6556","code":"C","display":"Celebrity - Celebrities are people of public interest (VIP) including employees, whose information require special protection.","definition":"Celebrity - Celebrities are people of public interest (VIP) including employees, whose information require special protection.","property":[{"code":"status","valueCode":"A"}]},{"id":"6557","code":"S","display":"Sensitive - Information for which the patient seeks heightened confidentiality.  Sensitive information is not to be shared with family members.  Information reported by the patient about family members is sensitive by default.  Flag can be set or cleared","definition":"Sensitive – Information for which the patient seeks heightened confidentiality.  Sensitive information is not to be shared with family members.  Information reported by the patient about family members is sensitive by default.  Flag can be set or cleared on patient's request.","property":[{"code":"status","valueCode":"A"}]},{"id":"6558","code":"T","display":"Taboo - Information not to be disclosed or discussed with patient except through physician assigned to patient in this case.  This is usually a temporary constraint only; example use is a new fatal diagnosis or finding, such as malignancy or HIV.","definition":"Taboo - Information not to be disclosed or discussed with patient except through physician assigned to patient in this case.  This is usually a temporary constraint only; example use is a new fatal diagnosis or finding, such as malignancy or HIV.","property":[{"code":"status","valueCode":"A"}]}]}