{"resourceType":"CodeSystem","id":"v2-0070","text":{"status":"generated","div":"<div xmlns=\"http://www.w3.org/1999/xhtml\"><p><b>Properties</b></p><table class=\"grid\"><tr><td><b>Code</b></td><td><b>URL</b></td><td><b>Type</b></td><td><b>Description</b></td></tr><tr><td>status</td><td>http://terminology.hl7.org/CodeSystem/utg-concept-properties#status</td><td>code</td><td>Status of the concept</td></tr><tr><td>deprecated</td><td>http://terminology.hl7.org/CodeSystem/utg-concept-properties#v2-table-deprecated</td><td>code</td><td>Version of HL7 in which the code was deprecated</td></tr></table><p>This code system <code>http://terminology.hl7.org/CodeSystem/v2-0070</code> defines the following codes:</p><table class=\"codes\"><tr><td style=\"white-space:nowrap\"><b>Code</b></td><td><b>Display</b></td><td><b>Definition</b></td><td><b>deprecated</b></td></tr><tr><td style=\"white-space:nowrap\">MN<a name=\"v2-0070-MN\"> </a></td><td>Amniotic Fluid</td><td>Amniotic Fluid</td><td>2.6</td></tr><tr><td style=\"white-space:nowrap\">OTH<a name=\"v2-0070-OTH\"> </a></td><td>Other</td><td>Other</td><td>2.6</td></tr><tr><td style=\"white-space:nowrap\">TIS<a name=\"v2-0070-TIS\"> </a></td><td>Tissue</td><td>Tissue</td><td>2.6</td></tr><tr><td style=\"white-space:nowrap\">ABS<a name=\"v2-0070-ABS\"> </a></td><td>Abscess</td><td>Abscess</td><td/></tr><tr><td style=\"white-space:nowrap\">AMN<a name=\"v2-0070-AMN\"> </a></td><td>Amniotic fluid</td><td>Amniotic fluid</td><td/></tr><tr><td style=\"white-space:nowrap\">ASP<a name=\"v2-0070-ASP\"> </a></td><td>Aspirate</td><td>Aspirate</td><td/></tr><tr><td style=\"white-space:nowrap\">BPH<a name=\"v2-0070-BPH\"> </a></td><td>Basophils</td><td>Basophils</td><td/></tr><tr><td style=\"white-space:nowrap\">ABLD<a name=\"v2-0070-ABLD\"> </a></td><td>Arterial blood</td><td>Arterial blood</td><td>2.6</td></tr><tr><td style=\"white-space:nowrap\">BIFL<a name=\"v2-0070-BIFL\"> </a></td><td>Bile fluid</td><td>Bile fluid</td><td/></tr><tr><td style=\"white-space:nowrap\">BLDA<a name=\"v2-0070-BLDA\"> </a></td><td>Blood  arterial</td><td>Blood  arterial</td><td/></tr><tr><td style=\"white-space:nowrap\">BBL<a name=\"v2-0070-BBL\"> </a></td><td>Blood bag</td><td>Blood bag</td><td/></tr><tr><td style=\"white-space:nowrap\">BLDC<a name=\"v2-0070-BLDC\"> </a></td><td>Blood  capillary</td><td>Blood  capillary</td><td/></tr><tr><td style=\"white-space:nowrap\">BPU<a name=\"v2-0070-BPU\"> </a></td><td>Blood product unit</td><td>Blood product unit</td><td/></tr><tr><td style=\"white-space:nowrap\">BLDV<a name=\"v2-0070-BLDV\"> </a></td><td>Blood  venous</td><td>Blood  venous</td><td/></tr><tr><td style=\"white-space:nowrap\">BON<a name=\"v2-0070-BON\"> </a></td><td>Bone</td><td>Bone</td><td/></tr><tr><td style=\"white-space:nowrap\">BRTH<a name=\"v2-0070-BRTH\"> </a></td><td>Breath (use EXHLD)</td><td>Breath (use EXHLD)</td><td/></tr><tr><td style=\"white-space:nowrap\">BRO<a name=\"v2-0070-BRO\"> </a></td><td>Bronchial</td><td>Bronchial</td><td/></tr><tr><td style=\"white-space:nowrap\">BRN<a name=\"v2-0070-BRN\"> </a></td><td>Burn</td><td>Burn</td><td/></tr><tr><td style=\"white-space:nowrap\">CALC<a name=\"v2-0070-CALC\"> </a></td><td>Calculus (=Stone)</td><td>Calculus (=Stone)</td><td/></tr><tr><td style=\"white-space:nowrap\">CDM<a name=\"v2-0070-CDM\"> </a></td><td>Cardiac muscle</td><td>Cardiac muscle</td><td/></tr><tr><td style=\"white-space:nowrap\">CNL<a name=\"v2-0070-CNL\"> </a></td><td>Cannula</td><td>Cannula</td><td/></tr><tr><td style=\"white-space:nowrap\">CTP<a name=\"v2-0070-CTP\"> </a></td><td>Catheter tip</td><td>Catheter tip</td><td/></tr><tr><td style=\"white-space:nowrap\">CSF<a name=\"v2-0070-CSF\"> </a></td><td>Cerebral spinal fluid</td><td>Cerebral spinal fluid</td><td/></tr><tr><td style=\"white-space:nowrap\">CVM<a name=\"v2-0070-CVM\"> </a></td><td>Cervical mucus</td><td>Cervical mucus</td><td/></tr><tr><td style=\"white-space:nowrap\">CVX<a name=\"v2-0070-CVX\"> </a></td><td>Cervix</td><td>Cervix</td><td/></tr><tr><td style=\"white-space:nowrap\">COL<a name=\"v2-0070-COL\"> </a></td><td>Colostrum</td><td>Colostrum</td><td/></tr><tr><td style=\"white-space:nowrap\">CBLD<a name=\"v2-0070-CBLD\"> </a></td><td>Cord blood</td><td>Cord blood</td><td>2.6</td></tr><tr><td style=\"white-space:nowrap\">BLDCO<a name=\"v2-0070-BLDCO\"> </a></td><td>Cord blood</td><td>Cord blood</td><td/></tr><tr><td style=\"white-space:nowrap\">CNJT<a name=\"v2-0070-CNJT\"> </a></td><td>Conjunctiva</td><td>Conjunctiva</td><td/></tr><tr><td style=\"white-space:nowrap\">CUR<a name=\"v2-0070-CUR\"> </a></td><td>Curettage</td><td>Curettage</td><td/></tr><tr><td style=\"white-space:nowrap\">CYST<a name=\"v2-0070-CYST\"> </a></td><td>Cyst</td><td>Cyst</td><td/></tr><tr><td style=\"white-space:nowrap\">DIAF<a name=\"v2-0070-DIAF\"> </a></td><td>Dialysis fluid</td><td>Dialysis fluid</td><td/></tr><tr><td style=\"white-space:nowrap\">DOSE<a name=\"v2-0070-DOSE\"> </a></td><td>Dose med or substance</td><td>Dose med or substance</td><td/></tr><tr><td style=\"white-space:nowrap\">DRN<a name=\"v2-0070-DRN\"> </a></td><td>Drain</td><td>Drain</td><td/></tr><tr><td style=\"white-space:nowrap\">DUFL<a name=\"v2-0070-DUFL\"> </a></td><td>Duodenal fluid</td><td>Duodenal fluid</td><td/></tr><tr><td style=\"white-space:nowrap\">EAR<a name=\"v2-0070-EAR\"> </a></td><td>Ear</td><td>Ear</td><td/></tr><tr><td style=\"white-space:nowrap\">EARW<a name=\"v2-0070-EARW\"> </a></td><td>Ear wax (cerumen)</td><td>Ear wax (cerumen)</td><td/></tr><tr><td style=\"white-space:nowrap\">ELT<a name=\"v2-0070-ELT\"> </a></td><td>Electrode</td><td>Electrode</td><td/></tr><tr><td style=\"white-space:nowrap\">ENDC<a name=\"v2-0070-ENDC\"> </a></td><td>Endocardium</td><td>Endocardium</td><td/></tr><tr><td style=\"white-space:nowrap\">ENDM<a name=\"v2-0070-ENDM\"> </a></td><td>Endometrium</td><td>Endometrium</td><td/></tr><tr><td style=\"white-space:nowrap\">EOS<a name=\"v2-0070-EOS\"> </a></td><td>Eosinophils</td><td>Eosinophils</td><td/></tr><tr><td style=\"white-space:nowrap\">RBC<a name=\"v2-0070-RBC\"> </a></td><td>Erythrocytes</td><td>Erythrocytes</td><td/></tr><tr><td style=\"white-space:nowrap\">EYE<a name=\"v2-0070-EYE\"> </a></td><td>Eye</td><td>Eye</td><td/></tr><tr><td style=\"white-space:nowrap\">EXHLD<a name=\"v2-0070-EXHLD\"> </a></td><td>Exhaled gas (=breath)</td><td>Exhaled gas (=breath)</td><td>2.6</td></tr><tr><td style=\"white-space:nowrap\">EXG<a name=\"v2-0070-EXG\"> </a></td><td>Exhaled gas (=breath)</td><td>Exhaled gas (=breath)</td><td/></tr><tr><td style=\"white-space:nowrap\">FIB<a name=\"v2-0070-FIB\"> </a></td><td>Fibroblasts</td><td>Fibroblasts</td><td/></tr><tr><td style=\"white-space:nowrap\">FLT<a name=\"v2-0070-FLT\"> </a></td><td>Filter</td><td>Filter</td><td/></tr><tr><td style=\"white-space:nowrap\">FIST<a name=\"v2-0070-FIST\"> </a></td><td>Fistula</td><td>Fistula</td><td/></tr><tr><td style=\"white-space:nowrap\">FLU<a name=\"v2-0070-FLU\"> </a></td><td>Body fluid, unsp</td><td>Body fluid, unsp</td><td/></tr><tr><td style=\"white-space:nowrap\">GAS<a name=\"v2-0070-GAS\"> </a></td><td>Gas</td><td>Gas</td><td/></tr><tr><td style=\"white-space:nowrap\">GAST<a name=\"v2-0070-GAST\"> </a></td><td>Gastric fluid/contents</td><td>Gastric fluid/contents</td><td/></tr><tr><td style=\"white-space:nowrap\">GEN<a name=\"v2-0070-GEN\"> </a></td><td>Genital</td><td>Genital</td><td/></tr><tr><td style=\"white-space:nowrap\">GENC<a name=\"v2-0070-GENC\"> </a></td><td>Genital cervix</td><td>Genital cervix</td><td/></tr><tr><td style=\"white-space:nowrap\">GENL<a name=\"v2-0070-GENL\"> </a></td><td>Genital lochia</td><td>Genital lochia</td><td/></tr><tr><td style=\"white-space:nowrap\">GENV<a name=\"v2-0070-GENV\"> </a></td><td>Genital vaginal</td><td>Genital vaginal</td><td/></tr><tr><td style=\"white-space:nowrap\">HAR<a name=\"v2-0070-HAR\"> </a></td><td>Hair</td><td>Hair</td><td/></tr><tr><td style=\"white-space:nowrap\">IHG<a name=\"v2-0070-IHG\"> </a></td><td>Inhaled Gas</td><td>Inhaled Gas</td><td/></tr><tr><td style=\"white-space:nowrap\">IT<a name=\"v2-0070-IT\"> </a></td><td>Intubation tube</td><td>Intubation tube</td><td/></tr><tr><td style=\"white-space:nowrap\">ISLT<a name=\"v2-0070-ISLT\"> </a></td><td>Isolate</td><td>Isolate</td><td/></tr><tr><td style=\"white-space:nowrap\">LAM<a name=\"v2-0070-LAM\"> </a></td><td>Lamella</td><td>Lamella</td><td/></tr><tr><td style=\"white-space:nowrap\">WBC<a name=\"v2-0070-WBC\"> </a></td><td>Leukocytes</td><td>Leukocytes</td><td/></tr><tr><td style=\"white-space:nowrap\">LN<a name=\"v2-0070-LN\"> </a></td><td>Line</td><td>Line</td><td/></tr><tr><td style=\"white-space:nowrap\">LNA<a name=\"v2-0070-LNA\"> </a></td><td>Line arterial</td><td>Line arterial</td><td/></tr><tr><td style=\"white-space:nowrap\">PER<a name=\"v2-0070-PER\"> </a></td><td>Peritoneum</td><td>Peritoneum</td><td>2.6</td></tr><tr><td style=\"white-space:nowrap\">LNV<a name=\"v2-0070-LNV\"> </a></td><td>Line venous</td><td>Line venous</td><td/></tr><tr><td style=\"white-space:nowrap\">LIQ<a name=\"v2-0070-LIQ\"> </a></td><td>Liquid NOS</td><td>Liquid NOS</td><td/></tr><tr><td style=\"white-space:nowrap\">LYM<a name=\"v2-0070-LYM\"> </a></td><td>Lymphocytes</td><td>Lymphocytes</td><td/></tr><tr><td style=\"white-space:nowrap\">MAC<a name=\"v2-0070-MAC\"> </a></td><td>Macrophages</td><td>Macrophages</td><td/></tr><tr><td style=\"white-space:nowrap\">MAR<a name=\"v2-0070-MAR\"> </a></td><td>Marrow</td><td>Marrow</td><td/></tr><tr><td style=\"white-space:nowrap\">MEC<a name=\"v2-0070-MEC\"> </a></td><td>Meconium</td><td>Meconium</td><td/></tr><tr><td style=\"white-space:nowrap\">MBLD<a name=\"v2-0070-MBLD\"> </a></td><td>Menstrual blood</td><td>Menstrual blood</td><td/></tr><tr><td style=\"white-space:nowrap\">MLK<a name=\"v2-0070-MLK\"> </a></td><td>Milk</td><td>Milk</td><td/></tr><tr><td style=\"white-space:nowrap\">MILK<a name=\"v2-0070-MILK\"> </a></td><td>Breast milk</td><td>Breast milk</td><td/></tr><tr><td style=\"white-space:nowrap\">NAIL<a name=\"v2-0070-NAIL\"> </a></td><td>Nail</td><td>Nail</td><td/></tr><tr><td style=\"white-space:nowrap\">NOS<a name=\"v2-0070-NOS\"> </a></td><td>Nose (nasal passage)</td><td>Nose (nasal passage)</td><td/></tr><tr><td style=\"white-space:nowrap\">ORH<a name=\"v2-0070-ORH\"> </a></td><td>Other</td><td>Other</td><td/></tr><tr><td style=\"white-space:nowrap\">PAFL<a name=\"v2-0070-PAFL\"> </a></td><td>Pancreatic fluid</td><td>Pancreatic fluid</td><td/></tr><tr><td style=\"white-space:nowrap\">PAT<a name=\"v2-0070-PAT\"> </a></td><td>Patient</td><td>Patient</td><td/></tr><tr><td style=\"white-space:nowrap\">PRT<a name=\"v2-0070-PRT\"> </a></td><td>Peritoneal fluid /ascites</td><td>Peritoneal fluid /ascites</td><td/></tr><tr><td style=\"white-space:nowrap\">PLC<a name=\"v2-0070-PLC\"> </a></td><td>Placenta</td><td>Placenta</td><td/></tr><tr><td style=\"white-space:nowrap\">PLAS<a name=\"v2-0070-PLAS\"> </a></td><td>Plasma</td><td>Plasma</td><td/></tr><tr><td style=\"white-space:nowrap\">PLB<a name=\"v2-0070-PLB\"> </a></td><td>Plasma bag</td><td>Plasma bag</td><td/></tr><tr><td style=\"white-space:nowrap\">PLR<a name=\"v2-0070-PLR\"> </a></td><td>Pleural fluid (thoracentesis fld)</td><td>Pleural fluid (thoracentesis fld)</td><td/></tr><tr><td style=\"white-space:nowrap\">PMN<a name=\"v2-0070-PMN\"> </a></td><td>Polymorphonuclear neutrophils</td><td>Polymorphonuclear neutrophils</td><td/></tr><tr><td style=\"white-space:nowrap\">PPP<a name=\"v2-0070-PPP\"> </a></td><td>Platelet poor plasma</td><td>Platelet poor plasma</td><td/></tr><tr><td style=\"white-space:nowrap\">PRP<a name=\"v2-0070-PRP\"> </a></td><td>Platelet rich plasma</td><td>Platelet rich plasma</td><td/></tr><tr><td style=\"white-space:nowrap\">PUS<a name=\"v2-0070-PUS\"> </a></td><td>Pus</td><td>Pus</td><td/></tr><tr><td style=\"white-space:nowrap\">TISB<a name=\"v2-0070-TISB\"> </a></td><td>Tissue bone marrow</td><td>Tissue bone marrow</td><td>2.6</td></tr><tr><td style=\"white-space:nowrap\">RT<a name=\"v2-0070-RT\"> </a></td><td>Route of medicine</td><td>Route of medicine</td><td/></tr><tr><td style=\"white-space:nowrap\">SAL<a name=\"v2-0070-SAL\"> </a></td><td>Saliva</td><td>Saliva</td><td/></tr><tr><td style=\"white-space:nowrap\">SEM<a name=\"v2-0070-SEM\"> </a></td><td>Seminal fluid</td><td>Seminal fluid</td><td>2.6</td></tr><tr><td style=\"white-space:nowrap\">TISL<a name=\"v2-0070-TISL\"> </a></td><td>Tissue lung</td><td>Tissue lung</td><td>2.6</td></tr><tr><td style=\"white-space:nowrap\">SMN<a name=\"v2-0070-SMN\"> </a></td><td>Seminal fluid</td><td>Seminal fluid</td><td/></tr><tr><td style=\"white-space:nowrap\">SER<a name=\"v2-0070-SER\"> </a></td><td>Serum</td><td>Serum</td><td/></tr><tr><td style=\"white-space:nowrap\">TISP<a name=\"v2-0070-TISP\"> </a></td><td>Tissue peritoneum</td><td>Tissue peritoneum</td><td>2.6</td></tr><tr><td style=\"white-space:nowrap\">SKN<a name=\"v2-0070-SKN\"> </a></td><td>Skin</td><td>Skin</td><td/></tr><tr><td style=\"white-space:nowrap\">SKM<a name=\"v2-0070-SKM\"> </a></td><td>Skeletal muscle</td><td>Skeletal muscle</td><td/></tr><tr><td style=\"white-space:nowrap\">TISC<a name=\"v2-0070-TISC\"> </a></td><td>Tissue curettage</td><td>Tissue curettage</td><td>2.6</td></tr><tr><td style=\"white-space:nowrap\">SPRM<a name=\"v2-0070-SPRM\"> </a></td><td>Spermatozoa</td><td>Spermatozoa</td><td/></tr><tr><td style=\"white-space:nowrap\">SPT<a name=\"v2-0070-SPT\"> </a></td><td>Sputum</td><td>Sputum</td><td/></tr><tr><td style=\"white-space:nowrap\">SPTC<a name=\"v2-0070-SPTC\"> </a></td><td>Sputum - coughed</td><td>Sputum - coughed</td><td/></tr><tr><td style=\"white-space:nowrap\">SPTT<a name=\"v2-0070-SPTT\"> </a></td><td>Sputum - tracheal aspirate</td><td>Sputum - tracheal aspirate</td><td/></tr><tr><td style=\"white-space:nowrap\">STON<a name=\"v2-0070-STON\"> </a></td><td>Stone (use CALC)</td><td>Stone (use CALC)</td><td/></tr><tr><td style=\"white-space:nowrap\">STL<a name=\"v2-0070-STL\"> </a></td><td>Stool = Fecal</td><td>Stool = Fecal</td><td/></tr><tr><td style=\"white-space:nowrap\">SWT<a name=\"v2-0070-SWT\"> </a></td><td>Sweat</td><td>Sweat</td><td/></tr><tr><td style=\"white-space:nowrap\">SNV<a name=\"v2-0070-SNV\"> </a></td><td>Synovial fluid (Joint fluid)</td><td>Synovial fluid (Joint fluid)</td><td/></tr><tr><td style=\"white-space:nowrap\">TEAR<a name=\"v2-0070-TEAR\"> </a></td><td>Tears</td><td>Tears</td><td/></tr><tr><td style=\"white-space:nowrap\">THRT<a name=\"v2-0070-THRT\"> </a></td><td>Throat</td><td>Throat</td><td/></tr><tr><td style=\"white-space:nowrap\">THRB<a name=\"v2-0070-THRB\"> </a></td><td>Thrombocyte (platelet)</td><td>Thrombocyte (platelet)</td><td/></tr><tr><td style=\"white-space:nowrap\">TISS<a name=\"v2-0070-TISS\"> </a></td><td>Tissue</td><td>Tissue</td><td/></tr><tr><td style=\"white-space:nowrap\">TISG<a name=\"v2-0070-TISG\"> </a></td><td>Tissue gall bladder</td><td>Tissue gall bladder</td><td/></tr><tr><td style=\"white-space:nowrap\">TLGI<a name=\"v2-0070-TLGI\"> </a></td><td>Tissue large intestine</td><td>Tissue large intestine</td><td/></tr><tr><td style=\"white-space:nowrap\">TLNG<a name=\"v2-0070-TLNG\"> </a></td><td>Tissue lung</td><td>Tissue lung</td><td/></tr><tr><td style=\"white-space:nowrap\">TISPL<a name=\"v2-0070-TISPL\"> </a></td><td>Tissue placenta</td><td>Tissue placenta</td><td/></tr><tr><td style=\"white-space:nowrap\">TSMI<a name=\"v2-0070-TSMI\"> </a></td><td>Tissue small intestine</td><td>Tissue small intestine</td><td/></tr><tr><td style=\"white-space:nowrap\">TISU<a name=\"v2-0070-TISU\"> </a></td><td>Tissue ulcer</td><td>Tissue ulcer</td><td/></tr><tr><td style=\"white-space:nowrap\">TUB<a name=\"v2-0070-TUB\"> </a></td><td>Tube NOS</td><td>Tube NOS</td><td/></tr><tr><td style=\"white-space:nowrap\">ULC<a name=\"v2-0070-ULC\"> </a></td><td>Ulcer</td><td>Ulcer</td><td/></tr><tr><td style=\"white-space:nowrap\">UMB<a name=\"v2-0070-UMB\"> </a></td><td>Umbilical blood</td><td>Umbilical blood</td><td/></tr><tr><td style=\"white-space:nowrap\">UMED<a name=\"v2-0070-UMED\"> </a></td><td>Unknown medicine</td><td>Unknown medicine</td><td/></tr><tr><td style=\"white-space:nowrap\">URTH<a name=\"v2-0070-URTH\"> </a></td><td>Urethra</td><td>Urethra</td><td/></tr><tr><td style=\"white-space:nowrap\">UR<a name=\"v2-0070-UR\"> </a></td><td>Urine</td><td>Urine</td><td/></tr><tr><td style=\"white-space:nowrap\">URC<a name=\"v2-0070-URC\"> </a></td><td>Urine clean catch</td><td>Urine clean catch</td><td/></tr><tr><td style=\"white-space:nowrap\">URT<a name=\"v2-0070-URT\"> </a></td><td>Urine catheter</td><td>Urine catheter</td><td/></tr><tr><td style=\"white-space:nowrap\">URNS<a name=\"v2-0070-URNS\"> </a></td><td>Urine sediment</td><td>Urine sediment</td><td/></tr><tr><td style=\"white-space:nowrap\">USUB<a name=\"v2-0070-USUB\"> </a></td><td>Unknown substance</td><td>Unknown substance</td><td/></tr><tr><td style=\"white-space:nowrap\">VITF<a name=\"v2-0070-VITF\"> </a></td><td>Vitreous Fluid</td><td>Vitreous Fluid</td><td/></tr><tr><td style=\"white-space:nowrap\">VOM<a name=\"v2-0070-VOM\"> </a></td><td>Vomitus</td><td>Vomitus</td><td/></tr><tr><td style=\"white-space:nowrap\">BLD<a name=\"v2-0070-BLD\"> </a></td><td>Whole blood</td><td>Whole blood</td><td/></tr><tr><td style=\"white-space:nowrap\">BDY<a name=\"v2-0070-BDY\"> </a></td><td>Whole body</td><td>Whole body</td><td/></tr><tr><td style=\"white-space:nowrap\">WAT<a name=\"v2-0070-WAT\"> </a></td><td>Water</td><td>Water</td><td/></tr><tr><td style=\"white-space:nowrap\">WICK<a name=\"v2-0070-WICK\"> </a></td><td>Wick</td><td>Wick</td><td/></tr><tr><td style=\"white-space:nowrap\">WND<a name=\"v2-0070-WND\"> </a></td><td>Wound</td><td>Wound</td><td/></tr><tr><td style=\"white-space:nowrap\">WNDA<a name=\"v2-0070-WNDA\"> </a></td><td>Wound abscess</td><td>Wound abscess</td><td/></tr><tr><td style=\"white-space:nowrap\">WNDE<a name=\"v2-0070-WNDE\"> </a></td><td>Wound exudate</td><td>Wound exudate</td><td/></tr><tr><td style=\"white-space:nowrap\">WNDD<a name=\"v2-0070-WNDD\"> </a></td><td>Wound drainage</td><td>Wound drainage</td><td/></tr><tr><td style=\"white-space:nowrap\">XXX<a name=\"v2-0070-XXX\"> </a></td><td>To be specified in another part of the message</td><td>To be specified in another part of the message</td><td/></tr></table><p><b>Additional Language Displays</b></p><table class=\"codes\"><tr><td><b>Code</b></td><td><b>Deutsch (German, de)</b></td></tr><tr><td>MN</td><td>Fruchtwasser</td></tr><tr><td>OTH</td><td>Diverse</td></tr><tr><td>TIS</td><td>Gewebe</td></tr><tr><td>ABS</td><td>Abszeß</td></tr><tr><td>AMN</td><td>Fruchtwasser</td></tr><tr><td>ASP</td><td>Aspirationssubstrat</td></tr><tr><td>BPH</td><td>Basophile</td></tr><tr><td>ABLD</td><td>Arterielles Blut</td></tr><tr><td>BIFL</td><td/></tr><tr><td>BLDA</td><td>arterielles Blut</td></tr><tr><td>BBL</td><td>Blutkonserve</td></tr><tr><td>BLDC</td><td>Kapillarblut</td></tr><tr><td>BPU</td><td/></tr><tr><td>BLDV</td><td>venöses Blut</td></tr><tr><td>BON</td><td>Knochen</td></tr><tr><td>BRTH</td><td>Atemluft</td></tr><tr><td>BRO</td><td>Bronchialwege</td></tr><tr><td>BRN</td><td>Brandwunde</td></tr><tr><td>CALC</td><td>Steinchen, Konkrement</td></tr><tr><td>CDM</td><td>Herzmuskel</td></tr><tr><td>CNL</td><td>Kanüle</td></tr><tr><td>CTP</td><td>Katheterspitze</td></tr><tr><td>CSF</td><td>Cerebralflüssigkeit</td></tr><tr><td>CVM</td><td>Cervicalschleim</td></tr><tr><td>CVX</td><td>Zervix</td></tr><tr><td>COL</td><td>Kolostrum, Vormilch</td></tr><tr><td>CBLD</td><td>Nabelschnurblut</td></tr><tr><td>BLDCO</td><td>Nabelschnurblut</td></tr><tr><td>CNJT</td><td>Konjunktiven</td></tr><tr><td>CUR</td><td>Curettagematerial</td></tr><tr><td>CYST</td><td>Zyste</td></tr><tr><td>DIAF</td><td/></tr><tr><td>DOSE</td><td/></tr><tr><td>DRN</td><td>Drainage</td></tr><tr><td>DUFL</td><td/></tr><tr><td>EAR</td><td>Ohr</td></tr><tr><td>EARW</td><td/></tr><tr><td>ELT</td><td>Elektrode</td></tr><tr><td>ENDC</td><td>Endocard</td></tr><tr><td>ENDM</td><td>Endometrium</td></tr><tr><td>EOS</td><td>Eosinophile</td></tr><tr><td>RBC</td><td>Erythrozyten</td></tr><tr><td>EYE</td><td>Auge</td></tr><tr><td>EXHLD</td><td/></tr><tr><td>EXG</td><td/></tr><tr><td>FIB</td><td>Fibroblasten</td></tr><tr><td>FLT</td><td>Filter</td></tr><tr><td>FIST</td><td>Fistel</td></tr><tr><td>FLU</td><td>Körperflüssigkeit (unspezifiziert)</td></tr><tr><td>GAS</td><td>Gas</td></tr><tr><td>GAST</td><td>Magenflüssigkeit</td></tr><tr><td>GEN</td><td>Genitale</td></tr><tr><td>GENC</td><td>Genitale - Cervix</td></tr><tr><td>GENL</td><td>Wochenfluß / Lochien</td></tr><tr><td>GENV</td><td>Genitale - Vagina</td></tr><tr><td>HAR</td><td>Haare</td></tr><tr><td>IHG</td><td>inhaliertes Gas</td></tr><tr><td>IT</td><td>Tubus</td></tr><tr><td>ISLT</td><td/></tr><tr><td>LAM</td><td>Lamellen</td></tr><tr><td>WBC</td><td>Leukozyten</td></tr><tr><td>LN</td><td>Zugang</td></tr><tr><td>LNA</td><td>Arterieller Zugang</td></tr><tr><td>PER</td><td>Peritoneum</td></tr><tr><td>LNV</td><td>Venöser Zugang</td></tr><tr><td>LIQ</td><td/></tr><tr><td>LYM</td><td>Lymphozyten</td></tr><tr><td>MAC</td><td>Makrophagen</td></tr><tr><td>MAR</td><td>Knochenmark</td></tr><tr><td>MEC</td><td>Meconium</td></tr><tr><td>MBLD</td><td>Menstruationsblut</td></tr><tr><td>MLK</td><td>Milch</td></tr><tr><td>MILK</td><td>Brustmilch</td></tr><tr><td>NAIL</td><td>Nagel</td></tr><tr><td>NOS</td><td>Nase (Nasenwege)</td></tr><tr><td>ORH</td><td>Andere</td></tr><tr><td>PAFL</td><td/></tr><tr><td>PAT</td><td>Patient</td></tr><tr><td>PRT</td><td>Peritonealflüssigkeit / Ascites</td></tr><tr><td>PLC</td><td>Placenta</td></tr><tr><td>PLAS</td><td>Plasma</td></tr><tr><td>PLB</td><td>Plasmabeutel</td></tr><tr><td>PLR</td><td>Pleuraflüssigkeit (nach Thoracocentese)</td></tr><tr><td>PMN</td><td>Polymorphkernige Neutrophile</td></tr><tr><td>PPP</td><td/></tr><tr><td>PRP</td><td/></tr><tr><td>PUS</td><td>Eiter</td></tr><tr><td>TISB</td><td>Knochenmarksgewebe</td></tr><tr><td>RT</td><td/></tr><tr><td>SAL</td><td>Speichel</td></tr><tr><td>SEM</td><td>Sperma</td></tr><tr><td>TISL</td><td>Lungengewebe</td></tr><tr><td>SMN</td><td/></tr><tr><td>SER</td><td>Serum</td></tr><tr><td>TISP</td><td>Peritonealgewebe</td></tr><tr><td>SKN</td><td>Haut</td></tr><tr><td>SKM</td><td>Skelettmuskel</td></tr><tr><td>TISC</td><td>Kürettagegewebe</td></tr><tr><td>SPRM</td><td>Spermien</td></tr><tr><td>SPT</td><td>Sputum</td></tr><tr><td>SPTC</td><td>Sputum - Hustenauswurf</td></tr><tr><td>SPTT</td><td>Sputum - tracheal aspiriert</td></tr><tr><td>STON</td><td>Steine</td></tr><tr><td>STL</td><td>Stuhl</td></tr><tr><td>SWT</td><td>Schweiß</td></tr><tr><td>SNV</td><td>Synovialflüssigkeit</td></tr><tr><td>TEAR</td><td>Tränen</td></tr><tr><td>THRT</td><td>Rachanbstrich</td></tr><tr><td>THRB</td><td>Thrombozyten</td></tr><tr><td>TISS</td><td>Gewebe</td></tr><tr><td>TISG</td><td>Gallenblasengewebe</td></tr><tr><td>TLGI</td><td/></tr><tr><td>TLNG</td><td/></tr><tr><td>TISPL</td><td>Placentagewebe</td></tr><tr><td>TSMI</td><td/></tr><tr><td>TISU</td><td>Ulcusgewebe</td></tr><tr><td>TUB</td><td/></tr><tr><td>ULC</td><td>Geschwür</td></tr><tr><td>UMB</td><td>Nabelblut</td></tr><tr><td>UMED</td><td>unbekannte Medizin</td></tr><tr><td>URTH</td><td>Urethra</td></tr><tr><td>UR</td><td>Urin</td></tr><tr><td>URC</td><td>Mittelstrahlurin</td></tr><tr><td>URT</td><td>Katheterurin</td></tr><tr><td>URNS</td><td/></tr><tr><td>USUB</td><td/></tr><tr><td>VITF</td><td/></tr><tr><td>VOM</td><td>Erbrochenes</td></tr><tr><td>BLD</td><td>Gesamtes Blut</td></tr><tr><td>BDY</td><td>Gesamter Körper</td></tr><tr><td>WAT</td><td/></tr><tr><td>WICK</td><td>Zwischengefäß bei Infusoren (?)</td></tr><tr><td>WND</td><td>Wundabstrich</td></tr><tr><td>WNDA</td><td>Wundabszeß</td></tr><tr><td>WNDE</td><td>Wundexsudat</td></tr><tr><td>WNDD</td><td>Wunddrainage</td></tr><tr><td>XXX</td><td/></tr></table></div>"},"url":"http://terminology.hl7.org/CodeSystem/v2-0070","identifier":[{"system":"urn:ietf:rfc:3986","value":"urn:oid:2.16.840.1.113883.18.28"}],"version":"2.6.0","name":"SpecimenSourceCodes","title":"specimenSourceCodes","status":"active","experimental":false,"date":"2019-12-01","publisher":"HL7, Inc","contact":[{"telecom":[{"system":"url","value":"http://www.hl7.org/"}]}],"description":"HL7-defined code system of concepts which specify sources for speciments for clinical testing.  These concepts are used in HL7 Version 2.x messaging in the OBR segment prior to version 2.7, and was replaced by the concepts in code system 2.16.840.1.133883.18.311 specimenType and code system 2.16.840.1.133883.18.312 specimenCollectionMethod as of version 2.5 and thereafter.","purpose":"Underlying Master Code System for V2 table 0070 (Specimen Source Codes)","copyright":"Copyright HL7. Licensed under creative commons public domain","caseSensitive":true,"valueSet":"http://terminology.hl7.org/ValueSet/v2-0070","hierarchyMeaning":"is-a","compositional":false,"versionNeeded":false,"content":"complete","property":[{"code":"status","uri":"http://terminology.hl7.org/CodeSystem/utg-concept-properties#status","description":"Status of the concept","type":"code"},{"code":"deprecated","uri":"http://terminology.hl7.org/CodeSystem/utg-concept-properties#v2-table-deprecated","description":"Version of HL7 in which the code was deprecated","type":"code"}],"concept":[{"id":"899","code":"MN","display":"Amniotic Fluid","definition":"Amniotic Fluid","designation":[{"language":"de","use":{"system":"http://terminology.hl7.org/CodeSystem/hl7TermMaintInfra","code":"preferredForLanguage"},"value":"Fruchtwasser"}],"property":[{"code":"deprecated","valueCode":"2.6"},{"code":"status","valueCode":"A"}]},{"id":"900","code":"OTH","display":"Other","definition":"Other","designation":[{"language":"de","use":{"system":"http://terminology.hl7.org/CodeSystem/hl7TermMaintInfra","code":"preferredForLanguage"},"value":"Diverse"}],"property":[{"code":"deprecated","valueCode":"2.6"},{"code":"status","valueCode":"A"}]},{"id":"901","code":"TIS","display":"Tissue","definition":"Tissue","designation":[{"language":"de","use":{"system":"http://terminology.hl7.org/CodeSystem/hl7TermMaintInfra","code":"preferredForLanguage"},"value":"Gewebe"}],"property":[{"code":"deprecated","valueCode":"2.6"},{"code":"status","valueCode":"A"}]},{"id":"902","code":"ABS","display":"Abscess","definition":"Abscess","designation":[{"language":"de","use":{"system":"http://terminology.hl7.org/CodeSystem/hl7TermMaintInfra","code":"preferredForLanguage"},"value":"Abszeß"}],"property":[{"code":"status","valueCode":"A"}]},{"id":"903","code":"AMN","display":"Amniotic fluid","definition":"Amniotic fluid","designation":[{"language":"de","use":{"system":"http://terminology.hl7.org/CodeSystem/hl7TermMaintInfra","code":"preferredForLanguage"},"value":"Fruchtwasser"}],"property":[{"code":"status","valueCode":"A"}]},{"id":"904","code":"ASP","display":"Aspirate","definition":"Aspirate","designation":[{"language":"de","use":{"system":"http://terminology.hl7.org/CodeSystem/hl7TermMaintInfra","code":"preferredForLanguage"},"value":"Aspirationssubstrat"}],"property":[{"code":"status","valueCode":"A"}]},{"id":"905","code":"BPH","display":"Basophils","definition":"Basophils","designation":[{"language":"de","use":{"system":"http://terminology.hl7.org/CodeSystem/hl7TermMaintInfra","code":"preferredForLanguage"},"value":"Basophile"}],"property":[{"code":"status","valueCode":"A"}]},{"id":"906","code":"ABLD","display":"Arterial blood","definition":"Arterial blood","designation":[{"language":"de","use":{"system":"http://terminology.hl7.org/CodeSystem/hl7TermMaintInfra","code":"preferredForLanguage"},"value":"Arterielles Blut"}],"property":[{"code":"deprecated","valueCode":"2.6"},{"code":"status","valueCode":"A"}]},{"id":"907","code":"BIFL","display":"Bile fluid","definition":"Bile fluid","property":[{"code":"status","valueCode":"A"}]},{"id":"908","code":"BLDA","display":"Blood  arterial","definition":"Blood  arterial","designation":[{"language":"de","use":{"system":"http://terminology.hl7.org/CodeSystem/hl7TermMaintInfra","code":"preferredForLanguage"},"value":"arterielles Blut"}],"property":[{"code":"status","valueCode":"A"}]},{"id":"909","code":"BBL","display":"Blood bag","definition":"Blood bag","designation":[{"language":"de","use":{"system":"http://terminology.hl7.org/CodeSystem/hl7TermMaintInfra","code":"preferredForLanguage"},"value":"Blutkonserve"}],"property":[{"code":"status","valueCode":"A"}]},{"id":"910","code":"BLDC","display":"Blood  capillary","definition":"Blood  capillary","designation":[{"language":"de","use":{"system":"http://terminology.hl7.org/CodeSystem/hl7TermMaintInfra","code":"preferredForLanguage"},"value":"Kapillarblut"}],"property":[{"code":"status","valueCode":"A"}]},{"id":"911","code":"BPU","display":"Blood product unit","definition":"Blood product unit","property":[{"code":"status","valueCode":"A"}]},{"id":"912","code":"BLDV","display":"Blood  venous","definition":"Blood  venous","designation":[{"language":"de","use":{"system":"http://terminology.hl7.org/CodeSystem/hl7TermMaintInfra","code":"preferredForLanguage"},"value":"venöses Blut"}],"property":[{"code":"status","valueCode":"A"}]},{"id":"913","code":"BON","display":"Bone","definition":"Bone","designation":[{"language":"de","use":{"system":"http://terminology.hl7.org/CodeSystem/hl7TermMaintInfra","code":"preferredForLanguage"},"value":"Knochen"}],"property":[{"code":"status","valueCode":"A"}]},{"id":"914","code":"BRTH","display":"Breath (use EXHLD)","definition":"Breath (use EXHLD)","designation":[{"language":"de","use":{"system":"http://terminology.hl7.org/CodeSystem/hl7TermMaintInfra","code":"preferredForLanguage"},"value":"Atemluft"}],"property":[{"code":"status","valueCode":"A"}]},{"id":"915","code":"BRO","display":"Bronchial","definition":"Bronchial","designation":[{"language":"de","use":{"system":"http://terminology.hl7.org/CodeSystem/hl7TermMaintInfra","code":"preferredForLanguage"},"value":"Bronchialwege"}],"property":[{"code":"status","valueCode":"A"}]},{"id":"916","code":"BRN","display":"Burn","definition":"Burn","designation":[{"language":"de","use":{"system":"http://terminology.hl7.org/CodeSystem/hl7TermMaintInfra","code":"preferredForLanguage"},"value":"Brandwunde"}],"property":[{"code":"status","valueCode":"A"}]},{"id":"917","code":"CALC","display":"Calculus (=Stone)","definition":"Calculus (=Stone)","designation":[{"language":"de","use":{"system":"http://terminology.hl7.org/CodeSystem/hl7TermMaintInfra","code":"preferredForLanguage"},"value":"Steinchen, Konkrement"}],"property":[{"code":"status","valueCode":"A"}]},{"id":"918","code":"CDM","display":"Cardiac muscle","definition":"Cardiac muscle","designation":[{"language":"de","use":{"system":"http://terminology.hl7.org/CodeSystem/hl7TermMaintInfra","code":"preferredForLanguage"},"value":"Herzmuskel"}],"property":[{"code":"status","valueCode":"A"}]},{"id":"919","code":"CNL","display":"Cannula","definition":"Cannula","designation":[{"language":"de","use":{"system":"http://terminology.hl7.org/CodeSystem/hl7TermMaintInfra","code":"preferredForLanguage"},"value":"Kanüle"}],"property":[{"code":"status","valueCode":"A"}]},{"id":"920","code":"CTP","display":"Catheter tip","definition":"Catheter tip","designation":[{"language":"de","use":{"system":"http://terminology.hl7.org/CodeSystem/hl7TermMaintInfra","code":"preferredForLanguage"},"value":"Katheterspitze"}],"property":[{"code":"status","valueCode":"A"}]},{"id":"921","code":"CSF","display":"Cerebral spinal fluid","definition":"Cerebral spinal fluid","designation":[{"language":"de","use":{"system":"http://terminology.hl7.org/CodeSystem/hl7TermMaintInfra","code":"preferredForLanguage"},"value":"Cerebralflüssigkeit"}],"property":[{"code":"status","valueCode":"A"}]},{"id":"922","code":"CVM","display":"Cervical mucus","definition":"Cervical mucus","designation":[{"language":"de","use":{"system":"http://terminology.hl7.org/CodeSystem/hl7TermMaintInfra","code":"preferredForLanguage"},"value":"Cervicalschleim"}],"property":[{"code":"status","valueCode":"A"}]},{"id":"923","code":"CVX","display":"Cervix","definition":"Cervix","designation":[{"language":"de","use":{"system":"http://terminology.hl7.org/CodeSystem/hl7TermMaintInfra","code":"preferredForLanguage"},"value":"Zervix"}],"property":[{"code":"status","valueCode":"A"}]},{"id":"924","code":"COL","display":"Colostrum","definition":"Colostrum","designation":[{"language":"de","use":{"system":"http://terminology.hl7.org/CodeSystem/hl7TermMaintInfra","code":"preferredForLanguage"},"value":"Kolostrum, Vormilch"}],"property":[{"code":"status","valueCode":"A"}]},{"id":"925","code":"CBLD","display":"Cord blood","definition":"Cord blood","designation":[{"language":"de","use":{"system":"http://terminology.hl7.org/CodeSystem/hl7TermMaintInfra","code":"preferredForLanguage"},"value":"Nabelschnurblut"}],"property":[{"code":"deprecated","valueCode":"2.6"},{"code":"status","valueCode":"A"}]},{"id":"926","code":"BLDCO","display":"Cord blood","definition":"Cord blood","designation":[{"language":"de","use":{"system":"http://terminology.hl7.org/CodeSystem/hl7TermMaintInfra","code":"preferredForLanguage"},"value":"Nabelschnurblut"}],"property":[{"code":"status","valueCode":"A"}]},{"id":"927","code":"CNJT","display":"Conjunctiva","definition":"Conjunctiva","designation":[{"language":"de","use":{"system":"http://terminology.hl7.org/CodeSystem/hl7TermMaintInfra","code":"preferredForLanguage"},"value":"Konjunktiven"}],"property":[{"code":"status","valueCode":"A"}]},{"id":"928","code":"CUR","display":"Curettage","definition":"Curettage","designation":[{"language":"de","use":{"system":"http://terminology.hl7.org/CodeSystem/hl7TermMaintInfra","code":"preferredForLanguage"},"value":"Curettagematerial"}],"property":[{"code":"status","valueCode":"A"}]},{"id":"929","code":"CYST","display":"Cyst","definition":"Cyst","designation":[{"language":"de","use":{"system":"http://terminology.hl7.org/CodeSystem/hl7TermMaintInfra","code":"preferredForLanguage"},"value":"Zyste"}],"property":[{"code":"status","valueCode":"A"}]},{"id":"930","code":"DIAF","display":"Dialysis fluid","definition":"Dialysis fluid","property":[{"code":"status","valueCode":"A"}]},{"id":"931","code":"DOSE","display":"Dose med or substance","definition":"Dose med or substance","property":[{"code":"status","valueCode":"A"}]},{"id":"932","code":"DRN","display":"Drain","definition":"Drain","designation":[{"language":"de","use":{"system":"http://terminology.hl7.org/CodeSystem/hl7TermMaintInfra","code":"preferredForLanguage"},"value":"Drainage"}],"property":[{"code":"status","valueCode":"A"}]},{"id":"933","code":"DUFL","display":"Duodenal fluid","definition":"Duodenal fluid","property":[{"code":"status","valueCode":"A"}]},{"id":"934","code":"EAR","display":"Ear","definition":"Ear","designation":[{"language":"de","use":{"system":"http://terminology.hl7.org/CodeSystem/hl7TermMaintInfra","code":"preferredForLanguage"},"value":"Ohr"}],"property":[{"code":"status","valueCode":"A"}]},{"id":"935","code":"EARW","display":"Ear wax (cerumen)","definition":"Ear wax (cerumen)","property":[{"code":"status","valueCode":"A"}]},{"id":"936","code":"ELT","display":"Electrode","definition":"Electrode","designation":[{"language":"de","use":{"system":"http://terminology.hl7.org/CodeSystem/hl7TermMaintInfra","code":"preferredForLanguage"},"value":"Elektrode"}],"property":[{"code":"status","valueCode":"A"}]},{"id":"937","code":"ENDC","display":"Endocardium","definition":"Endocardium","designation":[{"language":"de","use":{"system":"http://terminology.hl7.org/CodeSystem/hl7TermMaintInfra","code":"preferredForLanguage"},"value":"Endocard"}],"property":[{"code":"status","valueCode":"A"}]},{"id":"938","code":"ENDM","display":"Endometrium","definition":"Endometrium","designation":[{"language":"de","use":{"system":"http://terminology.hl7.org/CodeSystem/hl7TermMaintInfra","code":"preferredForLanguage"},"value":"Endometrium"}],"property":[{"code":"status","valueCode":"A"}]},{"id":"939","code":"EOS","display":"Eosinophils","definition":"Eosinophils","designation":[{"language":"de","use":{"system":"http://terminology.hl7.org/CodeSystem/hl7TermMaintInfra","code":"preferredForLanguage"},"value":"Eosinophile"}],"property":[{"code":"status","valueCode":"A"}]},{"id":"940","code":"RBC","display":"Erythrocytes","definition":"Erythrocytes","designation":[{"language":"de","use":{"system":"http://terminology.hl7.org/CodeSystem/hl7TermMaintInfra","code":"preferredForLanguage"},"value":"Erythrozyten"}],"property":[{"code":"status","valueCode":"A"}]},{"id":"941","code":"EYE","display":"Eye","definition":"Eye","designation":[{"language":"de","use":{"system":"http://terminology.hl7.org/CodeSystem/hl7TermMaintInfra","code":"preferredForLanguage"},"value":"Auge"}],"property":[{"code":"status","valueCode":"A"}]},{"id":"942","code":"EXHLD","display":"Exhaled gas (=breath)","definition":"Exhaled gas (=breath)","property":[{"code":"deprecated","valueCode":"2.6"},{"code":"status","valueCode":"A"}]},{"id":"943","code":"EXG","display":"Exhaled gas (=breath)","definition":"Exhaled gas (=breath)","property":[{"code":"status","valueCode":"A"}]},{"id":"944","code":"FIB","display":"Fibroblasts","definition":"Fibroblasts","designation":[{"language":"de","use":{"system":"http://terminology.hl7.org/CodeSystem/hl7TermMaintInfra","code":"preferredForLanguage"},"value":"Fibroblasten"}],"property":[{"code":"status","valueCode":"A"}]},{"id":"945","code":"FLT","display":"Filter","definition":"Filter","designation":[{"language":"de","use":{"system":"http://terminology.hl7.org/CodeSystem/hl7TermMaintInfra","code":"preferredForLanguage"},"value":"Filter"}],"property":[{"code":"status","valueCode":"A"}]},{"id":"946","code":"FIST","display":"Fistula","definition":"Fistula","designation":[{"language":"de","use":{"system":"http://terminology.hl7.org/CodeSystem/hl7TermMaintInfra","code":"preferredForLanguage"},"value":"Fistel"}],"property":[{"code":"status","valueCode":"A"}]},{"id":"947","code":"FLU","display":"Body fluid, unsp","definition":"Body fluid, unsp","designation":[{"language":"de","use":{"system":"http://terminology.hl7.org/CodeSystem/hl7TermMaintInfra","code":"preferredForLanguage"},"value":"Körperflüssigkeit (unspezifiziert)"}],"property":[{"code":"status","valueCode":"A"}]},{"id":"948","code":"GAS","display":"Gas","definition":"Gas","designation":[{"language":"de","use":{"system":"http://terminology.hl7.org/CodeSystem/hl7TermMaintInfra","code":"preferredForLanguage"},"value":"Gas"}],"property":[{"code":"status","valueCode":"A"}]},{"id":"949","code":"GAST","display":"Gastric fluid/contents","definition":"Gastric fluid/contents","designation":[{"language":"de","use":{"system":"http://terminology.hl7.org/CodeSystem/hl7TermMaintInfra","code":"preferredForLanguage"},"value":"Magenflüssigkeit"}],"property":[{"code":"status","valueCode":"A"}]},{"id":"950","code":"GEN","display":"Genital","definition":"Genital","designation":[{"language":"de","use":{"system":"http://terminology.hl7.org/CodeSystem/hl7TermMaintInfra","code":"preferredForLanguage"},"value":"Genitale"}],"property":[{"code":"status","valueCode":"A"}]},{"id":"951","code":"GENC","display":"Genital cervix","definition":"Genital cervix","designation":[{"language":"de","use":{"system":"http://terminology.hl7.org/CodeSystem/hl7TermMaintInfra","code":"preferredForLanguage"},"value":"Genitale - Cervix"}],"property":[{"code":"status","valueCode":"A"}]},{"id":"952","code":"GENL","display":"Genital lochia","definition":"Genital lochia","designation":[{"language":"de","use":{"system":"http://terminology.hl7.org/CodeSystem/hl7TermMaintInfra","code":"preferredForLanguage"},"value":"Wochenfluß / Lochien"}],"property":[{"code":"status","valueCode":"A"}]},{"id":"953","code":"GENV","display":"Genital vaginal","definition":"Genital vaginal","designation":[{"language":"de","use":{"system":"http://terminology.hl7.org/CodeSystem/hl7TermMaintInfra","code":"preferredForLanguage"},"value":"Genitale - Vagina"}],"property":[{"code":"status","valueCode":"A"}]},{"id":"954","code":"HAR","display":"Hair","definition":"Hair","designation":[{"language":"de","use":{"system":"http://terminology.hl7.org/CodeSystem/hl7TermMaintInfra","code":"preferredForLanguage"},"value":"Haare"}],"property":[{"code":"status","valueCode":"A"}]},{"id":"955","code":"IHG","display":"Inhaled Gas","definition":"Inhaled Gas","designation":[{"language":"de","use":{"system":"http://terminology.hl7.org/CodeSystem/hl7TermMaintInfra","code":"preferredForLanguage"},"value":"inhaliertes Gas"}],"property":[{"code":"status","valueCode":"A"}]},{"id":"956","code":"IT","display":"Intubation tube","definition":"Intubation tube","designation":[{"language":"de","use":{"system":"http://terminology.hl7.org/CodeSystem/hl7TermMaintInfra","code":"preferredForLanguage"},"value":"Tubus"}],"property":[{"code":"status","valueCode":"A"}]},{"id":"957","code":"ISLT","display":"Isolate","definition":"Isolate","property":[{"code":"status","valueCode":"A"}]},{"id":"958","code":"LAM","display":"Lamella","definition":"Lamella","designation":[{"language":"de","use":{"system":"http://terminology.hl7.org/CodeSystem/hl7TermMaintInfra","code":"preferredForLanguage"},"value":"Lamellen"}],"property":[{"code":"status","valueCode":"A"}]},{"id":"959","code":"WBC","display":"Leukocytes","definition":"Leukocytes","designation":[{"language":"de","use":{"system":"http://terminology.hl7.org/CodeSystem/hl7TermMaintInfra","code":"preferredForLanguage"},"value":"Leukozyten"}],"property":[{"code":"status","valueCode":"A"}]},{"id":"960","code":"LN","display":"Line","definition":"Line","designation":[{"language":"de","use":{"system":"http://terminology.hl7.org/CodeSystem/hl7TermMaintInfra","code":"preferredForLanguage"},"value":"Zugang"}],"property":[{"code":"status","valueCode":"A"}]},{"id":"961","code":"LNA","display":"Line arterial","definition":"Line arterial","designation":[{"language":"de","use":{"system":"http://terminology.hl7.org/CodeSystem/hl7TermMaintInfra","code":"preferredForLanguage"},"value":"Arterieller Zugang"}],"property":[{"code":"status","valueCode":"A"}]},{"id":"962","code":"PER","display":"Peritoneum","definition":"Peritoneum","designation":[{"language":"de","use":{"system":"http://terminology.hl7.org/CodeSystem/hl7TermMaintInfra","code":"preferredForLanguage"},"value":"Peritoneum"}],"property":[{"code":"deprecated","valueCode":"2.6"},{"code":"status","valueCode":"A"}]},{"id":"963","code":"LNV","display":"Line venous","definition":"Line venous","designation":[{"language":"de","use":{"system":"http://terminology.hl7.org/CodeSystem/hl7TermMaintInfra","code":"preferredForLanguage"},"value":"Venöser Zugang"}],"property":[{"code":"status","valueCode":"A"}]},{"id":"964","code":"LIQ","display":"Liquid NOS","definition":"Liquid NOS","property":[{"code":"status","valueCode":"A"}]},{"id":"965","code":"LYM","display":"Lymphocytes","definition":"Lymphocytes","designation":[{"language":"de","use":{"system":"http://terminology.hl7.org/CodeSystem/hl7TermMaintInfra","code":"preferredForLanguage"},"value":"Lymphozyten"}],"property":[{"code":"status","valueCode":"A"}]},{"id":"966","code":"MAC","display":"Macrophages","definition":"Macrophages","designation":[{"language":"de","use":{"system":"http://terminology.hl7.org/CodeSystem/hl7TermMaintInfra","code":"preferredForLanguage"},"value":"Makrophagen"}],"property":[{"code":"status","valueCode":"A"}]},{"id":"967","code":"MAR","display":"Marrow","definition":"Marrow","designation":[{"language":"de","use":{"system":"http://terminology.hl7.org/CodeSystem/hl7TermMaintInfra","code":"preferredForLanguage"},"value":"Knochenmark"}],"property":[{"code":"status","valueCode":"A"}]},{"id":"968","code":"MEC","display":"Meconium","definition":"Meconium","designation":[{"language":"de","use":{"system":"http://terminology.hl7.org/CodeSystem/hl7TermMaintInfra","code":"preferredForLanguage"},"value":"Meconium"}],"property":[{"code":"status","valueCode":"A"}]},{"id":"969","code":"MBLD","display":"Menstrual blood","definition":"Menstrual blood","designation":[{"language":"de","use":{"system":"http://terminology.hl7.org/CodeSystem/hl7TermMaintInfra","code":"preferredForLanguage"},"value":"Menstruationsblut"}],"property":[{"code":"status","valueCode":"A"}]},{"id":"970","code":"MLK","display":"Milk","definition":"Milk","designation":[{"language":"de","use":{"system":"http://terminology.hl7.org/CodeSystem/hl7TermMaintInfra","code":"preferredForLanguage"},"value":"Milch"}],"property":[{"code":"status","valueCode":"A"}]},{"id":"971","code":"MILK","display":"Breast milk","definition":"Breast milk","designation":[{"language":"de","use":{"system":"http://terminology.hl7.org/CodeSystem/hl7TermMaintInfra","code":"preferredForLanguage"},"value":"Brustmilch"}],"property":[{"code":"status","valueCode":"A"}]},{"id":"972","code":"NAIL","display":"Nail","definition":"Nail","designation":[{"language":"de","use":{"system":"http://terminology.hl7.org/CodeSystem/hl7TermMaintInfra","code":"preferredForLanguage"},"value":"Nagel"}],"property":[{"code":"status","valueCode":"A"}]},{"id":"973","code":"NOS","display":"Nose (nasal passage)","definition":"Nose (nasal passage)","designation":[{"language":"de","use":{"system":"http://terminology.hl7.org/CodeSystem/hl7TermMaintInfra","code":"preferredForLanguage"},"value":"Nase (Nasenwege)"}],"property":[{"code":"status","valueCode":"A"}]},{"id":"974","code":"ORH","display":"Other","definition":"Other","designation":[{"language":"de","use":{"system":"http://terminology.hl7.org/CodeSystem/hl7TermMaintInfra","code":"preferredForLanguage"},"value":"Andere"}],"property":[{"code":"status","valueCode":"A"}]},{"id":"975","code":"PAFL","display":"Pancreatic fluid","definition":"Pancreatic fluid","property":[{"code":"status","valueCode":"A"}]},{"id":"976","code":"PAT","display":"Patient","definition":"Patient","designation":[{"language":"de","use":{"system":"http://terminology.hl7.org/CodeSystem/hl7TermMaintInfra","code":"preferredForLanguage"},"value":"Patient"}],"property":[{"code":"status","valueCode":"A"}]},{"id":"977","code":"PRT","display":"Peritoneal fluid /ascites","definition":"Peritoneal fluid /ascites","designation":[{"language":"de","use":{"system":"http://terminology.hl7.org/CodeSystem/hl7TermMaintInfra","code":"preferredForLanguage"},"value":"Peritonealflüssigkeit / Ascites"}],"property":[{"code":"status","valueCode":"A"}]},{"id":"978","code":"PLC","display":"Placenta","definition":"Placenta","designation":[{"language":"de","use":{"system":"http://terminology.hl7.org/CodeSystem/hl7TermMaintInfra","code":"preferredForLanguage"},"value":"Placenta"}],"property":[{"code":"status","valueCode":"A"}]},{"id":"979","code":"PLAS","display":"Plasma","definition":"Plasma","designation":[{"language":"de","use":{"system":"http://terminology.hl7.org/CodeSystem/hl7TermMaintInfra","code":"preferredForLanguage"},"value":"Plasma"}],"property":[{"code":"status","valueCode":"A"}]},{"id":"980","code":"PLB","display":"Plasma bag","definition":"Plasma bag","designation":[{"language":"de","use":{"system":"http://terminology.hl7.org/CodeSystem/hl7TermMaintInfra","code":"preferredForLanguage"},"value":"Plasmabeutel"}],"property":[{"code":"status","valueCode":"A"}]},{"id":"981","code":"PLR","display":"Pleural fluid (thoracentesis fld)","definition":"Pleural fluid (thoracentesis fld)","designation":[{"language":"de","use":{"system":"http://terminology.hl7.org/CodeSystem/hl7TermMaintInfra","code":"preferredForLanguage"},"value":"Pleuraflüssigkeit (nach Thoracocentese)"}],"property":[{"code":"status","valueCode":"A"}]},{"id":"982","code":"PMN","display":"Polymorphonuclear neutrophils","definition":"Polymorphonuclear neutrophils","designation":[{"language":"de","use":{"system":"http://terminology.hl7.org/CodeSystem/hl7TermMaintInfra","code":"preferredForLanguage"},"value":"Polymorphkernige Neutrophile"}],"property":[{"code":"status","valueCode":"A"}]},{"id":"983","code":"PPP","display":"Platelet poor plasma","definition":"Platelet poor plasma","property":[{"code":"status","valueCode":"A"}]},{"id":"984","code":"PRP","display":"Platelet rich plasma","definition":"Platelet rich plasma","property":[{"code":"status","valueCode":"A"}]},{"id":"985","code":"PUS","display":"Pus","definition":"Pus","designation":[{"language":"de","use":{"system":"http://terminology.hl7.org/CodeSystem/hl7TermMaintInfra","code":"preferredForLanguage"},"value":"Eiter"}],"property":[{"code":"status","valueCode":"A"}]},{"id":"986","code":"TISB","display":"Tissue bone marrow","definition":"Tissue bone marrow","designation":[{"language":"de","use":{"system":"http://terminology.hl7.org/CodeSystem/hl7TermMaintInfra","code":"preferredForLanguage"},"value":"Knochenmarksgewebe"}],"property":[{"code":"deprecated","valueCode":"2.6"},{"code":"status","valueCode":"A"}]},{"id":"987","code":"RT","display":"Route of medicine","definition":"Route of medicine","property":[{"code":"status","valueCode":"A"}]},{"id":"988","code":"SAL","display":"Saliva","definition":"Saliva","designation":[{"language":"de","use":{"system":"http://terminology.hl7.org/CodeSystem/hl7TermMaintInfra","code":"preferredForLanguage"},"value":"Speichel"}],"property":[{"code":"status","valueCode":"A"}]},{"id":"989","code":"SEM","display":"Seminal fluid","definition":"Seminal fluid","designation":[{"language":"de","use":{"system":"http://terminology.hl7.org/CodeSystem/hl7TermMaintInfra","code":"preferredForLanguage"},"value":"Sperma"}],"property":[{"code":"deprecated","valueCode":"2.6"},{"code":"status","valueCode":"A"}]},{"id":"990","code":"TISL","display":"Tissue lung","definition":"Tissue lung","designation":[{"language":"de","use":{"system":"http://terminology.hl7.org/CodeSystem/hl7TermMaintInfra","code":"preferredForLanguage"},"value":"Lungengewebe"}],"property":[{"code":"deprecated","valueCode":"2.6"},{"code":"status","valueCode":"A"}]},{"id":"991","code":"SMN","display":"Seminal fluid","definition":"Seminal fluid","property":[{"code":"status","valueCode":"A"}]},{"id":"992","code":"SER","display":"Serum","definition":"Serum","designation":[{"language":"de","use":{"system":"http://terminology.hl7.org/CodeSystem/hl7TermMaintInfra","code":"preferredForLanguage"},"value":"Serum"}],"property":[{"code":"status","valueCode":"A"}]},{"id":"993","code":"TISP","display":"Tissue peritoneum","definition":"Tissue peritoneum","designation":[{"language":"de","use":{"system":"http://terminology.hl7.org/CodeSystem/hl7TermMaintInfra","code":"preferredForLanguage"},"value":"Peritonealgewebe"}],"property":[{"code":"deprecated","valueCode":"2.6"},{"code":"status","valueCode":"A"}]},{"id":"994","code":"SKN","display":"Skin","definition":"Skin","designation":[{"language":"de","use":{"system":"http://terminology.hl7.org/CodeSystem/hl7TermMaintInfra","code":"preferredForLanguage"},"value":"Haut"}],"property":[{"code":"status","valueCode":"A"}]},{"id":"995","code":"SKM","display":"Skeletal muscle","definition":"Skeletal muscle","designation":[{"language":"de","use":{"system":"http://terminology.hl7.org/CodeSystem/hl7TermMaintInfra","code":"preferredForLanguage"},"value":"Skelettmuskel"}],"property":[{"code":"status","valueCode":"A"}]},{"id":"996","code":"TISC","display":"Tissue curettage","definition":"Tissue curettage","designation":[{"language":"de","use":{"system":"http://terminology.hl7.org/CodeSystem/hl7TermMaintInfra","code":"preferredForLanguage"},"value":"Kürettagegewebe"}],"property":[{"code":"deprecated","valueCode":"2.6"},{"code":"status","valueCode":"A"}]},{"id":"997","code":"SPRM","display":"Spermatozoa","definition":"Spermatozoa","designation":[{"language":"de","use":{"system":"http://terminology.hl7.org/CodeSystem/hl7TermMaintInfra","code":"preferredForLanguage"},"value":"Spermien"}],"property":[{"code":"status","valueCode":"A"}]},{"id":"998","code":"SPT","display":"Sputum","definition":"Sputum","designation":[{"language":"de","use":{"system":"http://terminology.hl7.org/CodeSystem/hl7TermMaintInfra","code":"preferredForLanguage"},"value":"Sputum"}],"property":[{"code":"status","valueCode":"A"}]},{"id":"999","code":"SPTC","display":"Sputum - coughed","definition":"Sputum - coughed","designation":[{"language":"de","use":{"system":"http://terminology.hl7.org/CodeSystem/hl7TermMaintInfra","code":"preferredForLanguage"},"value":"Sputum - Hustenauswurf"}],"property":[{"code":"status","valueCode":"A"}]},{"id":"1000","code":"SPTT","display":"Sputum - tracheal aspirate","definition":"Sputum - tracheal aspirate","designation":[{"language":"de","use":{"system":"http://terminology.hl7.org/CodeSystem/hl7TermMaintInfra","code":"preferredForLanguage"},"value":"Sputum - tracheal aspiriert"}],"property":[{"code":"status","valueCode":"A"}]},{"id":"1001","code":"STON","display":"Stone (use CALC)","definition":"Stone (use CALC)","designation":[{"language":"de","use":{"system":"http://terminology.hl7.org/CodeSystem/hl7TermMaintInfra","code":"preferredForLanguage"},"value":"Steine"}],"property":[{"code":"status","valueCode":"A"}]},{"id":"1002","code":"STL","display":"Stool = Fecal","definition":"Stool = Fecal","designation":[{"language":"de","use":{"system":"http://terminology.hl7.org/CodeSystem/hl7TermMaintInfra","code":"preferredForLanguage"},"value":"Stuhl"}],"property":[{"code":"status","valueCode":"A"}]},{"id":"1003","code":"SWT","display":"Sweat","definition":"Sweat","designation":[{"language":"de","use":{"system":"http://terminology.hl7.org/CodeSystem/hl7TermMaintInfra","code":"preferredForLanguage"},"value":"Schweiß"}],"property":[{"code":"status","valueCode":"A"}]},{"id":"1004","code":"SNV","display":"Synovial fluid (Joint fluid)","definition":"Synovial fluid (Joint fluid)","designation":[{"language":"de","use":{"system":"http://terminology.hl7.org/CodeSystem/hl7TermMaintInfra","code":"preferredForLanguage"},"value":"Synovialflüssigkeit"}],"property":[{"code":"status","valueCode":"A"}]},{"id":"1005","code":"TEAR","display":"Tears","definition":"Tears","designation":[{"language":"de","use":{"system":"http://terminology.hl7.org/CodeSystem/hl7TermMaintInfra","code":"preferredForLanguage"},"value":"Tränen"}],"property":[{"code":"status","valueCode":"A"}]},{"id":"1006","code":"THRT","display":"Throat","definition":"Throat","designation":[{"language":"de","use":{"system":"http://terminology.hl7.org/CodeSystem/hl7TermMaintInfra","code":"preferredForLanguage"},"value":"Rachanbstrich"}],"property":[{"code":"status","valueCode":"A"}]},{"id":"1007","code":"THRB","display":"Thrombocyte (platelet)","definition":"Thrombocyte (platelet)","designation":[{"language":"de","use":{"system":"http://terminology.hl7.org/CodeSystem/hl7TermMaintInfra","code":"preferredForLanguage"},"value":"Thrombozyten"}],"property":[{"code":"status","valueCode":"A"}]},{"id":"1008","code":"TISS","display":"Tissue","definition":"Tissue","designation":[{"language":"de","use":{"system":"http://terminology.hl7.org/CodeSystem/hl7TermMaintInfra","code":"preferredForLanguage"},"value":"Gewebe"}],"property":[{"code":"status","valueCode":"A"}]},{"id":"1009","code":"TISG","display":"Tissue gall bladder","definition":"Tissue gall bladder","designation":[{"language":"de","use":{"system":"http://terminology.hl7.org/CodeSystem/hl7TermMaintInfra","code":"preferredForLanguage"},"value":"Gallenblasengewebe"}],"property":[{"code":"status","valueCode":"A"}]},{"id":"1010","code":"TLGI","display":"Tissue large intestine","definition":"Tissue large intestine","property":[{"code":"status","valueCode":"A"}]},{"id":"1011","code":"TLNG","display":"Tissue lung","definition":"Tissue lung","property":[{"code":"status","valueCode":"A"}]},{"id":"1012","code":"TISPL","display":"Tissue placenta","definition":"Tissue placenta","designation":[{"language":"de","use":{"system":"http://terminology.hl7.org/CodeSystem/hl7TermMaintInfra","code":"preferredForLanguage"},"value":"Placentagewebe"}],"property":[{"code":"status","valueCode":"A"}]},{"id":"1013","code":"TSMI","display":"Tissue small intestine","definition":"Tissue small intestine","property":[{"code":"status","valueCode":"A"}]},{"id":"1014","code":"TISU","display":"Tissue ulcer","definition":"Tissue ulcer","designation":[{"language":"de","use":{"system":"http://terminology.hl7.org/CodeSystem/hl7TermMaintInfra","code":"preferredForLanguage"},"value":"Ulcusgewebe"}],"property":[{"code":"status","valueCode":"A"}]},{"id":"1015","code":"TUB","display":"Tube NOS","definition":"Tube NOS","property":[{"code":"status","valueCode":"A"}]},{"id":"1016","code":"ULC","display":"Ulcer","definition":"Ulcer","designation":[{"language":"de","use":{"system":"http://terminology.hl7.org/CodeSystem/hl7TermMaintInfra","code":"preferredForLanguage"},"value":"Geschwür"}],"property":[{"code":"status","valueCode":"A"}]},{"id":"1017","code":"UMB","display":"Umbilical blood","definition":"Umbilical blood","designation":[{"language":"de","use":{"system":"http://terminology.hl7.org/CodeSystem/hl7TermMaintInfra","code":"preferredForLanguage"},"value":"Nabelblut"}],"property":[{"code":"status","valueCode":"A"}]},{"id":"1018","code":"UMED","display":"Unknown medicine","definition":"Unknown medicine","designation":[{"language":"de","use":{"system":"http://terminology.hl7.org/CodeSystem/hl7TermMaintInfra","code":"preferredForLanguage"},"value":"unbekannte Medizin"}],"property":[{"code":"status","valueCode":"A"}]},{"id":"1019","code":"URTH","display":"Urethra","definition":"Urethra","designation":[{"language":"de","use":{"system":"http://terminology.hl7.org/CodeSystem/hl7TermMaintInfra","code":"preferredForLanguage"},"value":"Urethra"}],"property":[{"code":"status","valueCode":"A"}]},{"id":"1020","code":"UR","display":"Urine","definition":"Urine","designation":[{"language":"de","use":{"system":"http://terminology.hl7.org/CodeSystem/hl7TermMaintInfra","code":"preferredForLanguage"},"value":"Urin"}],"property":[{"code":"status","valueCode":"A"}]},{"id":"1021","code":"URC","display":"Urine clean catch","definition":"Urine clean catch","designation":[{"language":"de","use":{"system":"http://terminology.hl7.org/CodeSystem/hl7TermMaintInfra","code":"preferredForLanguage"},"value":"Mittelstrahlurin"}],"property":[{"code":"status","valueCode":"A"}]},{"id":"1022","code":"URT","display":"Urine catheter","definition":"Urine catheter","designation":[{"language":"de","use":{"system":"http://terminology.hl7.org/CodeSystem/hl7TermMaintInfra","code":"preferredForLanguage"},"value":"Katheterurin"}],"property":[{"code":"status","valueCode":"A"}]},{"id":"1023","code":"URNS","display":"Urine sediment","definition":"Urine sediment","property":[{"code":"status","valueCode":"A"}]},{"id":"1024","code":"USUB","display":"Unknown substance","definition":"Unknown substance","property":[{"code":"status","valueCode":"A"}]},{"id":"1025","code":"VITF","display":"Vitreous Fluid","definition":"Vitreous Fluid","property":[{"code":"status","valueCode":"A"}]},{"id":"1026","code":"VOM","display":"Vomitus","definition":"Vomitus","designation":[{"language":"de","use":{"system":"http://terminology.hl7.org/CodeSystem/hl7TermMaintInfra","code":"preferredForLanguage"},"value":"Erbrochenes"}],"property":[{"code":"status","valueCode":"A"}]},{"id":"1027","code":"BLD","display":"Whole blood","definition":"Whole blood","designation":[{"language":"de","use":{"system":"http://terminology.hl7.org/CodeSystem/hl7TermMaintInfra","code":"preferredForLanguage"},"value":"Gesamtes Blut"}],"property":[{"code":"status","valueCode":"A"}]},{"id":"1028","code":"BDY","display":"Whole body","definition":"Whole body","designation":[{"language":"de","use":{"system":"http://terminology.hl7.org/CodeSystem/hl7TermMaintInfra","code":"preferredForLanguage"},"value":"Gesamter Körper"}],"property":[{"code":"status","valueCode":"A"}]},{"id":"1029","code":"WAT","display":"Water","definition":"Water","property":[{"code":"status","valueCode":"A"}]},{"id":"1030","code":"WICK","display":"Wick","definition":"Wick","designation":[{"language":"de","use":{"system":"http://terminology.hl7.org/CodeSystem/hl7TermMaintInfra","code":"preferredForLanguage"},"value":"Zwischengefäß bei Infusoren (?)"}],"property":[{"code":"status","valueCode":"A"}]},{"id":"1031","code":"WND","display":"Wound","definition":"Wound","designation":[{"language":"de","use":{"system":"http://terminology.hl7.org/CodeSystem/hl7TermMaintInfra","code":"preferredForLanguage"},"value":"Wundabstrich"}],"property":[{"code":"status","valueCode":"A"}]},{"id":"1032","code":"WNDA","display":"Wound abscess","definition":"Wound abscess","designation":[{"language":"de","use":{"system":"http://terminology.hl7.org/CodeSystem/hl7TermMaintInfra","code":"preferredForLanguage"},"value":"Wundabszeß"}],"property":[{"code":"status","valueCode":"A"}]},{"id":"1033","code":"WNDE","display":"Wound exudate","definition":"Wound exudate","designation":[{"language":"de","use":{"system":"http://terminology.hl7.org/CodeSystem/hl7TermMaintInfra","code":"preferredForLanguage"},"value":"Wundexsudat"}],"property":[{"code":"status","valueCode":"A"}]},{"id":"1034","code":"WNDD","display":"Wound drainage","definition":"Wound drainage","designation":[{"language":"de","use":{"system":"http://terminology.hl7.org/CodeSystem/hl7TermMaintInfra","code":"preferredForLanguage"},"value":"Wunddrainage"}],"property":[{"code":"status","valueCode":"A"}]},{"id":"1035","code":"XXX","display":"To be specified in another part of the message","definition":"To be specified in another part of the message","property":[{"code":"status","valueCode":"A"}]}]}