{"resourceType":"CodeSystem","id":"v2-0617","text":{"status":"generated","div":"<div xmlns=\"http://www.w3.org/1999/xhtml\"><p><b>Properties</b></p><table class=\"grid\"><tr><td><b>Code</b></td><td><b>URL</b></td><td><b>Type</b></td><td><b>Description</b></td></tr><tr><td>status</td><td>http://terminology.hl7.org/CodeSystem/utg-concept-properties#status</td><td>code</td><td>Status of the concept</td></tr><tr><td>deprecated</td><td>http://terminology.hl7.org/CodeSystem/utg-concept-properties#v2-table-deprecated</td><td>code</td><td>Version of HL7 in which the code was deprecated</td></tr><tr><td>v2-concComment</td><td>http://terminology.hl7.org/CodeSystem/utg-concept-properties#v2-concComment</td><td>string</td><td>V2 Concept Comment</td></tr><tr><td>v2-concCommentAsPub</td><td>http://terminology.hl7.org/CodeSystem/utg-concept-properties#v2-concCommentAsPub</td><td>string</td><td>V2 Concept Comment As Published</td></tr></table><p>This code system <code>http://terminology.hl7.org/CodeSystem/v2-0617</code> defines the following codes:</p><table class=\"codes\"><tr><td style=\"white-space:nowrap\"><b>Code</b></td><td><b>Display</b></td><td><b>Definition</b></td><td><b>V2 Concept Comment</b></td><td><b>V2 Concept Comment As Published</b></td></tr><tr><td style=\"white-space:nowrap\">M<a name=\"v2-0617-M\"> </a></td><td>Mailing</td><td>Mailing</td><td>Identifies an address for mail correspondence from a healthcare provider as stipulated by the subject.\r\nFor example, under the tenets of certain privacy regulations, it is exclusive to the patient and is typically maintained at the encounter or visit level versus the person level as it only has relevance to the specifics of a given encounter.  This is an exception category of address in that the patient has stipulated that they want all correspondence relevant to a given encounter sent to this address in lieu of any other address on file.  Providers are required to accommodate such requests under HIPAA promulgated regulation.  Note that mailing and legal address may be mutually exclusive as defined below.  (Implementors are reminded that although the privacy regulation requires the provider to honor such requests, it does require the provider to enquire whether the patient has a preferred address other than the one volunteered.)</td><td>Identifies an address for mail correspondence from a healthcare provider as stipulated by the subject.\r\nFor example, under the tenets of certain privacy regulations, it is exclusive to the patient and is typically maintained at the encounter or visit level versus the person level as it only has relevance to the specifics of a given encounter.  This is an exception category of address in that the patient has stipulated that they want all correspondence relevant to a given encounter sent to this address in lieu of any other address on file.  Providers are required to accommodate such requests under HIPAA promulgated regulation.  Note that mailing and legal address may be mutually exclusive as defined below.  (Implementors are reminded that although the privacy regulation requires the provider to honor such requests, it does require the provider to enquire whether the patient has a preferred address other than the one volunteered.)</td></tr><tr><td style=\"white-space:nowrap\">V<a name=\"v2-0617-V\"> </a></td><td>Visit</td><td>Visit</td><td>Identifies an address at which the individual is physically located and may be visited.</td><td>Identifies an address at which the individual is physically located and may be visited.</td></tr><tr><td style=\"white-space:nowrap\">C<a name=\"v2-0617-C\"> </a></td><td>Classification</td><td>Classification</td><td>Identifies an address used for the purpose of demographic classification or searching.  Such addresses frequently contain insufficient information to be used as mailing or visit addresses.  For example, they may only indicate country and postal code, without providing a street address.</td><td>Identifies an address used for the purpose of demographic classification or searching.  Such addresses frequently contain insufficient information to be used as mailing or visit addresses.  For example, they may only indicate country and postal code, without providing a street address.</td></tr></table></div>"},"extension":[{"url":"http://hl7.org/fhir/StructureDefinition/structuredefinition-wg","valueCode":"inm"}],"url":"http://terminology.hl7.org/CodeSystem/v2-0617","identifier":[{"system":"urn:ietf:rfc:3986","value":"urn:oid:2.16.840.1.113883.18.375"}],"version":"2.1.0","name":"AddressUsage","title":"addressUsage","status":"active","experimental":false,"date":"2019-12-01","publisher":"HL7, Inc","contact":[{"telecom":[{"system":"url","value":"http://www.hl7.org/"}]}],"description":"HL7-defined code system of concepts specifying how an address is intended to be used.  Used in HL7 Version 2.x messaging in the XAD segment.","purpose":"Underlying Master Code System for V2 table 0617 (Address Usage)","copyright":"Copyright HL7. Licensed under creative commons public domain","caseSensitive":true,"valueSet":"http://terminology.hl7.org/ValueSet/v2-0617","hierarchyMeaning":"is-a","compositional":false,"versionNeeded":false,"content":"complete","property":[{"code":"status","uri":"http://terminology.hl7.org/CodeSystem/utg-concept-properties#status","description":"Status of the concept","type":"code"},{"code":"deprecated","uri":"http://terminology.hl7.org/CodeSystem/utg-concept-properties#v2-table-deprecated","description":"Version of HL7 in which the code was deprecated","type":"code"},{"code":"v2-concComment","uri":"http://terminology.hl7.org/CodeSystem/utg-concept-properties#v2-concComment","description":"V2 Concept Comment","type":"string"},{"code":"v2-concCommentAsPub","uri":"http://terminology.hl7.org/CodeSystem/utg-concept-properties#v2-concCommentAsPub","description":"V2 Concept Comment As Published","type":"string"}],"concept":[{"id":"6259","code":"M","display":"Mailing","definition":"Mailing","property":[{"code":"v2-concComment","valueString":"Identifies an address for mail correspondence from a healthcare provider as stipulated by the subject.\r\nFor example, under the tenets of certain privacy regulations, it is exclusive to the patient and is typically maintained at the encounter or visit level versus the person level as it only has relevance to the specifics of a given encounter.  This is an exception category of address in that the patient has stipulated that they want all correspondence relevant to a given encounter sent to this address in lieu of any other address on file.  Providers are required to accommodate such requests under HIPAA promulgated regulation.  Note that mailing and legal address may be mutually exclusive as defined below.  (Implementors are reminded that although the privacy regulation requires the provider to honor such requests, it does require the provider to enquire whether the patient has a preferred address other than the one volunteered.)"},{"code":"v2-concCommentAsPub","valueString":"Identifies an address for mail correspondence from a healthcare provider as stipulated by the subject.\r\nFor example, under the tenets of certain privacy regulations, it is exclusive to the patient and is typically maintained at the encounter or visit level versus the person level as it only has relevance to the specifics of a given encounter.  This is an exception category of address in that the patient has stipulated that they want all correspondence relevant to a given encounter sent to this address in lieu of any other address on file.  Providers are required to accommodate such requests under HIPAA promulgated regulation.  Note that mailing and legal address may be mutually exclusive as defined below.  (Implementors are reminded that although the privacy regulation requires the provider to honor such requests, it does require the provider to enquire whether the patient has a preferred address other than the one volunteered.)"},{"code":"status","valueCode":"A"}]},{"id":"6260","code":"V","display":"Visit","definition":"Visit","property":[{"code":"v2-concComment","valueString":"Identifies an address at which the individual is physically located and may be visited."},{"code":"v2-concCommentAsPub","valueString":"Identifies an address at which the individual is physically located and may be visited."},{"code":"status","valueCode":"A"}]},{"id":"6261","code":"C","display":"Classification","definition":"Classification","property":[{"code":"v2-concComment","valueString":"Identifies an address used for the purpose of demographic classification or searching.  Such addresses frequently contain insufficient information to be used as mailing or visit addresses.  For example, they may only indicate country and postal code, without providing a street address."},{"code":"v2-concCommentAsPub","valueString":"Identifies an address used for the purpose of demographic classification or searching.  Such addresses frequently contain insufficient information to be used as mailing or visit addresses.  For example, they may only indicate country and postal code, without providing a street address."},{"code":"status","valueCode":"A"}]}]}