{"resourceType":"CodeSystem","id":"v2-0206","text":{"status":"generated","div":"<div xmlns=\"http://www.w3.org/1999/xhtml\"><p><b>Properties</b></p><table class=\"grid\"><tr><td><b>Code</b></td><td><b>URL</b></td><td><b>Type</b></td><td><b>Description</b></td></tr><tr><td>status</td><td>http://terminology.hl7.org/CodeSystem/utg-concept-properties#status</td><td>code</td><td>Status of the concept</td></tr><tr><td>deprecated</td><td>http://terminology.hl7.org/CodeSystem/utg-concept-properties#v2-table-deprecated</td><td>code</td><td>Version of HL7 in which the code was deprecated</td></tr><tr><td>v2-concComment</td><td>http://terminology.hl7.org/CodeSystem/utg-concept-properties#v2-concComment</td><td>string</td><td>V2 Concept Comment</td></tr></table><p>This code system <code>http://terminology.hl7.org/CodeSystem/v2-0206</code> defines the following codes:</p><table class=\"codes\"><tr><td style=\"white-space:nowrap\"><b>Code</b></td><td><b>Display</b></td><td><b>Definition</b></td><td><b>V2 Concept Comment</b></td></tr><tr><td style=\"white-space:nowrap\">A<a name=\"v2-0206-A\"> </a></td><td>Add/Insert</td><td>Add/Insert</td><td/></tr><tr><td style=\"white-space:nowrap\">D<a name=\"v2-0206-D\"> </a></td><td>Delete</td><td>Delete</td><td/></tr><tr><td style=\"white-space:nowrap\">S<a name=\"v2-0206-S\"> </a></td><td>Used in Snapshot mode</td><td>Declares when segment falls under snapshot  mode handling, i.e. all elements that were previously sent will be sent, not just any changes</td><td>Snapshot mode is the expected default; use this code to explicitly state that.</td></tr><tr><td style=\"white-space:nowrap\">U<a name=\"v2-0206-U\"> </a></td><td>Update</td><td>Update</td><td/></tr><tr><td style=\"white-space:nowrap\">X<a name=\"v2-0206-X\"> </a></td><td>No Change</td><td>No Change</td><td/></tr></table><p><b>Additional Language Displays</b></p><table class=\"codes\"><tr><td><b>Code</b></td><td><b>Deutsch (German, de)</b></td></tr><tr><td>A</td><td>Einfügen</td></tr><tr><td>D</td><td>Löschen/Stornieren</td></tr><tr><td>S</td><td/></tr><tr><td>U</td><td>Ändern</td></tr><tr><td>X</td><td/></tr></table></div>"},"extension":[{"url":"http://hl7.org/fhir/StructureDefinition/structuredefinition-wg","valueCode":"inm"}],"url":"http://terminology.hl7.org/CodeSystem/v2-0206","identifier":[{"system":"urn:ietf:rfc:3986","value":"urn:oid:2.16.840.1.113883.18.111"}],"version":"2.2.0","name":"SegmentAction","title":"segmentAction","status":"active","experimental":false,"date":"2019-12-01","publisher":"HL7, Inc","contact":[{"telecom":[{"system":"url","value":"http://www.hl7.org/"}]}],"description":"HL7-defined code system of concepts specifying actions to be applied for segments when an HL7 version 2 interface is operating in \"action code mode\" (a kind of update mode in the Standard).  Used in HL7 Version 2.x messaging in the RXA, RXV, LCH, IAM, ARV, IN1 and OH1 segments.","purpose":"Underlying Master Code System for V2 table 0206 (Segment Action Code)","copyright":"Copyright HL7. Licensed under creative commons public domain","caseSensitive":true,"valueSet":"http://terminology.hl7.org/ValueSet/v2-0206","hierarchyMeaning":"is-a","compositional":false,"versionNeeded":false,"content":"complete","property":[{"code":"status","uri":"http://terminology.hl7.org/CodeSystem/utg-concept-properties#status","description":"Status of the concept","type":"code"},{"code":"deprecated","uri":"http://terminology.hl7.org/CodeSystem/utg-concept-properties#v2-table-deprecated","description":"Version of HL7 in which the code was deprecated","type":"code"},{"code":"v2-concComment","uri":"http://terminology.hl7.org/CodeSystem/utg-concept-properties#v2-concComment","description":"V2 Concept Comment","type":"string"}],"concept":[{"id":"2115","code":"A","display":"Add/Insert","definition":"Add/Insert","designation":[{"language":"de","use":{"system":"http://terminology.hl7.org/CodeSystem/hl7TermMaintInfra","code":"preferredForLanguage"},"value":"Einfügen"}],"property":[{"code":"status","valueCode":"A"}]},{"id":"2116","code":"D","display":"Delete","definition":"Delete","designation":[{"language":"de","use":{"system":"http://terminology.hl7.org/CodeSystem/hl7TermMaintInfra","code":"preferredForLanguage"},"value":"Löschen/Stornieren"}],"property":[{"code":"status","valueCode":"A"}]},{"id":"2117","code":"S","display":"Used in Snapshot mode","definition":"Declares when segment falls under snapshot  mode handling, i.e. all elements that were previously sent will be sent, not just any changes","property":[{"code":"v2-concComment","valueString":"Snapshot mode is the expected default; use this code to explicitly state that."},{"code":"status","valueCode":"N"}]},{"id":"2118","code":"U","display":"Update","definition":"Update","designation":[{"language":"de","use":{"system":"http://terminology.hl7.org/CodeSystem/hl7TermMaintInfra","code":"preferredForLanguage"},"value":"Ändern"}],"property":[{"code":"status","valueCode":"A"}]},{"id":"2119","code":"X","display":"No Change","definition":"No Change","property":[{"code":"status","valueCode":"A"}]}]}