{
    "resourceType": "CodeSystem",
    "id": "ISO3166Part1",
    "text": {
        "status": "generated",
        "div": "<div xmlns=\"http://www.w3.org/1999/xhtml\"><p>This code system <code>urn:iso:std:iso:3166</code> defines many codes, but they are not represented here</p></div>"
    },
    "url": "urn:iso:std:iso:3166",
    "identifier": [
        {
            "system": "urn:ietf:rfc:3986",
            "value": "urn:oid:1.0.3166.1"
        }
    ],
    "version": "1.0.0",
    "name": "ISO3166Part1",
    "title": "ISO 3166-1 Codes for the representation of names of countries and their subdivisions — Part 1: Country code",
    "status": "active",
    "experimental": false,
    "date": "2022-08-23T00:00:00-00:00",
    "publisher": "International Organization for Standardization (ISO)",
    "contact": [
        {
            "name": "International Organization for Standardization (ISO)",
            "telecom": [
                {
                    "system": "url",
                    "value": "https://www.iso.org/"
                }
            ]
        }
    ],
    "description": "ISO 3166-1 establishes codes that represent the current names of countries, dependencies, and other areas of particular geopolitical interest, on the basis of country names obtained from the United Nations.",
    "copyright": "ISO Maintains the copyright on the country codes, and controls it's use carefully. For futher details see the ISO 3166 web page: https://www.iso.org/iso-3166-country-codes.html",
    "caseSensitive": true,
    "content": "not-present"
}