{"resourceType":"CodeSystem","id":"v3-icpc","text":{"status":"generated","div":"<div xmlns=\"http://www.w3.org/1999/xhtml\"><p>This code system <code>http://hl7.org/fhir/sid/icpc-1</code> defines many codes, but they are not represented here</p></div>"},"url":"http://hl7.org/fhir/sid/icpc-1","identifier":[{"system":"urn:ietf:rfc:3986","value":"urn:oid:2.16.840.1.113883.6.138"}],"version":"2.0.1","name":"Icpc","title":"International Classification of Primary Care, 1993 edition","status":"active","experimental":false,"date":"2019-03-20T00:00:00-04:00","publisher":"TBD - External Body","description":"The International Classification of Primary Care (ICPC). Denmark: World Organisation of Family Doctors, 1993. Various language translations are identified beneath this OID.","caseSensitive":true,"content":"not-present"}