{"resourceType":"CodeSystem","id":"v3-EntityNamePartQualifier","language":"en","text":{"status":"generated","div":"<div xml:lang=\"en\" xmlns=\"http://www.w3.org/1999/xhtml\" lang=\"en\"><p><b>Properties</b></p><table class=\"grid\"><tr><td><b>Code</b></td><td><b>URL</b></td><td><b>Type</b></td><td><b>Description</b></td></tr><tr><td>Specializes</td><td/><td>Coding</td><td>The child code is a more narrow version of the concept represented by the parent code.  I.e. Every child concept is also a valid parent concept.  Used to allow determination of subsumption.  Must be transitive, irreflexive, antisymmetric.</td></tr><tr><td>Generalizes</td><td/><td>Coding</td><td>Inverse of Specializes.  Only included as a derived relationship.</td></tr><tr><td>internalId</td><td>http://terminology.hl7.org/CodeSystem/utg-concept-properties#v3-internal-id</td><td>code</td><td>The internal identifier for the concept in the HL7 Access database repository.</td></tr><tr><td>status</td><td>http://hl7.org/fhir/concept-properties#status</td><td>code</td><td>Designation of a concept's state.  Normally is not populated unless the state is retired..</td></tr><tr><td>notSelectable</td><td>http://hl7.org/fhir/concept-properties#notSelectable</td><td>boolean</td><td>Indicates that the code is abstract - only intended to be used as a selector for other concepts</td></tr><tr><td>subsumedBy</td><td>http://hl7.org/fhir/concept-properties#parent</td><td>code</td><td>The concept code of a parent concept</td></tr></table><p>This code system <code>http://terminology.hl7.org/CodeSystem/v3-EntityNamePartQualifier</code> defines the following codes:</p><table class=\"codes\"><tr><td><b>Lvl</b></td><td style=\"white-space:nowrap\"><b>Code</b></td><td><b>Display</b></td><td><b>Definition</b></td><td><b>internalId</b></td><td><b>status</b></td><td><b>Not Selectable</b></td><td><b>Parent</b></td></tr><tr><td>1</td><td style=\"white-space:nowrap\">_OrganizationNamePartQualifier<a name=\"v3-EntityNamePartQualifier-_OrganizationNamePartQualifier\"> </a></td><td>OrganizationNamePartQualifier</td><td/><td>21072</td><td>active</td><td>true</td><td/></tr><tr><td>2</td><td style=\"white-space:nowrap\">  AC<a name=\"v3-EntityNamePartQualifier-AC\"> </a></td><td>academic</td><td>Indicates that a prefix like &quot;Dr.&quot; or a suffix like &quot;M.D.&quot; or &quot;Ph.D.&quot; is an academic title.</td><td>10668</td><td>active</td><td/><td>_OrganizationNamePartQualifier, _PersonNamePartAffixTypes</td></tr><tr><td>2</td><td style=\"white-space:nowrap\">  AD<a name=\"v3-EntityNamePartQualifier-AD\"> </a></td><td>adopted</td><td>The name the person was given at the time of adoption.</td><td>21320</td><td>active</td><td/><td>_OrganizationNamePartQualifier, _PersonNamePartChangeQualifier</td></tr><tr><td>2</td><td style=\"white-space:nowrap\">  BR<a name=\"v3-EntityNamePartQualifier-BR\"> </a></td><td>birth</td><td>A name that a person had shortly after being born. Usually for family names but may be used to mark given names at birth that may have changed later.</td><td>10661</td><td>active</td><td/><td>_OrganizationNamePartQualifier, _PersonNamePartChangeQualifier</td></tr><tr><td>2</td><td style=\"white-space:nowrap\">  CL<a name=\"v3-EntityNamePartQualifier-CL\"> </a></td><td>callme</td><td>A callme name is (usually a given name) that is preferred when a person is directly addressed.</td><td>10673</td><td>active</td><td/><td>_OrganizationNamePartQualifier, _PersonNamePartMiscQualifier</td></tr><tr><td>2</td><td style=\"white-space:nowrap\">  IN<a name=\"v3-EntityNamePartQualifier-IN\"> </a></td><td>initial</td><td>Indicates that a name part is just an initial. Initials do not imply a trailing period since this would not work with non-Latin scripts. Initials may consist of more than one letter, e.g., &quot;Ph.&quot; could stand for &quot;Philippe&quot; or &quot;Th.&quot; for &quot;Thomas&quot;.</td><td>17938</td><td>active</td><td/><td>_OrganizationNamePartQualifier, _PersonNamePartQualifier</td></tr><tr><td>2</td><td style=\"white-space:nowrap\">  LS<a name=\"v3-EntityNamePartQualifier-LS\"> </a></td><td>Legal status</td><td>For organizations a suffix indicating the legal status, e.g., &quot;Inc.&quot;, &quot;Co.&quot;, &quot;AG&quot;, &quot;GmbH&quot;, &quot;B.V.&quot; &quot;S.A.&quot;, &quot;Ltd.&quot; etc.</td><td>15890</td><td>active</td><td/><td>_OrganizationNamePartQualifier</td></tr><tr><td>2</td><td style=\"white-space:nowrap\">  NB<a name=\"v3-EntityNamePartQualifier-NB\"> </a></td><td>nobility</td><td>In Europe and Asia, there are still people with nobility titles (aristocrats). German &quot;von&quot; is generally a nobility title, not a mere voorvoegsel. Others are &quot;Earl of&quot; or &quot;His Majesty King of...&quot; etc. Rarely used nowadays, but some systems do keep track of this.</td><td>10670</td><td>active</td><td/><td>_OrganizationNamePartQualifier, _PersonNamePartAffixTypes</td></tr><tr><td>2</td><td style=\"white-space:nowrap\">  PR<a name=\"v3-EntityNamePartQualifier-PR\"> </a></td><td>professional</td><td>Primarily in the British Imperial culture people tend to have an abbreviation of their professional organization as part of their credential suffices.</td><td>10669</td><td>active</td><td/><td>_OrganizationNamePartQualifier, _PersonNamePartAffixTypes</td></tr><tr><td>2</td><td style=\"white-space:nowrap\">  SP<a name=\"v3-EntityNamePartQualifier-SP\"> </a></td><td>spouse</td><td>The name assumed from the partner in a marital relationship (hence the &quot;SP&quot;). Usually the spouse's family name. Note that no inference about gender can be made from the existence of spouse names.</td><td>10665</td><td>active</td><td/><td>_OrganizationNamePartQualifier, _PersonNamePartChangeQualifier</td></tr><tr><td>2</td><td style=\"white-space:nowrap\">  TITLE<a name=\"v3-EntityNamePartQualifier-TITLE\"> </a></td><td>title</td><td>Indicates that a prefix or a suffix is a title that applies to the whole name, not just the adjacent name part.</td><td>21462</td><td>active</td><td/><td>_OrganizationNamePartQualifier, _PersonNamePartQualifier</td></tr><tr><td>2</td><td style=\"white-space:nowrap\">  VV<a name=\"v3-EntityNamePartQualifier-VV\"> </a></td><td>voorvoegsel</td><td>A Dutch &quot;voorvoegsel&quot; is something like &quot;van&quot; or &quot;de&quot; that might have indicated nobility in the past but no longer so. Similar prefixes exist in other languages such as Spanish, French or Portugese.</td><td>10667</td><td>active</td><td/><td>_OrganizationNamePartQualifier, _PersonNamePartAffixTypes</td></tr><tr><td>1</td><td style=\"white-space:nowrap\">PharmaceuticalEntityNamePartQualifiers<a name=\"v3-EntityNamePartQualifier-PharmaceuticalEntityNamePartQualifiers\"> </a></td><td>PharmaceuticalEntityNamePartQualifiers</td><td>**Description:** Medication Name Parts are a means of specifying a range of acceptable &quot;official&quot; forms of the name of a product. They are used as patterns against which input name strings may be matched for automatic identification of products from input text reports. While they cover the concepts held under &quot;doseForm&quot; or &quot;route&quot; or &quot;strength&quot; the name parts are not the same and do not fit into a controlled vocabulary in the same way. By specifying up to 8 name parts a much larger range of possible names can be generated.</td><td>22979</td><td>active</td><td>true</td><td/></tr><tr><td>2</td><td style=\"white-space:nowrap\">  CON<a name=\"v3-EntityNamePartQualifier-CON\"> </a></td><td>container name</td><td>**Description:** This refers to the container if present in the medicinal product name.\r\n\r\nEXAMPLES:\r\n\r\n *  For Optaflu suspension for injection in pre-filled syringe Influenza vaccine (surface antigen, inactivated, prepared in cell culture) (2007/2008 season): pre-filled syringe</td><td>22985</td><td>active</td><td/><td>PharmaceuticalEntityNamePartQualifiers</td></tr><tr><td>2</td><td style=\"white-space:nowrap\">  DEV<a name=\"v3-EntityNamePartQualifier-DEV\"> </a></td><td>device name</td><td>**Description:** This refers to the qualifiers in the name for devices and is at the moment mainly applicable to insulins and inhalation products.\r\n\r\nEXAMPLES:\r\n\r\n *  For the medicinal product Actrapid FlexPen 100 IU/ml Solution for injection Subcutaneous use: FlexPen.</td><td>22986</td><td>active</td><td/><td>PharmaceuticalEntityNamePartQualifiers</td></tr><tr><td>2</td><td style=\"white-space:nowrap\">  FLAV<a name=\"v3-EntityNamePartQualifier-FLAV\"> </a></td><td>FlavorName</td><td>**Description:** This refers to a flavor of the medicinal product if present in the medicinal product name.\r\n\r\n**Examples:**\r\n\r\n *  For 'CoughCure Linctus Orange Flavor', the flavor part is &quot;Orange&quot;\r\n *  For 'Wonderdrug Syrup Cherry Flavor', the flavor part is &quot;Cherry&quot;</td><td>23314</td><td>active</td><td/><td>PharmaceuticalEntityNamePartQualifiers</td></tr><tr><td>2</td><td style=\"white-space:nowrap\">  FORMUL<a name=\"v3-EntityNamePartQualifier-FORMUL\"> </a></td><td>FormulationPartName</td><td>**Description:** This refers to the formulation of the medicinal product if present in the medicinal product name.\r\n\r\n**Examples:**\r\n\r\n *  For 'SpecialMed Sugar Free Cough Syrup', the formulation name part is &quot;Sugar Free&quot;\r\n *  For 'QuickCure Gluten-free Bulk Fibre', the formulation name part is &quot;gluten-free&quot;</td><td>23312</td><td>active</td><td/><td>PharmaceuticalEntityNamePartQualifiers</td></tr><tr><td>2</td><td style=\"white-space:nowrap\">  FRM<a name=\"v3-EntityNamePartQualifier-FRM\"> </a></td><td>form name</td><td>**Description:** This refers to the pharmaceutical form/ if present in the medicinal product name.\r\n\r\nEXAMPLES:\r\n\r\n *  For Agenerase 50 mg soft capsules: Soft Capsules\r\n *  For Ludiomil 25mg-Filmtabletten: Filmtabletten\r\n *  For Optaflu suspension for injection in pre-filled syringe Influenza vaccine (surface antigen, inactivated, prepared in cell culture) (2007/2008 season): suspension for injection</td><td>22983</td><td>active</td><td/><td>PharmaceuticalEntityNamePartQualifiers</td></tr><tr><td>2</td><td style=\"white-space:nowrap\">  INV<a name=\"v3-EntityNamePartQualifier-INV\"> </a></td><td>invented name</td><td>**Description:** This refers to the product name without the trademark or the name of the marketing authorization holder or any other descriptor reflected in the product name and, if appropriate, whether it is intended e.g. for babies, children or adults.\r\n\r\nEXAMPLES:\r\n\r\n *  Agenerase\r\n *  Optaflu\r\n *  Ludiomil</td><td>22980</td><td>active</td><td/><td>PharmaceuticalEntityNamePartQualifiers</td></tr><tr><td>2</td><td style=\"white-space:nowrap\">  POPUL<a name=\"v3-EntityNamePartQualifier-POPUL\"> </a></td><td>TargetPopulationName</td><td>**Description:** This refers to the target population for the medicinal product if present in the medicinal product name\r\n\r\n**Examples:**\r\n\r\n *  For 'Broncho-Drug 3.5 mg-capsules for children', the target population part is &quot;children&quot;\r\n *  For 'Adult Chesty Cough Syrup', the target population part is &quot;adult&quot;</td><td>23311</td><td>active</td><td/><td>PharmaceuticalEntityNamePartQualifiers</td></tr><tr><td>2</td><td style=\"white-space:nowrap\">  SCI<a name=\"v3-EntityNamePartQualifier-SCI\"> </a></td><td>scientific name</td><td>**Description:** This refers to the product common or scientific name without the trademark or the name of the marketing authorization holder or any other descriptor reflected in the product name.\r\n\r\nEXAMPLES:\r\n\r\n *  For Agenerase: N/A\r\n *  For Optaflu: Influenza vaccine (surface antigen, inactivated, prepared in cell culture) (2007/2008 season)\r\n *  For Ludiomil: N/A</td><td>22981</td><td>active</td><td/><td>PharmaceuticalEntityNamePartQualifiers</td></tr><tr><td>2</td><td style=\"white-space:nowrap\">  STR<a name=\"v3-EntityNamePartQualifier-STR\"> </a></td><td>strength name</td><td>**Description:** This refers to the strength if present in the medicinal product name. The use of decimal points should be accommodated if required.\r\n\r\nEXAMPLES:\r\n\r\n *  For Agenerase 50 mg soft capsules: 50mg\r\n *  For Ludiomil 25mg-Filmtabletten: 25 mg\r\n *  For Optaflu suspension for injection in pre-filled syringe Influenza vaccine (surface antigen, inactivated, prepared in cell culture) (2007/2008 season): N/A</td><td>22982</td><td>active</td><td/><td>PharmaceuticalEntityNamePartQualifiers</td></tr><tr><td>2</td><td style=\"white-space:nowrap\">  TIME<a name=\"v3-EntityNamePartQualifier-TIME\"> </a></td><td>TimeOrPeriodName</td><td>**Description:** This refers to a time or time period that may be specified in the text of the medicinal product name\r\n\r\n**Example:**\r\n\r\n *  For an influenza vaccine 'Drug-FLU season 2008/2009', the time/period part is &quot;2008/2009 season&quot;</td><td>23313</td><td>active</td><td/><td>PharmaceuticalEntityNamePartQualifiers</td></tr><tr><td>2</td><td style=\"white-space:nowrap\">  TMK<a name=\"v3-EntityNamePartQualifier-TMK\"> </a></td><td>trademark name</td><td>**Description:** This refers to trademark/company element if present in the medicinal product name.\r\n\r\nEXAMPLES:\r\n\r\n *  for Insulin Human Winthrop Comb 15: Winthrop</td><td>22987</td><td>active</td><td/><td>PharmaceuticalEntityNamePartQualifiers</td></tr><tr><td>2</td><td style=\"white-space:nowrap\">  USE<a name=\"v3-EntityNamePartQualifier-USE\"> </a></td><td>intended use name</td><td>**Description:** This refers to the intended use if present in the medicinal product name without the trademark or the name of the marketing authorization holder or any other descriptor reflected in the product name.\r\n\r\n**Examples:**\r\n\r\n *  For 'Drug-BI Caplets - Heartburn Relief', the intended use part is: &quot;Heartburn Relief&quot;\r\n *  For 'Medicine Honey Syrup for Soothing Coughs' the intended use part is &quot;Soothing Coughs&quot;</td><td>22984</td><td>active</td><td/><td>PharmaceuticalEntityNamePartQualifiers</td></tr><tr><td>1</td><td style=\"white-space:nowrap\">_PersonNamePartQualifier<a name=\"v3-EntityNamePartQualifier-_PersonNamePartQualifier\"> </a></td><td>PersonNamePartQualifier</td><td/><td>21076</td><td>retired</td><td>true</td><td/></tr><tr><td>2</td><td style=\"white-space:nowrap\">  _PersonNamePartAffixTypes<a name=\"v3-EntityNamePartQualifier-_PersonNamePartAffixTypes\"> </a></td><td>PersonNamePartAffixTypes</td><td/><td>21073</td><td>retired</td><td>true</td><td>_PersonNamePartQualifier</td></tr><tr><td>3</td><td style=\"white-space:nowrap\">    <a href=\"#v3-EntityNamePartQualifier-AC\">AC</a></td><td>academic</td><td colspan=\"5\"/></tr><tr><td>3</td><td style=\"white-space:nowrap\">    <a href=\"#v3-EntityNamePartQualifier-NB\">NB</a></td><td>nobility</td><td colspan=\"5\"/></tr><tr><td>3</td><td style=\"white-space:nowrap\">    <a href=\"#v3-EntityNamePartQualifier-PR\">PR</a></td><td>professional</td><td colspan=\"5\"/></tr><tr><td>3</td><td style=\"white-space:nowrap\">    <a href=\"#v3-EntityNamePartQualifier-VV\">VV</a></td><td>voorvoegsel</td><td colspan=\"5\"/></tr><tr><td>2</td><td style=\"white-space:nowrap\">  _PersonNamePartChangeQualifier<a name=\"v3-EntityNamePartQualifier-_PersonNamePartChangeQualifier\"> </a></td><td>PersonNamePartChangeQualifier</td><td/><td>21074</td><td>retired</td><td>true</td><td>_PersonNamePartQualifier</td></tr><tr><td>3</td><td style=\"white-space:nowrap\">    <a href=\"#v3-EntityNamePartQualifier-AD\">AD</a></td><td>adopted</td><td colspan=\"5\"/></tr><tr><td>3</td><td style=\"white-space:nowrap\">    <a href=\"#v3-EntityNamePartQualifier-BR\">BR</a></td><td>birth</td><td colspan=\"5\"/></tr><tr><td>3</td><td style=\"white-space:nowrap\">    <a href=\"#v3-EntityNamePartQualifier-SP\">SP</a></td><td>spouse</td><td colspan=\"5\"/></tr><tr><td>2</td><td style=\"white-space:nowrap\">  _PersonNamePartMiscQualifier<a name=\"v3-EntityNamePartQualifier-_PersonNamePartMiscQualifier\"> </a></td><td>PersonNamePartMiscQualifier</td><td/><td>21075</td><td>retired</td><td>true</td><td>_PersonNamePartQualifier</td></tr><tr><td>3</td><td style=\"white-space:nowrap\">    <a href=\"#v3-EntityNamePartQualifier-CL\">CL</a></td><td>callme</td><td colspan=\"5\"/></tr><tr><td>2</td><td style=\"white-space:nowrap\">  <a href=\"#v3-EntityNamePartQualifier-IN\">IN</a></td><td>initial</td><td colspan=\"5\"/></tr><tr><td>2</td><td style=\"white-space:nowrap\">  <a href=\"#v3-EntityNamePartQualifier-TITLE\">TITLE</a></td><td>title</td><td colspan=\"5\"/></tr></table></div>"},"url":"http://terminology.hl7.org/CodeSystem/v3-EntityNamePartQualifier","identifier":[{"system":"urn:ietf:rfc:3986","value":"urn:oid:2.16.840.1.113883.5.43"}],"version":"2.1.0","name":"EntityNamePartQualifier","title":"EntityNamePartQualifier","status":"active","experimental":false,"date":"2019-03-20","publisher":"Health Level 7","contact":[{"name":"Health Level Seven"}],"description":"*OpenIssue:* Needs description","caseSensitive":true,"hierarchyMeaning":"is-a","content":"complete","property":[{"extension":[{"url":"http://terminology.hl7.org/StructureDefinition/ext-mif-relationship-symmetry","valueCode":"antisymmetric"},{"url":"http://terminology.hl7.org/StructureDefinition/ext-mif-relationship-transitivity","valueCode":"transitive"},{"url":"http://terminology.hl7.org/StructureDefinition/ext-mif-relationship-reflexivity","valueCode":"irreflexive"},{"url":"http://terminology.hl7.org/StructureDefinition/ext-mif-relationship-isNavigable","valueBoolean":true},{"url":"http://terminology.hl7.org/StructureDefinition/ext-mif-relationship-relationshipKind","valueCode":"Specializes"},{"url":"http://terminology.hl7.org/StructureDefinition/ext-mif-relationship-inverseName","valueString":"Generalizes"}],"code":"Specializes","description":"The child code is a more narrow version of the concept represented by the parent code.  I.e. Every child concept is also a valid parent concept.  Used to allow determination of subsumption.  Must be transitive, irreflexive, antisymmetric.","type":"Coding"},{"extension":[{"url":"http://terminology.hl7.org/StructureDefinition/ext-mif-relationship-symmetry","valueCode":"antisymmetric"},{"url":"http://terminology.hl7.org/StructureDefinition/ext-mif-relationship-transitivity","valueCode":"transitive"},{"url":"http://terminology.hl7.org/StructureDefinition/ext-mif-relationship-reflexivity","valueCode":"irreflexive"},{"url":"http://terminology.hl7.org/StructureDefinition/ext-mif-relationship-isNavigable","valueBoolean":true},{"url":"http://terminology.hl7.org/StructureDefinition/ext-mif-relationship-relationshipKind","valueCode":"Generalizes"},{"url":"http://terminology.hl7.org/StructureDefinition/ext-mif-relationship-inverseName","valueString":"Specializes"}],"code":"Generalizes","description":"Inverse of Specializes.  Only included as a derived relationship.","type":"Coding"},{"code":"internalId","uri":"http://terminology.hl7.org/CodeSystem/utg-concept-properties#v3-internal-id","description":"The internal identifier for the concept in the HL7 Access database repository.","type":"code"},{"code":"status","uri":"http://hl7.org/fhir/concept-properties#status","description":"Designation of a concept's state.  Normally is not populated unless the state is retired..","type":"code"},{"code":"notSelectable","uri":"http://hl7.org/fhir/concept-properties#notSelectable","description":"Indicates that the code is abstract - only intended to be used as a selector for other concepts","type":"boolean"},{"code":"subsumedBy","uri":"http://hl7.org/fhir/concept-properties#parent","description":"The concept code of a parent concept","type":"code"}],"concept":[{"code":"_OrganizationNamePartQualifier","display":"OrganizationNamePartQualifier","property":[{"code":"notSelectable","valueBoolean":true},{"code":"status","valueCode":"active"},{"code":"internalId","valueCode":"21072"}]},{"code":"PharmaceuticalEntityNamePartQualifiers","display":"PharmaceuticalEntityNamePartQualifiers","definition":"**Description:** Medication Name Parts are a means of specifying a range of acceptable \"official\" forms of the name of a product. They are used as patterns against which input name strings may be matched for automatic identification of products from input text reports. While they cover the concepts held under \"doseForm\" or \"route\" or \"strength\" the name parts are not the same and do not fit into a controlled vocabulary in the same way. By specifying up to 8 name parts a much larger range of possible names can be generated.","property":[{"code":"notSelectable","valueBoolean":true},{"code":"status","valueCode":"active"},{"code":"internalId","valueCode":"22979"}]},{"code":"_PersonNamePartQualifier","display":"PersonNamePartQualifier","property":[{"code":"notSelectable","valueBoolean":true},{"code":"status","valueCode":"retired"},{"code":"internalId","valueCode":"21076"}]},{"code":"AC","display":"academic","definition":"Indicates that a prefix like \"Dr.\" or a suffix like \"M.D.\" or \"Ph.D.\" is an academic title.","property":[{"code":"status","valueCode":"active"},{"code":"internalId","valueCode":"10668"},{"code":"subsumedBy","valueCode":"_OrganizationNamePartQualifier"},{"code":"subsumedBy","valueCode":"_PersonNamePartAffixTypes"}]},{"code":"AD","display":"adopted","definition":"The name the person was given at the time of adoption.","property":[{"code":"status","valueCode":"active"},{"code":"internalId","valueCode":"21320"},{"code":"subsumedBy","valueCode":"_OrganizationNamePartQualifier"},{"code":"subsumedBy","valueCode":"_PersonNamePartChangeQualifier"}]},{"code":"BR","display":"birth","definition":"A name that a person had shortly after being born. Usually for family names but may be used to mark given names at birth that may have changed later.","property":[{"code":"status","valueCode":"active"},{"code":"internalId","valueCode":"10661"},{"code":"subsumedBy","valueCode":"_OrganizationNamePartQualifier"},{"code":"subsumedBy","valueCode":"_PersonNamePartChangeQualifier"}]},{"code":"CL","display":"callme","definition":"A callme name is (usually a given name) that is preferred when a person is directly addressed.","property":[{"code":"status","valueCode":"active"},{"code":"internalId","valueCode":"10673"},{"code":"subsumedBy","valueCode":"_OrganizationNamePartQualifier"},{"code":"subsumedBy","valueCode":"_PersonNamePartMiscQualifier"}]},{"code":"IN","display":"initial","definition":"Indicates that a name part is just an initial. Initials do not imply a trailing period since this would not work with non-Latin scripts. Initials may consist of more than one letter, e.g., \"Ph.\" could stand for \"Philippe\" or \"Th.\" for \"Thomas\".","property":[{"code":"status","valueCode":"active"},{"code":"internalId","valueCode":"17938"},{"code":"subsumedBy","valueCode":"_OrganizationNamePartQualifier"},{"code":"subsumedBy","valueCode":"_PersonNamePartQualifier"}]},{"code":"LS","display":"Legal status","definition":"For organizations a suffix indicating the legal status, e.g., \"Inc.\", \"Co.\", \"AG\", \"GmbH\", \"B.V.\" \"S.A.\", \"Ltd.\" etc.","property":[{"code":"status","valueCode":"active"},{"code":"internalId","valueCode":"15890"},{"code":"subsumedBy","valueCode":"_OrganizationNamePartQualifier"}]},{"code":"NB","display":"nobility","definition":"In Europe and Asia, there are still people with nobility titles (aristocrats). German \"von\" is generally a nobility title, not a mere voorvoegsel. Others are \"Earl of\" or \"His Majesty King of...\" etc. Rarely used nowadays, but some systems do keep track of this.","property":[{"code":"status","valueCode":"active"},{"code":"internalId","valueCode":"10670"},{"code":"subsumedBy","valueCode":"_OrganizationNamePartQualifier"},{"code":"subsumedBy","valueCode":"_PersonNamePartAffixTypes"}]},{"code":"PR","display":"professional","definition":"Primarily in the British Imperial culture people tend to have an abbreviation of their professional organization as part of their credential suffices.","property":[{"code":"status","valueCode":"active"},{"code":"internalId","valueCode":"10669"},{"code":"subsumedBy","valueCode":"_OrganizationNamePartQualifier"},{"code":"subsumedBy","valueCode":"_PersonNamePartAffixTypes"}]},{"code":"SP","display":"spouse","definition":"The name assumed from the partner in a marital relationship (hence the \"SP\"). Usually the spouse's family name. Note that no inference about gender can be made from the existence of spouse names.","property":[{"code":"status","valueCode":"active"},{"code":"internalId","valueCode":"10665"},{"code":"subsumedBy","valueCode":"_OrganizationNamePartQualifier"},{"code":"subsumedBy","valueCode":"_PersonNamePartChangeQualifier"}]},{"code":"TITLE","display":"title","definition":"Indicates that a prefix or a suffix is a title that applies to the whole name, not just the adjacent name part.","property":[{"code":"status","valueCode":"active"},{"code":"internalId","valueCode":"21462"},{"code":"subsumedBy","valueCode":"_OrganizationNamePartQualifier"},{"code":"subsumedBy","valueCode":"_PersonNamePartQualifier"}]},{"code":"VV","display":"voorvoegsel","definition":"A Dutch \"voorvoegsel\" is something like \"van\" or \"de\" that might have indicated nobility in the past but no longer so. Similar prefixes exist in other languages such as Spanish, French or Portugese.","property":[{"code":"status","valueCode":"active"},{"code":"internalId","valueCode":"10667"},{"code":"subsumedBy","valueCode":"_OrganizationNamePartQualifier"},{"code":"subsumedBy","valueCode":"_PersonNamePartAffixTypes"}]},{"code":"_PersonNamePartAffixTypes","display":"PersonNamePartAffixTypes","property":[{"code":"notSelectable","valueBoolean":true},{"code":"status","valueCode":"retired"},{"code":"internalId","valueCode":"21073"},{"code":"subsumedBy","valueCode":"_PersonNamePartQualifier"}]},{"code":"_PersonNamePartChangeQualifier","display":"PersonNamePartChangeQualifier","property":[{"code":"notSelectable","valueBoolean":true},{"code":"status","valueCode":"retired"},{"code":"internalId","valueCode":"21074"},{"code":"subsumedBy","valueCode":"_PersonNamePartQualifier"}]},{"code":"_PersonNamePartMiscQualifier","display":"PersonNamePartMiscQualifier","property":[{"code":"notSelectable","valueBoolean":true},{"code":"status","valueCode":"retired"},{"code":"internalId","valueCode":"21075"},{"code":"subsumedBy","valueCode":"_PersonNamePartQualifier"}]},{"code":"CON","display":"container name","definition":"**Description:** This refers to the container if present in the medicinal product name.\r\n\r\nEXAMPLES:\r\n\r\n *  For Optaflu suspension for injection in pre-filled syringe Influenza vaccine (surface antigen, inactivated, prepared in cell culture) (2007/2008 season): pre-filled syringe","property":[{"code":"status","valueCode":"active"},{"code":"internalId","valueCode":"22985"},{"code":"subsumedBy","valueCode":"PharmaceuticalEntityNamePartQualifiers"}]},{"code":"DEV","display":"device name","definition":"**Description:** This refers to the qualifiers in the name for devices and is at the moment mainly applicable to insulins and inhalation products.\r\n\r\nEXAMPLES:\r\n\r\n *  For the medicinal product Actrapid FlexPen 100 IU/ml Solution for injection Subcutaneous use: FlexPen.","property":[{"code":"status","valueCode":"active"},{"code":"internalId","valueCode":"22986"},{"code":"subsumedBy","valueCode":"PharmaceuticalEntityNamePartQualifiers"}]},{"code":"FLAV","display":"FlavorName","definition":"**Description:** This refers to a flavor of the medicinal product if present in the medicinal product name.\r\n\r\n**Examples:**\r\n\r\n *  For 'CoughCure Linctus Orange Flavor', the flavor part is \"Orange\"\r\n *  For 'Wonderdrug Syrup Cherry Flavor', the flavor part is \"Cherry\"","property":[{"code":"status","valueCode":"active"},{"code":"internalId","valueCode":"23314"},{"code":"subsumedBy","valueCode":"PharmaceuticalEntityNamePartQualifiers"}]},{"code":"FORMUL","display":"FormulationPartName","definition":"**Description:** This refers to the formulation of the medicinal product if present in the medicinal product name.\r\n\r\n**Examples:**\r\n\r\n *  For 'SpecialMed Sugar Free Cough Syrup', the formulation name part is \"Sugar Free\"\r\n *  For 'QuickCure Gluten-free Bulk Fibre', the formulation name part is \"gluten-free\"","property":[{"code":"status","valueCode":"active"},{"code":"internalId","valueCode":"23312"},{"code":"subsumedBy","valueCode":"PharmaceuticalEntityNamePartQualifiers"}]},{"code":"FRM","display":"form name","definition":"**Description:** This refers to the pharmaceutical form/ if present in the medicinal product name.\r\n\r\nEXAMPLES:\r\n\r\n *  For Agenerase 50 mg soft capsules: Soft Capsules\r\n *  For Ludiomil 25mg-Filmtabletten: Filmtabletten\r\n *  For Optaflu suspension for injection in pre-filled syringe Influenza vaccine (surface antigen, inactivated, prepared in cell culture) (2007/2008 season): suspension for injection","property":[{"code":"status","valueCode":"active"},{"code":"internalId","valueCode":"22983"},{"code":"subsumedBy","valueCode":"PharmaceuticalEntityNamePartQualifiers"}]},{"code":"INV","display":"invented name","definition":"**Description:** This refers to the product name without the trademark or the name of the marketing authorization holder or any other descriptor reflected in the product name and, if appropriate, whether it is intended e.g. for babies, children or adults.\r\n\r\nEXAMPLES:\r\n\r\n *  Agenerase\r\n *  Optaflu\r\n *  Ludiomil","property":[{"code":"status","valueCode":"active"},{"code":"internalId","valueCode":"22980"},{"code":"subsumedBy","valueCode":"PharmaceuticalEntityNamePartQualifiers"}]},{"code":"POPUL","display":"TargetPopulationName","definition":"**Description:** This refers to the target population for the medicinal product if present in the medicinal product name\r\n\r\n**Examples:**\r\n\r\n *  For 'Broncho-Drug 3.5 mg-capsules for children', the target population part is \"children\"\r\n *  For 'Adult Chesty Cough Syrup', the target population part is \"adult\"","property":[{"code":"status","valueCode":"active"},{"code":"internalId","valueCode":"23311"},{"code":"subsumedBy","valueCode":"PharmaceuticalEntityNamePartQualifiers"}]},{"code":"SCI","display":"scientific name","definition":"**Description:** This refers to the product common or scientific name without the trademark or the name of the marketing authorization holder or any other descriptor reflected in the product name.\r\n\r\nEXAMPLES:\r\n\r\n *  For Agenerase: N/A\r\n *  For Optaflu: Influenza vaccine (surface antigen, inactivated, prepared in cell culture) (2007/2008 season)\r\n *  For Ludiomil: N/A","property":[{"code":"status","valueCode":"active"},{"code":"internalId","valueCode":"22981"},{"code":"subsumedBy","valueCode":"PharmaceuticalEntityNamePartQualifiers"}]},{"code":"STR","display":"strength name","definition":"**Description:** This refers to the strength if present in the medicinal product name. The use of decimal points should be accommodated if required.\r\n\r\nEXAMPLES:\r\n\r\n *  For Agenerase 50 mg soft capsules: 50mg\r\n *  For Ludiomil 25mg-Filmtabletten: 25 mg\r\n *  For Optaflu suspension for injection in pre-filled syringe Influenza vaccine (surface antigen, inactivated, prepared in cell culture) (2007/2008 season): N/A","property":[{"code":"status","valueCode":"active"},{"code":"internalId","valueCode":"22982"},{"code":"subsumedBy","valueCode":"PharmaceuticalEntityNamePartQualifiers"}]},{"code":"TIME","display":"TimeOrPeriodName","definition":"**Description:** This refers to a time or time period that may be specified in the text of the medicinal product name\r\n\r\n**Example:**\r\n\r\n *  For an influenza vaccine 'Drug-FLU season 2008/2009', the time/period part is \"2008/2009 season\"","property":[{"code":"status","valueCode":"active"},{"code":"internalId","valueCode":"23313"},{"code":"subsumedBy","valueCode":"PharmaceuticalEntityNamePartQualifiers"}]},{"code":"TMK","display":"trademark name","definition":"**Description:** This refers to trademark/company element if present in the medicinal product name.\r\n\r\nEXAMPLES:\r\n\r\n *  for Insulin Human Winthrop Comb 15: Winthrop","property":[{"code":"status","valueCode":"active"},{"code":"internalId","valueCode":"22987"},{"code":"subsumedBy","valueCode":"PharmaceuticalEntityNamePartQualifiers"}]},{"code":"USE","display":"intended use name","definition":"**Description:** This refers to the intended use if present in the medicinal product name without the trademark or the name of the marketing authorization holder or any other descriptor reflected in the product name.\r\n\r\n**Examples:**\r\n\r\n *  For 'Drug-BI Caplets - Heartburn Relief', the intended use part is: \"Heartburn Relief\"\r\n *  For 'Medicine Honey Syrup for Soothing Coughs' the intended use part is \"Soothing Coughs\"","property":[{"code":"status","valueCode":"active"},{"code":"internalId","valueCode":"22984"},{"code":"subsumedBy","valueCode":"PharmaceuticalEntityNamePartQualifiers"}]}]}