{"resourceType":"CodeSystem","id":"v2-0528","text":{"status":"generated","div":"<div xmlns=\"http://www.w3.org/1999/xhtml\"><p><b>Properties</b></p><table class=\"grid\"><tr><td><b>Code</b></td><td><b>URL</b></td><td><b>Type</b></td><td><b>Description</b></td></tr><tr><td>status</td><td>http://terminology.hl7.org/CodeSystem/utg-concept-properties#status</td><td>code</td><td>Status of the concept</td></tr><tr><td>deprecated</td><td>http://terminology.hl7.org/CodeSystem/utg-concept-properties#v2-table-deprecated</td><td>code</td><td>Version of HL7 in which the code was deprecated</td></tr></table><p>This code system <code>http://terminology.hl7.org/CodeSystem/v2-0528</code> defines the following codes:</p><table class=\"codes\"><tr><td style=\"white-space:nowrap\"><b>Code</b></td><td><b>Display</b></td><td><b>Definition</b></td></tr><tr><td style=\"white-space:nowrap\">HS<a name=\"v2-0528-HS\"> </a></td><td>the hour of sleep (e.g., H18-22)</td><td>the hour of sleep (e.g., H18-22)</td></tr><tr><td style=\"white-space:nowrap\">AC<a name=\"v2-0528-AC\"> </a></td><td>before meal (from lat. ante cibus)</td><td>before meal (from lat. ante cibus)</td></tr><tr><td style=\"white-space:nowrap\">PC<a name=\"v2-0528-PC\"> </a></td><td>after meal (from lat. post cibus)</td><td>after meal (from lat. post cibus)</td></tr><tr><td style=\"white-space:nowrap\">IC<a name=\"v2-0528-IC\"> </a></td><td>between meals (from lat. inter cibus)</td><td>between meals (from lat. inter cibus)</td></tr><tr><td style=\"white-space:nowrap\">ACM<a name=\"v2-0528-ACM\"> </a></td><td>before breakfast (from lat. ante cibus matutinus)</td><td>before breakfast (from lat. ante cibus matutinus)</td></tr><tr><td style=\"white-space:nowrap\">ACD<a name=\"v2-0528-ACD\"> </a></td><td>before lunch (from lat. ante cibus diurnus)</td><td>before lunch (from lat. ante cibus diurnus)</td></tr><tr><td style=\"white-space:nowrap\">ACV<a name=\"v2-0528-ACV\"> </a></td><td>before dinner (from lat. ante cibus vespertinus)</td><td>before dinner (from lat. ante cibus vespertinus)</td></tr><tr><td style=\"white-space:nowrap\">PCM<a name=\"v2-0528-PCM\"> </a></td><td>after breakfast (from lat. post cibus matutinus)</td><td>after breakfast (from lat. post cibus matutinus)</td></tr><tr><td style=\"white-space:nowrap\">PCD<a name=\"v2-0528-PCD\"> </a></td><td>after lunch (from lat. post cibus diurnus)</td><td>after lunch (from lat. post cibus diurnus)</td></tr><tr><td style=\"white-space:nowrap\">PCV<a name=\"v2-0528-PCV\"> </a></td><td>after dinner (from lat. post cibus vespertinus)</td><td>after dinner (from lat. post cibus vespertinus)</td></tr><tr><td style=\"white-space:nowrap\">ICM<a name=\"v2-0528-ICM\"> </a></td><td>between breakfast and lunch</td><td>between breakfast and lunch</td></tr><tr><td style=\"white-space:nowrap\">ICD<a name=\"v2-0528-ICD\"> </a></td><td>between lunch and dinner</td><td>between lunch and dinner</td></tr><tr><td style=\"white-space:nowrap\">ICV<a name=\"v2-0528-ICV\"> </a></td><td>between dinner and the hour of sleep</td><td>between dinner and the hour of sleep</td></tr></table><p><b>Additional Language Displays</b></p><table class=\"codes\"><tr><td><b>Code</b></td><td><b>Deutsch (German, de)</b></td></tr><tr><td>HS</td><td/></tr><tr><td>AC</td><td>vor der Mahlzeit (from lat. Ante cibus)</td></tr><tr><td>PC</td><td/></tr><tr><td>IC</td><td/></tr><tr><td>ACM</td><td>vor dem Frühstück (from lat. Ante cibus matutinus)</td></tr><tr><td>ACD</td><td>vor dem Mittagessen (from lat. Ante cibus diurnus)</td></tr><tr><td>ACV</td><td>vor dem Abendessen (from lat. Ante cibus vespertinus)</td></tr><tr><td>PCM</td><td/></tr><tr><td>PCD</td><td/></tr><tr><td>PCV</td><td/></tr><tr><td>ICM</td><td/></tr><tr><td>ICD</td><td/></tr><tr><td>ICV</td><td/></tr></table></div>"},"extension":[{"url":"http://hl7.org/fhir/StructureDefinition/structuredefinition-wg","valueCode":"inm"},{"url":"http://hl7.org/fhir/StructureDefinition/structuredefinition-wg","valueCode":"oo"}],"url":"http://terminology.hl7.org/CodeSystem/v2-0528","identifier":[{"system":"urn:ietf:rfc:3986","value":"urn:oid:2.16.840.1.113883.18.344"}],"version":"2.1.0","name":"EventRelatedPeriod","title":"eventRelatedPeriod","status":"active","experimental":false,"date":"2019-12-01","publisher":"HL7, Inc","contact":[{"telecom":[{"system":"url","value":"http://www.hl7.org/"}]}],"description":"HL7-defined code system of concepts specifying a common (periodical) activity of daily living.  Used in HL7 Version 2 messaging in the RPT segment.","purpose":"Underlying Master Code System for V2 table 0528 (Event Related Period)","copyright":"Copyright HL7. Licensed under creative commons public domain","caseSensitive":true,"valueSet":"http://terminology.hl7.org/ValueSet/v2-0528","hierarchyMeaning":"is-a","compositional":false,"versionNeeded":false,"content":"complete","property":[{"code":"status","uri":"http://terminology.hl7.org/CodeSystem/utg-concept-properties#status","description":"Status of the concept","type":"code"},{"code":"deprecated","uri":"http://terminology.hl7.org/CodeSystem/utg-concept-properties#v2-table-deprecated","description":"Version of HL7 in which the code was deprecated","type":"code"}],"concept":[{"id":"5613","code":"HS","display":"the hour of sleep (e.g., H18-22)","definition":"the hour of sleep (e.g., H18-22)","property":[{"code":"status","valueCode":"A"}]},{"id":"5614","code":"AC","display":"before meal (from lat. ante cibus)","definition":"before meal (from lat. ante cibus)","designation":[{"language":"de","use":{"system":"http://terminology.hl7.org/CodeSystem/hl7TermMaintInfra","code":"preferredForLanguage"},"value":"vor der Mahlzeit (from lat. Ante cibus)"}],"property":[{"code":"status","valueCode":"A"}]},{"id":"5615","code":"PC","display":"after meal (from lat. post cibus)","definition":"after meal (from lat. post cibus)","property":[{"code":"status","valueCode":"A"}]},{"id":"5616","code":"IC","display":"between meals (from lat. inter cibus)","definition":"between meals (from lat. inter cibus)","property":[{"code":"status","valueCode":"A"}]},{"id":"5617","code":"ACM","display":"before breakfast (from lat. ante cibus matutinus)","definition":"before breakfast (from lat. ante cibus matutinus)","designation":[{"language":"de","use":{"system":"http://terminology.hl7.org/CodeSystem/hl7TermMaintInfra","code":"preferredForLanguage"},"value":"vor dem Frühstück (from lat. Ante cibus matutinus)"}],"property":[{"code":"status","valueCode":"A"}]},{"id":"5618","code":"ACD","display":"before lunch (from lat. ante cibus diurnus)","definition":"before lunch (from lat. ante cibus diurnus)","designation":[{"language":"de","use":{"system":"http://terminology.hl7.org/CodeSystem/hl7TermMaintInfra","code":"preferredForLanguage"},"value":"vor dem Mittagessen (from lat. Ante cibus diurnus)"}],"property":[{"code":"status","valueCode":"A"}]},{"id":"5619","code":"ACV","display":"before dinner (from lat. ante cibus vespertinus)","definition":"before dinner (from lat. ante cibus vespertinus)","designation":[{"language":"de","use":{"system":"http://terminology.hl7.org/CodeSystem/hl7TermMaintInfra","code":"preferredForLanguage"},"value":"vor dem Abendessen (from lat. Ante cibus vespertinus)"}],"property":[{"code":"status","valueCode":"A"}]},{"id":"5620","code":"PCM","display":"after breakfast (from lat. post cibus matutinus)","definition":"after breakfast (from lat. post cibus matutinus)","property":[{"code":"status","valueCode":"A"}]},{"id":"5621","code":"PCD","display":"after lunch (from lat. post cibus diurnus)","definition":"after lunch (from lat. post cibus diurnus)","property":[{"code":"status","valueCode":"A"}]},{"id":"5622","code":"PCV","display":"after dinner (from lat. post cibus vespertinus)","definition":"after dinner (from lat. post cibus vespertinus)","property":[{"code":"status","valueCode":"A"}]},{"id":"5623","code":"ICM","display":"between breakfast and lunch","definition":"between breakfast and lunch","property":[{"code":"status","valueCode":"A"}]},{"id":"5624","code":"ICD","display":"between lunch and dinner","definition":"between lunch and dinner","property":[{"code":"status","valueCode":"A"}]},{"id":"5625","code":"ICV","display":"between dinner and the hour of sleep","definition":"between dinner and the hour of sleep","property":[{"code":"status","valueCode":"A"}]}]}