{"resourceType":"CodeSystem","id":"MDREX","text":{"status":"generated","div":"<div xmlns=\"http://www.w3.org/1999/xhtml\"><p>This code system <code>http://terminology.hl7.org/CodeSystem/MDREX</code> defines many codes, but they are not represented here</p></div>"},"url":"http://terminology.hl7.org/CodeSystem/MDREX","identifier":[{"system":"urn:ietf:rfc:3986","value":"urn:oid:2.16.840.1.113883.6.164"}],"version":"2.0.1","name":"MDREX","title":"MedDRA expanded","status":"retired","experimental":false,"date":"2021-11-09T10:00:00+10:00","publisher":"TBD - External Body","contact":[{"name":"MedDRA MSSO/ Northrop Grumman,MedDRA MSSO/ Northrop Grumman"}],"description":"Medical Dictionary for Regulatory Activities Terminology (MedDRA), with expanded abbreviations, Version 7.0. Bethesda, MD: National Library of Medicine, March 1, 2004.","caseSensitive":true,"content":"not-present"}