{"resourceType":"CodeSystem","id":"v2-0121","text":{"status":"generated","div":"<div xmlns=\"http://www.w3.org/1999/xhtml\"><p><b>Properties</b></p><table class=\"grid\"><tr><td><b>Code</b></td><td><b>URL</b></td><td><b>Type</b></td><td><b>Description</b></td></tr><tr><td>status</td><td>http://terminology.hl7.org/CodeSystem/utg-concept-properties#status</td><td>code</td><td>Status of the concept</td></tr><tr><td>deprecated</td><td>http://terminology.hl7.org/CodeSystem/utg-concept-properties#v2-table-deprecated</td><td>code</td><td>Version of HL7 in which the code was deprecated</td></tr></table><p>This code system <code>http://terminology.hl7.org/CodeSystem/v2-0121</code> defines the following codes:</p><table class=\"codes\"><tr><td style=\"white-space:nowrap\"><b>Code</b></td><td><b>Display</b></td><td><b>Definition</b></td></tr><tr><td style=\"white-space:nowrap\">E<a name=\"v2-0121-E\"> </a></td><td>Report exceptions only</td><td>Report exceptions only</td></tr><tr><td style=\"white-space:nowrap\">R<a name=\"v2-0121-R\"> </a></td><td>Same as E, also Replacement and Parent-Child</td><td>Report exceptions, replacement and parent-child</td></tr><tr><td style=\"white-space:nowrap\">D<a name=\"v2-0121-D\"> </a></td><td>Same as R, also other associated segments</td><td>Report exceptions, replacement, parent-child and other associated segments</td></tr><tr><td style=\"white-space:nowrap\">F<a name=\"v2-0121-F\"> </a></td><td>Same as D, plus confirmations explicitly</td><td>Report exceptions, replacement, parent-child, other associated segments and explicit confirmations</td></tr><tr><td style=\"white-space:nowrap\">N<a name=\"v2-0121-N\"> </a></td><td>Only the MSA segment is returned</td><td>Only the MSA segment is returned</td></tr></table><p><b>Additional Language Displays</b></p><table class=\"codes\"><tr><td><b>Code</b></td><td><b>Deutsch (German, de)</b></td></tr><tr><td>E</td><td>Nur OK oder Fehlercode nach Auftragsprüfung / -bearbeitung</td></tr><tr><td>R</td><td>Wie E, zusätzlich ORC-Segmente von nachgeordneten und Ersatzaufträgen</td></tr><tr><td>D</td><td>Wie R, zusätzlich Detail-Segmente (OBR usw.) von nachgeordneten und Ersatzaufträ</td></tr><tr><td>F</td><td>Wie D, zusätzlich ausdrückliche Bestätigungen</td></tr><tr><td>N</td><td>Nur Eingangsbestätigung</td></tr></table></div>"},"url":"http://terminology.hl7.org/CodeSystem/v2-0121","identifier":[{"system":"urn:ietf:rfc:3986","value":"urn:oid:2.16.840.1.113883.18.49"}],"version":"2.2.0","name":"ResponseFlag","title":"responseFlag","status":"active","experimental":false,"date":"2019-12-01","publisher":"HL7, Inc","contact":[{"telecom":[{"system":"url","value":"http://www.hl7.org/"}]}],"description":"HL7-defined code system of concepts allowing the placer (sending) application to determine the amount of information to be returned from the filler.  Used in HL7 Version 2.x messaging in the ORC segment.","purpose":"Underlying Master Code System for V2 table 0121 (Response Flag)","copyright":"Copyright HL7. Licensed under creative commons public domain","caseSensitive":true,"valueSet":"http://terminology.hl7.org/ValueSet/v2-0121","hierarchyMeaning":"is-a","compositional":false,"versionNeeded":false,"content":"complete","property":[{"code":"status","uri":"http://terminology.hl7.org/CodeSystem/utg-concept-properties#status","description":"Status of the concept","type":"code"},{"code":"deprecated","uri":"http://terminology.hl7.org/CodeSystem/utg-concept-properties#v2-table-deprecated","description":"Version of HL7 in which the code was deprecated","type":"code"}],"concept":[{"id":"1417","code":"E","display":"Report exceptions only","definition":"Report exceptions only","designation":[{"language":"de","use":{"system":"http://terminology.hl7.org/CodeSystem/hl7TermMaintInfra","code":"preferredForLanguage"},"value":"Nur OK oder Fehlercode nach Auftragsprüfung / -bearbeitung"}],"property":[{"code":"status","valueCode":"A"}]},{"id":"1418","code":"R","display":"Same as E, also Replacement and Parent-Child","definition":"Report exceptions, replacement and parent-child","designation":[{"language":"de","use":{"system":"http://terminology.hl7.org/CodeSystem/hl7TermMaintInfra","code":"preferredForLanguage"},"value":"Wie E, zusätzlich ORC-Segmente von nachgeordneten und Ersatzaufträgen"}],"property":[{"code":"status","valueCode":"A"}]},{"id":"1419","code":"D","display":"Same as R, also other associated segments","definition":"Report exceptions, replacement, parent-child and other associated segments","designation":[{"language":"de","use":{"system":"http://terminology.hl7.org/CodeSystem/hl7TermMaintInfra","code":"preferredForLanguage"},"value":"Wie R, zusätzlich Detail-Segmente (OBR usw.) von nachgeordneten und Ersatzaufträ"}],"property":[{"code":"status","valueCode":"A"}]},{"id":"1420","code":"F","display":"Same as D, plus confirmations explicitly","definition":"Report exceptions, replacement, parent-child, other associated segments and explicit confirmations","designation":[{"language":"de","use":{"system":"http://terminology.hl7.org/CodeSystem/hl7TermMaintInfra","code":"preferredForLanguage"},"value":"Wie D, zusätzlich ausdrückliche Bestätigungen"}],"property":[{"code":"status","valueCode":"A"}]},{"id":"1421","code":"N","display":"Only the MSA segment is returned","definition":"Only the MSA segment is returned","designation":[{"language":"de","use":{"system":"http://terminology.hl7.org/CodeSystem/hl7TermMaintInfra","code":"preferredForLanguage"},"value":"Nur Eingangsbestätigung"}],"property":[{"code":"status","valueCode":"A"}]}]}