{"resourceType":"CodeSystem","id":"v2-0074","text":{"status":"generated","div":"<div xmlns=\"http://www.w3.org/1999/xhtml\"><p><b>Properties</b></p><table class=\"grid\"><tr><td><b>Code</b></td><td><b>URL</b></td><td><b>Type</b></td><td><b>Description</b></td></tr><tr><td>status</td><td>http://terminology.hl7.org/CodeSystem/utg-concept-properties#status</td><td>code</td><td>Status of the concept</td></tr><tr><td>deprecated</td><td>http://terminology.hl7.org/CodeSystem/utg-concept-properties#v2-table-deprecated</td><td>code</td><td>Version of HL7 in which the code was deprecated</td></tr></table><p>This code system <code>http://terminology.hl7.org/CodeSystem/v2-0074</code> defines the following codes:</p><table class=\"codes\"><tr><td style=\"white-space:nowrap\"><b>Code</b></td><td><b>Display</b></td><td><b>Definition</b></td><td><b>deprecated</b></td></tr><tr><td style=\"white-space:nowrap\">AU<a name=\"v2-0074-AU\"> </a></td><td>Audiology</td><td>Audiology</td><td/></tr><tr><td style=\"white-space:nowrap\">BG<a name=\"v2-0074-BG\"> </a></td><td>Blood Gases</td><td>Blood Gases</td><td/></tr><tr><td style=\"white-space:nowrap\">BLB<a name=\"v2-0074-BLB\"> </a></td><td>Blood Bank</td><td>Blood Bank</td><td/></tr><tr><td style=\"white-space:nowrap\">CG<a name=\"v2-0074-CG\"> </a></td><td>Cytogenetics</td><td>Cytogenetics</td><td/></tr><tr><td style=\"white-space:nowrap\">CUS<a name=\"v2-0074-CUS\"> </a></td><td>Cardiac Ultrasound</td><td>Cardiac Ultrasound</td><td/></tr><tr><td style=\"white-space:nowrap\">CTH<a name=\"v2-0074-CTH\"> </a></td><td>Cardiac Catheterization</td><td>Cardiac Catheterization</td><td/></tr><tr><td style=\"white-space:nowrap\">CT<a name=\"v2-0074-CT\"> </a></td><td>CAT Scan</td><td>CAT Scan</td><td/></tr><tr><td style=\"white-space:nowrap\">CH<a name=\"v2-0074-CH\"> </a></td><td>Chemistry</td><td>Chemistry</td><td/></tr><tr><td style=\"white-space:nowrap\">CP<a name=\"v2-0074-CP\"> </a></td><td>Cytopathology</td><td>Cytopathology</td><td/></tr><tr><td style=\"white-space:nowrap\">EC<a name=\"v2-0074-EC\"> </a></td><td>Electrocardiac (e.g., EKG,  EEC, Holter)</td><td>Electrocardiac (e.g., EKG,  EEC, Holter)</td><td/></tr><tr><td style=\"white-space:nowrap\">EN<a name=\"v2-0074-EN\"> </a></td><td>Electroneuro (EEG, EMG,EP,PSG)</td><td>Electroneuro (EEG, EMG,EP,PSG)</td><td/></tr><tr><td style=\"white-space:nowrap\">GE<a name=\"v2-0074-GE\"> </a></td><td>Genetics</td><td>Genetics</td><td/></tr><tr><td style=\"white-space:nowrap\">HM<a name=\"v2-0074-HM\"> </a></td><td>Hematology</td><td>Hematology</td><td/></tr><tr><td style=\"white-space:nowrap\">IMG<a name=\"v2-0074-IMG\"> </a></td><td>Diagnostic Imaging</td><td>Diagnostic Imaging</td><td>2.9</td></tr><tr><td style=\"white-space:nowrap\">ICU<a name=\"v2-0074-ICU\"> </a></td><td>Bedside ICU Monitoring</td><td>Bedside ICU Monitoring</td><td/></tr><tr><td style=\"white-space:nowrap\">IMM<a name=\"v2-0074-IMM\"> </a></td><td>Immunology</td><td>Immunology</td><td/></tr><tr><td style=\"white-space:nowrap\">LAB<a name=\"v2-0074-LAB\"> </a></td><td>Laboratory</td><td>Laboratory</td><td/></tr><tr><td style=\"white-space:nowrap\">MB<a name=\"v2-0074-MB\"> </a></td><td>Microbiology</td><td>Microbiology</td><td/></tr><tr><td style=\"white-space:nowrap\">MCB<a name=\"v2-0074-MCB\"> </a></td><td>Mycobacteriology</td><td>Mycobacteriology</td><td/></tr><tr><td style=\"white-space:nowrap\">MYC<a name=\"v2-0074-MYC\"> </a></td><td>Mycology</td><td>Mycology</td><td/></tr><tr><td style=\"white-space:nowrap\">NMS<a name=\"v2-0074-NMS\"> </a></td><td>Nuclear Medicine Scan</td><td>Nuclear Medicine Scan</td><td/></tr><tr><td style=\"white-space:nowrap\">NMR<a name=\"v2-0074-NMR\"> </a></td><td>Nuclear Magnetic Resonance</td><td>Nuclear Magnetic Resonance</td><td/></tr><tr><td style=\"white-space:nowrap\">NRS<a name=\"v2-0074-NRS\"> </a></td><td>Nursing Service Measures</td><td>Nursing Service Measures</td><td/></tr><tr><td style=\"white-space:nowrap\">OUS<a name=\"v2-0074-OUS\"> </a></td><td>OB Ultrasound</td><td>OB Ultrasound</td><td/></tr><tr><td style=\"white-space:nowrap\">OT<a name=\"v2-0074-OT\"> </a></td><td>Occupational Therapy</td><td>Occupational Therapy</td><td/></tr><tr><td style=\"white-space:nowrap\">OTH<a name=\"v2-0074-OTH\"> </a></td><td>Other</td><td>Other</td><td/></tr><tr><td style=\"white-space:nowrap\">OSL<a name=\"v2-0074-OSL\"> </a></td><td>Outside Lab</td><td>Outside Lab</td><td/></tr><tr><td style=\"white-space:nowrap\">PAR<a name=\"v2-0074-PAR\"> </a></td><td>Parasitology</td><td>Parasitology</td><td>2.9</td></tr><tr><td style=\"white-space:nowrap\">PHR<a name=\"v2-0074-PHR\"> </a></td><td>Pharmacy</td><td>Pharmacy</td><td/></tr><tr><td style=\"white-space:nowrap\">PAT<a name=\"v2-0074-PAT\"> </a></td><td>Pathology (gross &amp; histopath, not surgical)</td><td>Pathology (gross &amp; histopath, not surgical)</td><td>2.9</td></tr><tr><td style=\"white-space:nowrap\">PT<a name=\"v2-0074-PT\"> </a></td><td>Physical Therapy</td><td>Physical Therapy</td><td/></tr><tr><td style=\"white-space:nowrap\">PHY<a name=\"v2-0074-PHY\"> </a></td><td>Physician (Hx. Dx, admission note, etc.)</td><td>Physician (Hx. Dx, admission note, etc.)</td><td/></tr><tr><td style=\"white-space:nowrap\">PF<a name=\"v2-0074-PF\"> </a></td><td>Pulmonary Function</td><td>Pulmonary Function</td><td/></tr><tr><td style=\"white-space:nowrap\">RAD<a name=\"v2-0074-RAD\"> </a></td><td>Radiology</td><td>Radiology</td><td/></tr><tr><td style=\"white-space:nowrap\">RX<a name=\"v2-0074-RX\"> </a></td><td>Radiograph</td><td>Radiograph</td><td/></tr><tr><td style=\"white-space:nowrap\">RUS<a name=\"v2-0074-RUS\"> </a></td><td>Radiology Ultrasound</td><td>Radiology Ultrasound</td><td/></tr><tr><td style=\"white-space:nowrap\">RC<a name=\"v2-0074-RC\"> </a></td><td>Respiratory Care (therapy)</td><td>Respiratory Care (therapy)</td><td/></tr><tr><td style=\"white-space:nowrap\">RT<a name=\"v2-0074-RT\"> </a></td><td>Radiation Therapy</td><td>Radiation Therapy</td><td/></tr><tr><td style=\"white-space:nowrap\">SR<a name=\"v2-0074-SR\"> </a></td><td>Serology</td><td>Serology</td><td/></tr><tr><td style=\"white-space:nowrap\">SP<a name=\"v2-0074-SP\"> </a></td><td>Surgical Pathology</td><td>Surgical Pathology</td><td/></tr><tr><td style=\"white-space:nowrap\">TX<a name=\"v2-0074-TX\"> </a></td><td>Toxicology</td><td>Toxicology</td><td/></tr><tr><td style=\"white-space:nowrap\">VUS<a name=\"v2-0074-VUS\"> </a></td><td>Vascular Ultrasound</td><td>Vascular Ultrasound</td><td/></tr><tr><td style=\"white-space:nowrap\">VR<a name=\"v2-0074-VR\"> </a></td><td>Virology</td><td>Virology</td><td/></tr><tr><td style=\"white-space:nowrap\">URN<a name=\"v2-0074-URN\"> </a></td><td>Urinalysis</td><td>Urinalysis</td><td>2.9</td></tr><tr><td style=\"white-space:nowrap\">XRC<a name=\"v2-0074-XRC\"> </a></td><td>Cineradiograph</td><td>Cineradiograph</td><td/></tr></table><p><b>Additional Language Displays</b></p><table class=\"codes\"><tr><td><b>Code</b></td><td><b>Deutsch (German, de)</b></td></tr><tr><td>AU</td><td>Audiologie</td></tr><tr><td>BG</td><td>Blutgase</td></tr><tr><td>BLB</td><td>Blutbank</td></tr><tr><td>CG</td><td/></tr><tr><td>CUS</td><td>Kardiologische Ultraschalluntersuchung</td></tr><tr><td>CTH</td><td>Herzkatheter</td></tr><tr><td>CT</td><td>Computertomographie</td></tr><tr><td>CH</td><td>Klinische Chemie</td></tr><tr><td>CP</td><td>Zellpathologie</td></tr><tr><td>EC</td><td>Elektrokardiographie</td></tr><tr><td>EN</td><td>Elektroneurographie, Elektroencephalographie</td></tr><tr><td>GE</td><td>Genetik</td></tr><tr><td>HM</td><td>Hämatologie</td></tr><tr><td>IMG</td><td/></tr><tr><td>ICU</td><td/></tr><tr><td>IMM</td><td>Immunologie</td></tr><tr><td>LAB</td><td>Labor</td></tr><tr><td>MB</td><td>Mikrobiologie</td></tr><tr><td>MCB</td><td>Mykobakteriologie</td></tr><tr><td>MYC</td><td>Mykologie</td></tr><tr><td>NMS</td><td>Szintigramm</td></tr><tr><td>NMR</td><td>Kernspintomographie (MR)</td></tr><tr><td>NRS</td><td>Pflegemaßnahme</td></tr><tr><td>OUS</td><td>Geburtshilfiche Ultraschalluntersuchung</td></tr><tr><td>OT</td><td>Beschäftigungstherapie</td></tr><tr><td>OTH</td><td>Andere</td></tr><tr><td>OSL</td><td>Externes Labor</td></tr><tr><td>PAR</td><td>Parasitologie</td></tr><tr><td>PHR</td><td>Apotheke</td></tr><tr><td>PAT</td><td>Pathologie</td></tr><tr><td>PT</td><td>physiklische Therapie</td></tr><tr><td>PHY</td><td>Arzt (Krankengeschichte, Diagnose, Aufnahmeuntersuchung)</td></tr><tr><td>PF</td><td>Lungenfunktion</td></tr><tr><td>RAD</td><td>Radiologie</td></tr><tr><td>RX</td><td>Röntgenaufnahme</td></tr><tr><td>RUS</td><td>Radiologische Ultraschalluntersuchung</td></tr><tr><td>RC</td><td>Atemtherapie</td></tr><tr><td>RT</td><td>Strahlentherapie</td></tr><tr><td>SR</td><td>Serologie</td></tr><tr><td>SP</td><td>Operative Pathologie</td></tr><tr><td>TX</td><td>Toxikologie</td></tr><tr><td>VUS</td><td>Ultraschalluntersuchung der Gefäße</td></tr><tr><td>VR</td><td>Virologie</td></tr><tr><td>URN</td><td>Urinanalyse</td></tr><tr><td>XRC</td><td>Röntgenkinematographie</td></tr></table></div>"},"extension":[{"url":"http://hl7.org/fhir/StructureDefinition/structuredefinition-wg","valueCode":"oo"}],"url":"http://terminology.hl7.org/CodeSystem/v2-0074","identifier":[{"system":"urn:ietf:rfc:3986","value":"urn:oid:2.16.840.1.113883.18.29"}],"version":"2.5.0","name":"DiagnosticServiceSectionId","title":"diagnosticServiceSectionId","status":"active","experimental":false,"date":"2019-12-01","publisher":"HL7, Inc","contact":[{"telecom":[{"system":"url","value":"http://www.hl7.org/"}]}],"description":"HL7-defined code system of concepts which specify a section of a diagnostic service where the observation may be performed.  Used in HL7 Version 2.x messaging in the OBR and OM4 segments.","purpose":"Underlying Master Code System for V2 table 0074 (Diagnostic Service Section ID)","copyright":"Copyright HL7. Licensed under creative commons public domain","caseSensitive":true,"valueSet":"http://terminology.hl7.org/ValueSet/v2-0074","hierarchyMeaning":"is-a","compositional":false,"versionNeeded":false,"content":"complete","property":[{"code":"status","uri":"http://terminology.hl7.org/CodeSystem/utg-concept-properties#status","description":"Status of the concept","type":"code"},{"code":"deprecated","uri":"http://terminology.hl7.org/CodeSystem/utg-concept-properties#v2-table-deprecated","description":"Version of HL7 in which the code was deprecated","type":"code"}],"concept":[{"id":"1036","code":"AU","display":"Audiology","definition":"Audiology","designation":[{"language":"de","use":{"system":"http://terminology.hl7.org/CodeSystem/hl7TermMaintInfra","code":"preferredForLanguage"},"value":"Audiologie"}],"property":[{"code":"status","valueCode":"A"}]},{"id":"1037","code":"BG","display":"Blood Gases","definition":"Blood Gases","designation":[{"language":"de","use":{"system":"http://terminology.hl7.org/CodeSystem/hl7TermMaintInfra","code":"preferredForLanguage"},"value":"Blutgase"}],"property":[{"code":"status","valueCode":"A"}]},{"id":"1038","code":"BLB","display":"Blood Bank","definition":"Blood Bank","designation":[{"language":"de","use":{"system":"http://terminology.hl7.org/CodeSystem/hl7TermMaintInfra","code":"preferredForLanguage"},"value":"Blutbank"}],"property":[{"code":"status","valueCode":"A"}]},{"id":"1039","code":"CG","display":"Cytogenetics","definition":"Cytogenetics","property":[{"code":"status","valueCode":"A"}]},{"id":"1040","code":"CUS","display":"Cardiac Ultrasound","definition":"Cardiac Ultrasound","designation":[{"language":"de","use":{"system":"http://terminology.hl7.org/CodeSystem/hl7TermMaintInfra","code":"preferredForLanguage"},"value":"Kardiologische Ultraschalluntersuchung"}],"property":[{"code":"status","valueCode":"A"}]},{"id":"1041","code":"CTH","display":"Cardiac Catheterization","definition":"Cardiac Catheterization","designation":[{"language":"de","use":{"system":"http://terminology.hl7.org/CodeSystem/hl7TermMaintInfra","code":"preferredForLanguage"},"value":"Herzkatheter"}],"property":[{"code":"status","valueCode":"A"}]},{"id":"1042","code":"CT","display":"CAT Scan","definition":"CAT Scan","designation":[{"language":"de","use":{"system":"http://terminology.hl7.org/CodeSystem/hl7TermMaintInfra","code":"preferredForLanguage"},"value":"Computertomographie"}],"property":[{"code":"status","valueCode":"A"}]},{"id":"1043","code":"CH","display":"Chemistry","definition":"Chemistry","designation":[{"language":"de","use":{"system":"http://terminology.hl7.org/CodeSystem/hl7TermMaintInfra","code":"preferredForLanguage"},"value":"Klinische Chemie"}],"property":[{"code":"status","valueCode":"A"}]},{"id":"1044","code":"CP","display":"Cytopathology","definition":"Cytopathology","designation":[{"language":"de","use":{"system":"http://terminology.hl7.org/CodeSystem/hl7TermMaintInfra","code":"preferredForLanguage"},"value":"Zellpathologie"}],"property":[{"code":"status","valueCode":"A"}]},{"id":"1045","code":"EC","display":"Electrocardiac (e.g., EKG,  EEC, Holter)","definition":"Electrocardiac (e.g., EKG,  EEC, Holter)","designation":[{"language":"de","use":{"system":"http://terminology.hl7.org/CodeSystem/hl7TermMaintInfra","code":"preferredForLanguage"},"value":"Elektrokardiographie"}],"property":[{"code":"status","valueCode":"A"}]},{"id":"1046","code":"EN","display":"Electroneuro (EEG, EMG,EP,PSG)","definition":"Electroneuro (EEG, EMG,EP,PSG)","designation":[{"language":"de","use":{"system":"http://terminology.hl7.org/CodeSystem/hl7TermMaintInfra","code":"preferredForLanguage"},"value":"Elektroneurographie, Elektroencephalographie"}],"property":[{"code":"status","valueCode":"A"}]},{"id":"1047","code":"GE","display":"Genetics","definition":"Genetics","designation":[{"language":"de","use":{"system":"http://terminology.hl7.org/CodeSystem/hl7TermMaintInfra","code":"preferredForLanguage"},"value":"Genetik"}],"property":[{"code":"status","valueCode":"A"}]},{"id":"1048","code":"HM","display":"Hematology","definition":"Hematology","designation":[{"language":"de","use":{"system":"http://terminology.hl7.org/CodeSystem/hl7TermMaintInfra","code":"preferredForLanguage"},"value":"Hämatologie"}],"property":[{"code":"status","valueCode":"A"}]},{"id":"1049","code":"IMG","display":"Diagnostic Imaging","definition":"Diagnostic Imaging","property":[{"code":"deprecated","valueCode":"2.9"},{"code":"status","valueCode":"A"}]},{"id":"1050","code":"ICU","display":"Bedside ICU Monitoring","definition":"Bedside ICU Monitoring","property":[{"code":"status","valueCode":"A"}]},{"id":"1051","code":"IMM","display":"Immunology","definition":"Immunology","designation":[{"language":"de","use":{"system":"http://terminology.hl7.org/CodeSystem/hl7TermMaintInfra","code":"preferredForLanguage"},"value":"Immunologie"}],"property":[{"code":"status","valueCode":"A"}]},{"id":"1052","code":"LAB","display":"Laboratory","definition":"Laboratory","designation":[{"language":"de","use":{"system":"http://terminology.hl7.org/CodeSystem/hl7TermMaintInfra","code":"preferredForLanguage"},"value":"Labor"}],"property":[{"code":"status","valueCode":"A"}]},{"id":"1053","code":"MB","display":"Microbiology","definition":"Microbiology","designation":[{"language":"de","use":{"system":"http://terminology.hl7.org/CodeSystem/hl7TermMaintInfra","code":"preferredForLanguage"},"value":"Mikrobiologie"}],"property":[{"code":"status","valueCode":"A"}]},{"id":"1054","code":"MCB","display":"Mycobacteriology","definition":"Mycobacteriology","designation":[{"language":"de","use":{"system":"http://terminology.hl7.org/CodeSystem/hl7TermMaintInfra","code":"preferredForLanguage"},"value":"Mykobakteriologie"}],"property":[{"code":"status","valueCode":"A"}]},{"id":"1055","code":"MYC","display":"Mycology","definition":"Mycology","designation":[{"language":"de","use":{"system":"http://terminology.hl7.org/CodeSystem/hl7TermMaintInfra","code":"preferredForLanguage"},"value":"Mykologie"}],"property":[{"code":"status","valueCode":"A"}]},{"id":"1056","code":"NMS","display":"Nuclear Medicine Scan","definition":"Nuclear Medicine Scan","designation":[{"language":"de","use":{"system":"http://terminology.hl7.org/CodeSystem/hl7TermMaintInfra","code":"preferredForLanguage"},"value":"Szintigramm"}],"property":[{"code":"status","valueCode":"A"}]},{"id":"1057","code":"NMR","display":"Nuclear Magnetic Resonance","definition":"Nuclear Magnetic Resonance","designation":[{"language":"de","use":{"system":"http://terminology.hl7.org/CodeSystem/hl7TermMaintInfra","code":"preferredForLanguage"},"value":"Kernspintomographie (MR)"}],"property":[{"code":"status","valueCode":"A"}]},{"id":"1058","code":"NRS","display":"Nursing Service Measures","definition":"Nursing Service Measures","designation":[{"language":"de","use":{"system":"http://terminology.hl7.org/CodeSystem/hl7TermMaintInfra","code":"preferredForLanguage"},"value":"Pflegemaßnahme"}],"property":[{"code":"status","valueCode":"A"}]},{"id":"1059","code":"OUS","display":"OB Ultrasound","definition":"OB Ultrasound","designation":[{"language":"de","use":{"system":"http://terminology.hl7.org/CodeSystem/hl7TermMaintInfra","code":"preferredForLanguage"},"value":"Geburtshilfiche Ultraschalluntersuchung"}],"property":[{"code":"status","valueCode":"A"}]},{"id":"1060","code":"OT","display":"Occupational Therapy","definition":"Occupational Therapy","designation":[{"language":"de","use":{"system":"http://terminology.hl7.org/CodeSystem/hl7TermMaintInfra","code":"preferredForLanguage"},"value":"Beschäftigungstherapie"}],"property":[{"code":"status","valueCode":"A"}]},{"id":"1061","code":"OTH","display":"Other","definition":"Other","designation":[{"language":"de","use":{"system":"http://terminology.hl7.org/CodeSystem/hl7TermMaintInfra","code":"preferredForLanguage"},"value":"Andere"}],"property":[{"code":"status","valueCode":"A"}]},{"id":"1062","code":"OSL","display":"Outside Lab","definition":"Outside Lab","designation":[{"language":"de","use":{"system":"http://terminology.hl7.org/CodeSystem/hl7TermMaintInfra","code":"preferredForLanguage"},"value":"Externes Labor"}],"property":[{"code":"status","valueCode":"A"}]},{"id":"1063","code":"PAR","display":"Parasitology","definition":"Parasitology","designation":[{"language":"de","use":{"system":"http://terminology.hl7.org/CodeSystem/hl7TermMaintInfra","code":"preferredForLanguage"},"value":"Parasitologie"}],"property":[{"code":"deprecated","valueCode":"2.9"},{"code":"status","valueCode":"A"}]},{"id":"1064","code":"PHR","display":"Pharmacy","definition":"Pharmacy","designation":[{"language":"de","use":{"system":"http://terminology.hl7.org/CodeSystem/hl7TermMaintInfra","code":"preferredForLanguage"},"value":"Apotheke"}],"property":[{"code":"status","valueCode":"A"}]},{"id":"1065","code":"PAT","display":"Pathology (gross & histopath, not surgical)","definition":"Pathology (gross & histopath, not surgical)","designation":[{"language":"de","use":{"system":"http://terminology.hl7.org/CodeSystem/hl7TermMaintInfra","code":"preferredForLanguage"},"value":"Pathologie"}],"property":[{"code":"deprecated","valueCode":"2.9"},{"code":"status","valueCode":"A"}]},{"id":"1066","code":"PT","display":"Physical Therapy","definition":"Physical Therapy","designation":[{"language":"de","use":{"system":"http://terminology.hl7.org/CodeSystem/hl7TermMaintInfra","code":"preferredForLanguage"},"value":"physiklische Therapie"}],"property":[{"code":"status","valueCode":"A"}]},{"id":"1067","code":"PHY","display":"Physician (Hx. Dx, admission note, etc.)","definition":"Physician (Hx. Dx, admission note, etc.)","designation":[{"language":"de","use":{"system":"http://terminology.hl7.org/CodeSystem/hl7TermMaintInfra","code":"preferredForLanguage"},"value":"Arzt (Krankengeschichte, Diagnose, Aufnahmeuntersuchung)"}],"property":[{"code":"status","valueCode":"A"}]},{"id":"1068","code":"PF","display":"Pulmonary Function","definition":"Pulmonary Function","designation":[{"language":"de","use":{"system":"http://terminology.hl7.org/CodeSystem/hl7TermMaintInfra","code":"preferredForLanguage"},"value":"Lungenfunktion"}],"property":[{"code":"status","valueCode":"A"}]},{"id":"1069","code":"RAD","display":"Radiology","definition":"Radiology","designation":[{"language":"de","use":{"system":"http://terminology.hl7.org/CodeSystem/hl7TermMaintInfra","code":"preferredForLanguage"},"value":"Radiologie"}],"property":[{"code":"status","valueCode":"A"}]},{"id":"1070","code":"RX","display":"Radiograph","definition":"Radiograph","designation":[{"language":"de","use":{"system":"http://terminology.hl7.org/CodeSystem/hl7TermMaintInfra","code":"preferredForLanguage"},"value":"Röntgenaufnahme"}],"property":[{"code":"status","valueCode":"A"}]},{"id":"1071","code":"RUS","display":"Radiology Ultrasound","definition":"Radiology Ultrasound","designation":[{"language":"de","use":{"system":"http://terminology.hl7.org/CodeSystem/hl7TermMaintInfra","code":"preferredForLanguage"},"value":"Radiologische Ultraschalluntersuchung"}],"property":[{"code":"status","valueCode":"A"}]},{"id":"1072","code":"RC","display":"Respiratory Care (therapy)","definition":"Respiratory Care (therapy)","designation":[{"language":"de","use":{"system":"http://terminology.hl7.org/CodeSystem/hl7TermMaintInfra","code":"preferredForLanguage"},"value":"Atemtherapie"}],"property":[{"code":"status","valueCode":"A"}]},{"id":"1073","code":"RT","display":"Radiation Therapy","definition":"Radiation Therapy","designation":[{"language":"de","use":{"system":"http://terminology.hl7.org/CodeSystem/hl7TermMaintInfra","code":"preferredForLanguage"},"value":"Strahlentherapie"}],"property":[{"code":"status","valueCode":"A"}]},{"id":"1074","code":"SR","display":"Serology","definition":"Serology","designation":[{"language":"de","use":{"system":"http://terminology.hl7.org/CodeSystem/hl7TermMaintInfra","code":"preferredForLanguage"},"value":"Serologie"}],"property":[{"code":"status","valueCode":"A"}]},{"id":"1075","code":"SP","display":"Surgical Pathology","definition":"Surgical Pathology","designation":[{"language":"de","use":{"system":"http://terminology.hl7.org/CodeSystem/hl7TermMaintInfra","code":"preferredForLanguage"},"value":"Operative Pathologie"}],"property":[{"code":"status","valueCode":"A"}]},{"id":"1076","code":"TX","display":"Toxicology","definition":"Toxicology","designation":[{"language":"de","use":{"system":"http://terminology.hl7.org/CodeSystem/hl7TermMaintInfra","code":"preferredForLanguage"},"value":"Toxikologie"}],"property":[{"code":"status","valueCode":"A"}]},{"id":"1077","code":"VUS","display":"Vascular Ultrasound","definition":"Vascular Ultrasound","designation":[{"language":"de","use":{"system":"http://terminology.hl7.org/CodeSystem/hl7TermMaintInfra","code":"preferredForLanguage"},"value":"Ultraschalluntersuchung der Gefäße"}],"property":[{"code":"status","valueCode":"A"}]},{"id":"1078","code":"VR","display":"Virology","definition":"Virology","designation":[{"language":"de","use":{"system":"http://terminology.hl7.org/CodeSystem/hl7TermMaintInfra","code":"preferredForLanguage"},"value":"Virologie"}],"property":[{"code":"status","valueCode":"A"}]},{"id":"1079","code":"URN","display":"Urinalysis","definition":"Urinalysis","designation":[{"language":"de","use":{"system":"http://terminology.hl7.org/CodeSystem/hl7TermMaintInfra","code":"preferredForLanguage"},"value":"Urinanalyse"}],"property":[{"code":"deprecated","valueCode":"2.9"},{"code":"status","valueCode":"A"}]},{"id":"1080","code":"XRC","display":"Cineradiograph","definition":"Cineradiograph","designation":[{"language":"de","use":{"system":"http://terminology.hl7.org/CodeSystem/hl7TermMaintInfra","code":"preferredForLanguage"},"value":"Röntgenkinematographie"}],"property":[{"code":"status","valueCode":"A"}]}]}