{"resourceType":"CodeSystem","id":"v2-0465","text":{"status":"generated","div":"<div xmlns=\"http://www.w3.org/1999/xhtml\"><p><b>Properties</b></p><table class=\"grid\"><tr><td><b>Code</b></td><td><b>URL</b></td><td><b>Type</b></td><td><b>Description</b></td></tr><tr><td>status</td><td>http://terminology.hl7.org/CodeSystem/utg-concept-properties#status</td><td>code</td><td>Status of the concept</td></tr><tr><td>deprecated</td><td>http://terminology.hl7.org/CodeSystem/utg-concept-properties#v2-table-deprecated</td><td>code</td><td>Version of HL7 in which the code was deprecated</td></tr></table><p>This code system <code>http://terminology.hl7.org/CodeSystem/v2-0465</code> defines the following codes:</p><table class=\"codes\"><tr><td style=\"white-space:nowrap\"><b>Code</b></td><td><b>Display</b></td><td><b>Definition</b></td></tr><tr><td style=\"white-space:nowrap\">I<a name=\"v2-0465-I\"> </a></td><td>Ideographic (i.e., Kanji)</td><td>Ideographic (i.e., Kanji)</td></tr><tr><td style=\"white-space:nowrap\">A<a name=\"v2-0465-A\"> </a></td><td>Alphabetic (i.e., Default or some single-byte)</td><td>Alphabetic (i.e., Default or some single-byte)</td></tr><tr><td style=\"white-space:nowrap\">P<a name=\"v2-0465-P\"> </a></td><td>Phonetic (i.e., ASCII, Katakana, Hiragana, etc.)</td><td>Phonetic (i.e., ASCII, Katakana, Hiragana, etc.)</td></tr></table><p><b>Additional Language Displays</b></p><table class=\"codes\"><tr><td><b>Code</b></td><td><b>Deutsch (German, de)</b></td></tr><tr><td>I</td><td/></tr><tr><td>A</td><td>alphabetisch</td></tr><tr><td>P</td><td/></tr></table></div>"},"extension":[{"url":"http://hl7.org/fhir/StructureDefinition/structuredefinition-wg","valueCode":"inm"}],"url":"http://terminology.hl7.org/CodeSystem/v2-0465","identifier":[{"system":"urn:ietf:rfc:3986","value":"urn:oid:2.16.840.1.113883.18.295"}],"version":"2.1.0","name":"NameAddressRepresentation","title":"name-addressRepresentation","status":"active","experimental":false,"date":"2019-12-01","publisher":"HL7, Inc","contact":[{"telecom":[{"system":"url","value":"http://www.hl7.org/"}]}],"description":"HL7-defined code system of concepts specifying an indication of the representation provided by the data item.  Used in HL7 Version 2.x messaging in the PPN, XAD, XCN and XON segments.","purpose":"Underlying Master Code System for V2 table 0465 (Name/Address Representation)","copyright":"Copyright HL7. Licensed under creative commons public domain","caseSensitive":true,"valueSet":"http://terminology.hl7.org/ValueSet/v2-0465","hierarchyMeaning":"is-a","compositional":false,"versionNeeded":false,"content":"complete","property":[{"code":"status","uri":"http://terminology.hl7.org/CodeSystem/utg-concept-properties#status","description":"Status of the concept","type":"code"},{"code":"deprecated","uri":"http://terminology.hl7.org/CodeSystem/utg-concept-properties#v2-table-deprecated","description":"Version of HL7 in which the code was deprecated","type":"code"}],"concept":[{"id":"4844","code":"I","display":"Ideographic (i.e., Kanji)","definition":"Ideographic (i.e., Kanji)","property":[{"code":"status","valueCode":"A"}]},{"id":"4845","code":"A","display":"Alphabetic (i.e., Default or some single-byte)","definition":"Alphabetic (i.e., Default or some single-byte)","designation":[{"language":"de","use":{"system":"http://terminology.hl7.org/CodeSystem/hl7TermMaintInfra","code":"preferredForLanguage"},"value":"alphabetisch"}],"property":[{"code":"status","valueCode":"A"}]},{"id":"4846","code":"P","display":"Phonetic (i.e., ASCII, Katakana, Hiragana, etc.)","definition":"Phonetic (i.e., ASCII, Katakana, Hiragana, etc.)","property":[{"code":"status","valueCode":"A"}]}]}