{"resourceType":"CodeSystem","id":"communication-category","meta":{"lastUpdated":"2020-04-09T21:10:28.568+00:00"},"text":{"status":"generated","div":"<div xmlns=\"http://www.w3.org/1999/xhtml\"><p>This code system <code>http://terminology.hl7.org/CodeSystem/communication-category</code> defines the following codes:</p><table class=\"codes\"><tr><td style=\"white-space:nowrap\"><b>Code</b></td><td><b>Display</b></td><td><b>Definition</b></td></tr><tr><td style=\"white-space:nowrap\">alert<a name=\"communication-category-alert\"> </a></td><td>Alert</td><td>The communication conveys an alert.</td></tr><tr><td style=\"white-space:nowrap\">notification<a name=\"communication-category-notification\"> </a></td><td>Notification</td><td>The communication conveys a notification.</td></tr><tr><td style=\"white-space:nowrap\">reminder<a name=\"communication-category-reminder\"> </a></td><td>Reminder</td><td>The communication conveys a reminder.</td></tr><tr><td style=\"white-space:nowrap\">instruction<a name=\"communication-category-instruction\"> </a></td><td>Instruction</td><td>The communication conveys an instruction.</td></tr></table></div>"},"extension":[{"url":"http://hl7.org/fhir/StructureDefinition/structuredefinition-wg","valueCode":"pc"},{"url":"http://hl7.org/fhir/StructureDefinition/structuredefinition-standards-status","valueCode":"draft"},{"url":"http://hl7.org/fhir/StructureDefinition/structuredefinition-fmm","valueInteger":1}],"url":"http://terminology.hl7.org/CodeSystem/communication-category","identifier":[{"system":"urn:ietf:rfc:3986","value":"urn:oid:2.16.840.1.113883.4.642.1.1076"}],"version":"0.1.0","name":"CommunicationCategory","title":"CommunicationCategory","status":"draft","experimental":false,"date":"2020-04-09T21:10:28+00:00","publisher":"HL7 (FHIR Project)","contact":[{"telecom":[{"system":"url","value":"http://hl7.org/fhir"},{"system":"email","value":"fhir@lists.hl7.org"}]}],"description":"Codes for general categories of communications such as alerts, instructions, etc.","caseSensitive":true,"valueSet":"http://terminology.hl7.org/ValueSet/communication-category","content":"complete","concept":[{"code":"alert","display":"Alert","definition":"The communication conveys an alert."},{"code":"notification","display":"Notification","definition":"The communication conveys a notification."},{"code":"reminder","display":"Reminder","definition":"The communication conveys a reminder."},{"code":"instruction","display":"Instruction","definition":"The communication conveys an instruction."}]}