{"resourceType":"CodeSystem","id":"v2-0669","text":{"status":"generated","div":"<div xmlns=\"http://www.w3.org/1999/xhtml\"><p><b>Properties</b></p><table class=\"grid\"><tr><td><b>Code</b></td><td><b>URL</b></td><td><b>Type</b></td><td><b>Description</b></td></tr><tr><td>status</td><td>http://terminology.hl7.org/CodeSystem/utg-concept-properties#status</td><td>code</td><td>Status of the concept</td></tr><tr><td>deprecated</td><td>http://terminology.hl7.org/CodeSystem/utg-concept-properties#v2-table-deprecated</td><td>code</td><td>Version of HL7 in which the code was deprecated</td></tr><tr><td>v2-concComment</td><td>http://terminology.hl7.org/CodeSystem/utg-concept-properties#v2-concComment</td><td>string</td><td>V2 Concept Comment</td></tr><tr><td>v2-concCommentAsPub</td><td>http://terminology.hl7.org/CodeSystem/utg-concept-properties#v2-concCommentAsPub</td><td>string</td><td>V2 Concept Comment As Published</td></tr></table><p>This code system <code>http://terminology.hl7.org/CodeSystem/v2-0669</code> defines the following codes:</p><table class=\"codes\"><tr><td style=\"white-space:nowrap\"><b>Code</b></td><td><b>Display</b></td><td><b>Definition</b></td><td><b>V2 Concept Comment</b></td><td><b>V2 Concept Comment As Published</b></td></tr><tr><td style=\"white-space:nowrap\">LLD<a name=\"v2-0669-LLD\"> </a></td><td>Building a Load</td><td>Building a Load</td><td>A load is being built</td><td>A load is being built</td></tr><tr><td style=\"white-space:nowrap\">LCP<a name=\"v2-0669-LCP\"> </a></td><td>Load In Process</td><td>Load In Process</td><td>The load is running</td><td>The load is running</td></tr><tr><td style=\"white-space:nowrap\">LCC<a name=\"v2-0669-LCC\"> </a></td><td>Load is Complete</td><td>Load is Complete</td><td>The load is complete</td><td>The load is complete</td></tr><tr><td style=\"white-space:nowrap\">LCN<a name=\"v2-0669-LCN\"> </a></td><td>Load Canceled</td><td>Load Canceled</td><td>The load is canceled</td><td>The load is canceled</td></tr></table></div>"},"extension":[{"url":"http://hl7.org/fhir/StructureDefinition/structuredefinition-wg","valueCode":"oo"}],"url":"http://terminology.hl7.org/CodeSystem/v2-0669","identifier":[{"system":"urn:ietf:rfc:3986","value":"urn:oid:2.16.840.1.113883.18.385"}],"version":"2.1.0","name":"LoadStatus","title":"loadStatus","status":"active","experimental":false,"date":"2019-12-01","publisher":"HL7, Inc","contact":[{"telecom":[{"system":"url","value":"http://www.hl7.org/"}]}],"description":"Code system of concepts used to define the status of the information provided in a device sterilization or decontamination cycle. Used in HL7 Version 2.x messaging in the SDD segment.","purpose":"Underlying Master Code System for V2 table 0669 (Load Status)","copyright":"Copyright HL7. Licensed under creative commons public domain","caseSensitive":true,"valueSet":"http://terminology.hl7.org/ValueSet/v2-0669","hierarchyMeaning":"is-a","compositional":false,"versionNeeded":false,"content":"complete","property":[{"code":"status","uri":"http://terminology.hl7.org/CodeSystem/utg-concept-properties#status","description":"Status of the concept","type":"code"},{"code":"deprecated","uri":"http://terminology.hl7.org/CodeSystem/utg-concept-properties#v2-table-deprecated","description":"Version of HL7 in which the code was deprecated","type":"code"},{"code":"v2-concComment","uri":"http://terminology.hl7.org/CodeSystem/utg-concept-properties#v2-concComment","description":"V2 Concept Comment","type":"string"},{"code":"v2-concCommentAsPub","uri":"http://terminology.hl7.org/CodeSystem/utg-concept-properties#v2-concCommentAsPub","description":"V2 Concept Comment As Published","type":"string"}],"concept":[{"id":"6290","code":"LLD","display":"Building a Load","definition":"Building a Load","property":[{"code":"v2-concComment","valueString":"A load is being built"},{"code":"v2-concCommentAsPub","valueString":"A load is being built"},{"code":"status","valueCode":"A"}]},{"id":"6291","code":"LCP","display":"Load In Process","definition":"Load In Process","property":[{"code":"v2-concComment","valueString":"The load is running"},{"code":"v2-concCommentAsPub","valueString":"The load is running"},{"code":"status","valueCode":"A"}]},{"id":"6292","code":"LCC","display":"Load is Complete","definition":"Load is Complete","property":[{"code":"v2-concComment","valueString":"The load is complete"},{"code":"v2-concCommentAsPub","valueString":"The load is complete"},{"code":"status","valueCode":"A"}]},{"id":"6293","code":"LCN","display":"Load Canceled","definition":"Load Canceled","property":[{"code":"v2-concComment","valueString":"The load is canceled"},{"code":"v2-concCommentAsPub","valueString":"The load is canceled"},{"code":"status","valueCode":"A"}]}]}