{"resourceType":"CodeSystem","id":"v2-0237","text":{"status":"generated","div":"<div xmlns=\"http://www.w3.org/1999/xhtml\"><p><b>Properties</b></p><table class=\"grid\"><tr><td><b>Code</b></td><td><b>URL</b></td><td><b>Type</b></td><td><b>Description</b></td></tr><tr><td>status</td><td>http://terminology.hl7.org/CodeSystem/utg-concept-properties#status</td><td>code</td><td>Status of the concept</td></tr><tr><td>deprecated</td><td>http://terminology.hl7.org/CodeSystem/utg-concept-properties#v2-table-deprecated</td><td>code</td><td>Version of HL7 in which the code was deprecated</td></tr></table><p>This code system <code>http://terminology.hl7.org/CodeSystem/v2-0237</code> defines the following codes:</p><table class=\"codes\"><tr><td style=\"white-space:nowrap\"><b>Code</b></td><td><b>Display</b></td><td><b>Definition</b></td></tr><tr><td style=\"white-space:nowrap\">I<a name=\"v2-0237-I\"> </a></td><td>Interaction</td><td>Interaction</td></tr><tr><td style=\"white-space:nowrap\">O<a name=\"v2-0237-O\"> </a></td><td>Overdose</td><td>Overdose</td></tr><tr><td style=\"white-space:nowrap\">A<a name=\"v2-0237-A\"> </a></td><td>Abuse</td><td>Abuse</td></tr><tr><td style=\"white-space:nowrap\">M<a name=\"v2-0237-M\"> </a></td><td>Misuse</td><td>Misuse</td></tr><tr><td style=\"white-space:nowrap\">D<a name=\"v2-0237-D\"> </a></td><td>Dependency</td><td>Dependency</td></tr><tr><td style=\"white-space:nowrap\">L<a name=\"v2-0237-L\"> </a></td><td>Lack of expect therapeutic effect</td><td>Lack of expect therapeutic effect</td></tr><tr><td style=\"white-space:nowrap\">W<a name=\"v2-0237-W\"> </a></td><td>Drug withdrawal</td><td>Drug withdrawal</td></tr><tr><td style=\"white-space:nowrap\">B<a name=\"v2-0237-B\"> </a></td><td>Unexpected beneficial effect</td><td>Unexpected beneficial effect</td></tr></table></div>"},"extension":[{"url":"http://hl7.org/fhir/StructureDefinition/structuredefinition-wg","valueCode":"oo"}],"url":"http://terminology.hl7.org/CodeSystem/v2-0237","identifier":[{"system":"urn:ietf:rfc:3986","value":"urn:oid:2.16.840.1.113883.18.136"}],"version":"2.1.0","name":"EventQualification","title":"eventQualification","status":"active","experimental":false,"date":"2019-12-01","publisher":"HL7, Inc","contact":[{"telecom":[{"system":"url","value":"http://www.hl7.org/"}]}],"description":"HL7-defined code system of concepts used to qualify an event related to a product experience.  Used in HL7 Version 2.x messaging in the PEO segment.","purpose":"Underlying Master Code System for V2 table 0237 (Event Qualification)","copyright":"Copyright HL7. Licensed under creative commons public domain","caseSensitive":true,"valueSet":"http://terminology.hl7.org/ValueSet/v2-0237","hierarchyMeaning":"is-a","compositional":false,"versionNeeded":false,"content":"complete","property":[{"code":"status","uri":"http://terminology.hl7.org/CodeSystem/utg-concept-properties#status","description":"Status of the concept","type":"code"},{"code":"deprecated","uri":"http://terminology.hl7.org/CodeSystem/utg-concept-properties#v2-table-deprecated","description":"Version of HL7 in which the code was deprecated","type":"code"}],"concept":[{"id":"2301","code":"I","display":"Interaction","definition":"Interaction","property":[{"code":"status","valueCode":"A"}]},{"id":"2302","code":"O","display":"Overdose","definition":"Overdose","property":[{"code":"status","valueCode":"A"}]},{"id":"2303","code":"A","display":"Abuse","definition":"Abuse","property":[{"code":"status","valueCode":"A"}]},{"id":"2304","code":"M","display":"Misuse","definition":"Misuse","property":[{"code":"status","valueCode":"A"}]},{"id":"2305","code":"D","display":"Dependency","definition":"Dependency","property":[{"code":"status","valueCode":"A"}]},{"id":"2306","code":"L","display":"Lack of expect therapeutic effect","definition":"Lack of expect therapeutic effect","property":[{"code":"status","valueCode":"A"}]},{"id":"2307","code":"W","display":"Drug withdrawal","definition":"Drug withdrawal","property":[{"code":"status","valueCode":"A"}]},{"id":"2308","code":"B","display":"Unexpected beneficial effect","definition":"Unexpected beneficial effect","property":[{"code":"status","valueCode":"A"}]}]}