{"resourceType":"CodeSystem","id":"medicationrequest-admin-location","meta":{"lastUpdated":"2020-04-09T21:10:28.568+00:00","profile":["http://hl7.org/fhir/StructureDefinition/shareablecodesystem"]},"text":{"status":"generated","div":"<div xmlns=\"http://www.w3.org/1999/xhtml\"><p>This code system <code>http://terminology.hl7.org/CodeSystem/medicationrequest-admin-location</code> defines the following codes:</p><table class=\"codes\"><tr><td style=\"white-space:nowrap\"><b>Code</b></td><td><b>Display</b></td><td><b>Definition</b></td></tr><tr><td style=\"white-space:nowrap\">inpatient<a name=\"medicationrequest-admin-location-inpatient\"> </a></td><td>Inpatient</td><td>Includes requests for medications to be administered or consumed in an inpatient or acute care setting</td></tr><tr><td style=\"white-space:nowrap\">outpatient<a name=\"medicationrequest-admin-location-outpatient\"> </a></td><td>Outpatient</td><td>Includes requests for medications to be administered or consumed in an outpatient setting (for example, Emergency Department, Outpatient Clinic, Outpatient Surgery, Doctor's office)</td></tr><tr><td style=\"white-space:nowrap\">community<a name=\"medicationrequest-admin-location-community\"> </a></td><td>Community</td><td>Includes requests for medications to be administered or consumed by the patient in their home (this would include long term care or nursing homes, hospices, etc.)</td></tr></table></div>"},"extension":[{"url":"http://hl7.org/fhir/StructureDefinition/structuredefinition-wg","valueCode":"phx"},{"url":"http://hl7.org/fhir/StructureDefinition/structuredefinition-standards-status","valueCode":"draft"},{"url":"http://hl7.org/fhir/StructureDefinition/structuredefinition-fmm","valueInteger":1}],"url":"http://terminology.hl7.org/CodeSystem/medicationrequest-admin-location","identifier":[{"system":"urn:ietf:rfc:3986","value":"urn:oid:2.16.840.1.113883.4.642.1.0"}],"version":"0.1.0","name":"MedicationRequest_Administration_Location_Codes","title":"Medication request  administration  location  codes","status":"draft","experimental":false,"date":"2022-11-04T18:21:49-06:00","publisher":"FHIR Project team","contact":[{"telecom":[{"system":"url","value":"http://hl7.org/fhir"}]}],"description":"MedicationRequest Administration Location Codes","caseSensitive":true,"valueSet":"http://terminology.hl7.org/ValueSet/medicationrequest-admin-location","content":"complete","concept":[{"code":"inpatient","display":"Inpatient","definition":"Includes requests for medications to be administered or consumed in an inpatient or acute care setting"},{"code":"outpatient","display":"Outpatient","definition":"Includes requests for medications to be administered or consumed in an outpatient setting (for example, Emergency Department, Outpatient Clinic, Outpatient Surgery, Doctor's office)"},{"code":"community","display":"Community","definition":"Includes requests for medications to be administered or consumed by the patient in their home (this would include long term care or nursing homes, hospices, etc.)"}]}