{"resourceType":"CodeSystem","id":"v2-0450","text":{"status":"generated","div":"<div xmlns=\"http://www.w3.org/1999/xhtml\"><p><b>Properties</b></p><table class=\"grid\"><tr><td><b>Code</b></td><td><b>URL</b></td><td><b>Type</b></td><td><b>Description</b></td></tr><tr><td>status</td><td>http://terminology.hl7.org/CodeSystem/utg-concept-properties#status</td><td>code</td><td>Status of the concept</td></tr><tr><td>deprecated</td><td>http://terminology.hl7.org/CodeSystem/utg-concept-properties#v2-table-deprecated</td><td>code</td><td>Version of HL7 in which the code was deprecated</td></tr></table><p>This code system <code>http://terminology.hl7.org/CodeSystem/v2-0450</code> defines the following codes:</p><table class=\"codes\"><tr><td style=\"white-space:nowrap\"><b>Code</b></td><td><b>Display</b></td><td><b>Definition</b></td></tr><tr><td style=\"white-space:nowrap\">LOG<a name=\"v2-0450-LOG\"> </a></td><td>Log Event</td><td>Log Event</td></tr><tr><td style=\"white-space:nowrap\">SER<a name=\"v2-0450-SER\"> </a></td><td>Service Event</td><td>Service Event</td></tr></table></div>"},"extension":[{"url":"http://hl7.org/fhir/StructureDefinition/structuredefinition-wg","valueCode":"oo"}],"url":"http://terminology.hl7.org/CodeSystem/v2-0450","identifier":[{"system":"urn:ietf:rfc:3986","value":"urn:oid:2.16.840.1.113883.18.286"}],"version":"2.1.0","name":"EventType","title":"eventType","status":"active","experimental":false,"date":"2019-12-01","publisher":"HL7, Inc","contact":[{"telecom":[{"system":"url","value":"http://www.hl7.org/"}]}],"description":"HL7-defined code system of concepts specifying the type of event of the message.  Used in HL7 Version 2.x messaging in the EQP segment.","purpose":"Underlying Master Code System for V2 table 0450 (Event Type)","copyright":"Copyright HL7. Licensed under creative commons public domain","caseSensitive":true,"valueSet":"http://terminology.hl7.org/ValueSet/v2-0450","hierarchyMeaning":"is-a","compositional":false,"versionNeeded":false,"content":"complete","property":[{"code":"status","uri":"http://terminology.hl7.org/CodeSystem/utg-concept-properties#status","description":"Status of the concept","type":"code"},{"code":"deprecated","uri":"http://terminology.hl7.org/CodeSystem/utg-concept-properties#v2-table-deprecated","description":"Version of HL7 in which the code was deprecated","type":"code"}],"concept":[{"id":"4823","code":"LOG","display":"Log Event","definition":"Log Event","property":[{"code":"status","valueCode":"A"}]},{"id":"4824","code":"SER","display":"Service Event","definition":"Service Event","property":[{"code":"status","valueCode":"A"}]}]}