{"resourceType":"CodeSystem","id":"DEEDS424","text":{"status":"generated","div":"<div xmlns=\"http://www.w3.org/1999/xhtml\"><p>This code system <code>http://terminology.hl7.org/CodeSystem/DEEDS424</code> defines many codes, but they are not represented here</p></div>"},"url":"http://terminology.hl7.org/CodeSystem/DEEDS424","identifier":[{"system":"urn:ietf:rfc:3986","value":"urn:oid:2.16.840.1.113883.6.102.4.24"}],"version":"2.0.1","name":"DEEDS424","title":"DEEDS424","status":"retired","experimental":false,"date":"2021-11-09T10:00:00+10:00","publisher":"TBD - External Body","description":"Respiratory rate special circumstances codes","caseSensitive":true,"content":"not-present"}