{"resourceType":"CodeSystem","id":"abcCodes","text":{"status":"generated","div":"<div xmlns=\"http://www.w3.org/1999/xhtml\"><p>This code system <code>http://terminology.hl7.org/CodeSystem/abcCodes</code> defines many codes, but they are not represented here</p></div>"},"url":"http://terminology.hl7.org/CodeSystem/abcCodes","identifier":[{"system":"urn:ietf:rfc:3986","value":"urn:oid:2.16.840.1.113883.6.25"}],"version":"2.0.1","name":"AbcCodes","title":"ABCcodes","status":"retired","experimental":false,"date":"2021-11-09T10:00:00+10:00","publisher":"TBD - External Body","contact":[{"name":"Name Melinna Giannini, Alternative Link Systems, Inc.; Address 1065 S. Main, Building C, Las Cruces, NM 88005; Telephone 505-527-0636; Fax 505-523-4152; E-mail mg@alternativelink.com"}],"description":"Five character alphabetic codes fit into current claims processing software or onto standard paper claim forms. ABC Codes give business parity to licensed CAM and nurse providers who file claims to insurance companies. .","caseSensitive":true,"content":"not-present"}