{"resourceType":"CodeSystem","id":"v3-nuccProviderCodes","text":{"status":"generated","div":"<div xmlns=\"http://www.w3.org/1999/xhtml\"><p>This code system <code>http://terminology.hl7.org/CodeSystem/v3-nuccProviderCodes</code> defines many codes, but they are not represented here</p></div>"},"url":"http://terminology.hl7.org/CodeSystem/v3-nuccProviderCodes","identifier":[{"system":"urn:ietf:rfc:3986","value":"urn:oid:2.16.840.1.113883.6.101"}],"version":"3.0.1","name":"NuccProviderCodes","title":"NUCC Health Care Provider Taxonomy","status":"active","experimental":false,"date":"2019-03-20T00:00:00-04:00","publisher":"National Uniforam Claims Committee","description":"The Provider Taxonomy Code List is published (released) twice a year on July 1st and January 1st. The July publication is effective for use on October 1st and the January publication is effective for use on April 1st. The time between the publication release and the effective date is considered an implementation period to allow providers, payers and vendors an opportunity to incorporate any changes into their systems. This listing includes Active codes approved for use effective April 1st, 2003, version 3.0; and codes that are New and approved for use effective October 1st, 2003, version 3.1.\r\n\r\nIt was identified that there is an IP licensure issue with the republishing of the content for this code system by HL7, so the content was removed as of the July 2016 Harmonization cycle release. This external code system content may be accessed from the web page located at http://www.nucc.org/index.php/code-sets-mainmenu-41/provider-taxonomy-mainmenu-40. Multiple formats and means of accessing the content are available from this page.  Note this code system stub has been retired; it is missing the copyright information, and has been superceded.","caseSensitive":true,"content":"not-present"}