{"resourceType":"CodeSystem","id":"v2-0403","text":{"status":"generated","div":"<div xmlns=\"http://www.w3.org/1999/xhtml\"><p><b>Properties</b></p><table class=\"grid\"><tr><td><b>Code</b></td><td><b>URL</b></td><td><b>Type</b></td><td><b>Description</b></td></tr><tr><td>status</td><td>http://terminology.hl7.org/CodeSystem/utg-concept-properties#status</td><td>code</td><td>Status of the concept</td></tr><tr><td>deprecated</td><td>http://terminology.hl7.org/CodeSystem/utg-concept-properties#v2-table-deprecated</td><td>code</td><td>Version of HL7 in which the code was deprecated</td></tr></table><p>This code system <code>http://terminology.hl7.org/CodeSystem/v2-0403</code> defines the following codes:</p><table class=\"codes\"><tr><td style=\"white-space:nowrap\"><b>Code</b></td><td><b>Display</b></td><td><b>Definition</b></td></tr><tr><td style=\"white-space:nowrap\">1<a name=\"v2-0403-1\"> </a></td><td>Read</td><td>Read</td></tr><tr><td style=\"white-space:nowrap\">2<a name=\"v2-0403-2\"> </a></td><td>Write</td><td>Write</td></tr><tr><td style=\"white-space:nowrap\">3<a name=\"v2-0403-3\"> </a></td><td>Speak</td><td>Speak</td></tr><tr><td style=\"white-space:nowrap\">4<a name=\"v2-0403-4\"> </a></td><td>Understand</td><td>Understand</td></tr><tr><td style=\"white-space:nowrap\">5<a name=\"v2-0403-5\"> </a></td><td>Sign</td><td>Sign</td></tr></table></div>"},"extension":[{"url":"http://hl7.org/fhir/StructureDefinition/structuredefinition-wg","valueCode":"pa"}],"url":"http://terminology.hl7.org/CodeSystem/v2-0403","identifier":[{"system":"urn:ietf:rfc:3986","value":"urn:oid:2.16.840.1.113883.18.252"}],"version":"2.1.0","name":"LanguageAbility","title":"languageAbility","status":"active","experimental":false,"date":"2019-12-01","publisher":"HL7, Inc","contact":[{"telecom":[{"system":"url","value":"http://www.hl7.org/"}]}],"description":"Code system of concepts which specify codes that indicate the ability that a Staff Member possesses with respect to the language. Used in HL7 Version 2.x messaging in the LAN segment.","purpose":"Underlying Master Code System for V2 table 0403 (Language Ability)","copyright":"Copyright HL7. Licensed under creative commons public domain","caseSensitive":true,"valueSet":"http://terminology.hl7.org/ValueSet/v2-0403","hierarchyMeaning":"is-a","compositional":false,"versionNeeded":false,"content":"complete","property":[{"code":"status","uri":"http://terminology.hl7.org/CodeSystem/utg-concept-properties#status","description":"Status of the concept","type":"code"},{"code":"deprecated","uri":"http://terminology.hl7.org/CodeSystem/utg-concept-properties#v2-table-deprecated","description":"Version of HL7 in which the code was deprecated","type":"code"}],"concept":[{"id":"4527","code":"1","display":"Read","definition":"Read","property":[{"code":"status","valueCode":"A"}]},{"id":"4528","code":"2","display":"Write","definition":"Write","property":[{"code":"status","valueCode":"A"}]},{"id":"4529","code":"3","display":"Speak","definition":"Speak","property":[{"code":"status","valueCode":"A"}]},{"id":"4530","code":"4","display":"Understand","definition":"Understand","property":[{"code":"status","valueCode":"A"}]},{"id":"4531","code":"5","display":"Sign","definition":"Sign","property":[{"code":"status","valueCode":"A"}]}]}