{"resourceType":"CodeSystem","id":"v2-0534","text":{"status":"generated","div":"<div xmlns=\"http://www.w3.org/1999/xhtml\"><p><b>Properties</b></p><table class=\"grid\"><tr><td><b>Code</b></td><td><b>URL</b></td><td><b>Type</b></td><td><b>Description</b></td></tr><tr><td>status</td><td>http://terminology.hl7.org/CodeSystem/utg-concept-properties#status</td><td>code</td><td>Status of the concept</td></tr><tr><td>deprecated</td><td>http://terminology.hl7.org/CodeSystem/utg-concept-properties#v2-table-deprecated</td><td>code</td><td>Version of HL7 in which the code was deprecated</td></tr></table><p>This code system <code>http://terminology.hl7.org/CodeSystem/v2-0534</code> defines the following codes:</p><table class=\"codes\"><tr><td style=\"white-space:nowrap\"><b>Code</b></td><td><b>Display</b></td><td><b>Definition</b></td></tr><tr><td style=\"white-space:nowrap\">Y<a name=\"v2-0534-Y\"> </a></td><td>Yes</td><td>Yes</td></tr><tr><td style=\"white-space:nowrap\">N<a name=\"v2-0534-N\"> </a></td><td>No</td><td>No</td></tr><tr><td style=\"white-space:nowrap\">L<a name=\"v2-0534-L\"> </a></td><td>Last Rites only</td><td>Last Rites only</td></tr><tr><td style=\"white-space:nowrap\">O<a name=\"v2-0534-O\"> </a></td><td>Other</td><td>Other</td></tr><tr><td style=\"white-space:nowrap\">U<a name=\"v2-0534-U\"> </a></td><td>Unknown</td><td>Unknown</td></tr></table><p><b>Additional Language Displays</b></p><table class=\"codes\"><tr><td><b>Code</b></td><td><b>Deutsch (German, de)</b></td></tr><tr><td>Y</td><td>Ja</td></tr><tr><td>N</td><td>Nein</td></tr><tr><td>L</td><td/></tr><tr><td>O</td><td/></tr><tr><td>U</td><td>unbekannt</td></tr></table></div>"},"extension":[{"url":"http://hl7.org/fhir/StructureDefinition/structuredefinition-wg","valueCode":"pa"}],"url":"http://terminology.hl7.org/CodeSystem/v2-0534","identifier":[{"system":"urn:ietf:rfc:3986","value":"urn:oid:2.16.840.1.113883.18.348"}],"version":"2.1.0","name":"ClergyNotificationType","title":"clergyNotificationType","status":"active","experimental":false,"date":"2019-12-01","publisher":"HL7, Inc","contact":[{"telecom":[{"system":"url","value":"http://www.hl7.org/"}]}],"description":"Code system of concepts specifying whether the clergy should be notified.  Used in HL7 Version 2 messaging in the PV2 segment.","purpose":"Underlying Master Code System for V2 table 0534 (Notify Clergy Code)","copyright":"Copyright HL7. Licensed under creative commons public domain","caseSensitive":true,"valueSet":"http://terminology.hl7.org/ValueSet/v2-0534","hierarchyMeaning":"is-a","compositional":false,"versionNeeded":false,"content":"complete","property":[{"code":"status","uri":"http://terminology.hl7.org/CodeSystem/utg-concept-properties#status","description":"Status of the concept","type":"code"},{"code":"deprecated","uri":"http://terminology.hl7.org/CodeSystem/utg-concept-properties#v2-table-deprecated","description":"Version of HL7 in which the code was deprecated","type":"code"}],"concept":[{"id":"5647","code":"Y","display":"Yes","definition":"Yes","designation":[{"language":"de","use":{"system":"http://terminology.hl7.org/CodeSystem/hl7TermMaintInfra","code":"preferredForLanguage"},"value":"Ja"}],"property":[{"code":"status","valueCode":"A"}]},{"id":"5648","code":"N","display":"No","definition":"No","designation":[{"language":"de","use":{"system":"http://terminology.hl7.org/CodeSystem/hl7TermMaintInfra","code":"preferredForLanguage"},"value":"Nein"}],"property":[{"code":"status","valueCode":"A"}]},{"id":"5649","code":"L","display":"Last Rites only","definition":"Last Rites only","property":[{"code":"status","valueCode":"A"}]},{"id":"5650","code":"O","display":"Other","definition":"Other","property":[{"code":"status","valueCode":"A"}]},{"id":"5651","code":"U","display":"Unknown","definition":"Unknown","designation":[{"language":"de","use":{"system":"http://terminology.hl7.org/CodeSystem/hl7TermMaintInfra","code":"preferredForLanguage"},"value":"unbekannt"}],"property":[{"code":"status","valueCode":"A"}]}]}