{"resourceType":"CodeSystem","id":"v2-0834","text":{"status":"generated","div":"<div xmlns=\"http://www.w3.org/1999/xhtml\"><p><b>Properties</b></p><table class=\"grid\"><tr><td><b>Code</b></td><td><b>URL</b></td><td><b>Type</b></td><td><b>Description</b></td></tr><tr><td>status</td><td>http://terminology.hl7.org/CodeSystem/utg-concept-properties#status</td><td>code</td><td>Status of the concept</td></tr><tr><td>deprecated</td><td>http://terminology.hl7.org/CodeSystem/utg-concept-properties#v2-table-deprecated</td><td>code</td><td>Version of HL7 in which the code was deprecated</td></tr><tr><td>v2-concComment</td><td>http://terminology.hl7.org/CodeSystem/utg-concept-properties#v2-concComment</td><td>string</td><td>V2 Concept Comment</td></tr><tr><td>v2-concCommentAsPub</td><td>http://terminology.hl7.org/CodeSystem/utg-concept-properties#v2-concCommentAsPub</td><td>string</td><td>V2 Concept Comment As Published</td></tr></table><p>This code system <code>http://terminology.hl7.org/CodeSystem/v2-0834</code> defines the following codes:</p><table class=\"codes\"><tr><td style=\"white-space:nowrap\"><b>Code</b></td><td><b>Display</b></td><td><b>Definition</b></td><td><b>V2 Concept Comment</b></td><td><b>V2 Concept Comment As Published</b></td></tr><tr><td style=\"white-space:nowrap\">application<a name=\"v2-0834-application\"> </a></td><td>Application data</td><td>Application data</td><td/><td/></tr><tr><td style=\"white-space:nowrap\">audio<a name=\"v2-0834-audio\"> </a></td><td>Audio data</td><td>Audio data</td><td/><td/></tr><tr><td style=\"white-space:nowrap\">image<a name=\"v2-0834-image\"> </a></td><td>Image data</td><td>Image data</td><td/><td/></tr><tr><td style=\"white-space:nowrap\">model<a name=\"v2-0834-model\"> </a></td><td>Model data</td><td>Model data</td><td>RFC 2077</td><td>RFC 2077</td></tr><tr><td style=\"white-space:nowrap\">text<a name=\"v2-0834-text\"> </a></td><td>Text data</td><td>Text data</td><td/><td/></tr><tr><td style=\"white-space:nowrap\">video<a name=\"v2-0834-video\"> </a></td><td>Video data</td><td>Video data</td><td/><td/></tr><tr><td style=\"white-space:nowrap\">multipart<a name=\"v2-0834-multipart\"> </a></td><td>MIME multipart package</td><td>MIME multipart package</td><td/><td/></tr></table></div>"},"extension":[{"url":"http://hl7.org/fhir/StructureDefinition/structuredefinition-wg","valueCode":"inm"}],"url":"http://terminology.hl7.org/CodeSystem/v2-0834","identifier":[{"system":"urn:ietf:rfc:3986","value":"urn:oid:2.16.840.1.113883.18.408"}],"version":"2.1.0","name":"MimeTypes","title":"mimeTypes","status":"active","experimental":false,"date":"2019-12-01","publisher":"HL7, Inc","contact":[{"telecom":[{"system":"url","value":"http://www.hl7.org/"}]}],"description":"Code system of concepts specifying the general type of data.  Used in HL7 Version 2.x messaging in the RP and ED datatypes.","purpose":"Underlying Master Code System for V2 table 0834 (MIME Types)","copyright":"Copyright HL7. Licensed under creative commons public domain","caseSensitive":true,"valueSet":"http://terminology.hl7.org/ValueSet/v2-0834","hierarchyMeaning":"is-a","compositional":false,"versionNeeded":false,"content":"complete","property":[{"code":"status","uri":"http://terminology.hl7.org/CodeSystem/utg-concept-properties#status","description":"Status of the concept","type":"code"},{"code":"deprecated","uri":"http://terminology.hl7.org/CodeSystem/utg-concept-properties#v2-table-deprecated","description":"Version of HL7 in which the code was deprecated","type":"code"},{"code":"v2-concComment","uri":"http://terminology.hl7.org/CodeSystem/utg-concept-properties#v2-concComment","description":"V2 Concept Comment","type":"string"},{"code":"v2-concCommentAsPub","uri":"http://terminology.hl7.org/CodeSystem/utg-concept-properties#v2-concCommentAsPub","description":"V2 Concept Comment As Published","type":"string"}],"concept":[{"id":"6490","code":"application","display":"Application data","definition":"Application data","property":[{"code":"status","valueCode":"A"}]},{"id":"6491","code":"audio","display":"Audio data","definition":"Audio data","property":[{"code":"status","valueCode":"A"}]},{"id":"6492","code":"image","display":"Image data","definition":"Image data","property":[{"code":"status","valueCode":"A"}]},{"id":"6493","code":"model","display":"Model data","definition":"Model data","property":[{"code":"v2-concComment","valueString":"RFC 2077"},{"code":"v2-concCommentAsPub","valueString":"RFC 2077"},{"code":"status","valueCode":"A"}]},{"id":"6494","code":"text","display":"Text data","definition":"Text data","property":[{"code":"status","valueCode":"A"}]},{"id":"6495","code":"video","display":"Video data","definition":"Video data","property":[{"code":"status","valueCode":"A"}]},{"id":"6496","code":"multipart","display":"MIME multipart package","definition":"MIME multipart package","property":[{"code":"status","valueCode":"A"}]}]}