{"resourceType":"CodeSystem","id":"v2-0393","text":{"status":"generated","div":"<div xmlns=\"http://www.w3.org/1999/xhtml\"><p><b>Properties</b></p><table class=\"grid\"><tr><td><b>Code</b></td><td><b>URL</b></td><td><b>Type</b></td><td><b>Description</b></td></tr><tr><td>status</td><td>http://terminology.hl7.org/CodeSystem/utg-concept-properties#status</td><td>code</td><td>Status of the concept</td></tr><tr><td>deprecated</td><td>http://terminology.hl7.org/CodeSystem/utg-concept-properties#v2-table-deprecated</td><td>code</td><td>Version of HL7 in which the code was deprecated</td></tr></table><p>This code system <code>http://terminology.hl7.org/CodeSystem/v2-0393</code> defines the following codes:</p><table class=\"codes\"><tr><td style=\"white-space:nowrap\"><b>Code</b></td><td><b>Display</b></td><td><b>Definition</b></td></tr><tr><td style=\"white-space:nowrap\">LINKSOFT_2.01<a name=\"v2-0393-LINKSOFT_2.4601\"> </a></td><td>Proprietary algorithm for LinkSoft v2.01</td><td>Proprietary algorithm for LinkSoft v2.01</td></tr><tr><td style=\"white-space:nowrap\">MATCHWARE_1.2<a name=\"v2-0393-MATCHWARE_1.462\"> </a></td><td>Proprietary algorithm for MatchWare v1.2</td><td>Proprietary algorithm for MatchWare v1.2</td></tr></table></div>"},"extension":[{"url":"http://hl7.org/fhir/StructureDefinition/structuredefinition-wg","valueCode":"inm"}],"url":"http://terminology.hl7.org/CodeSystem/v2-0393","identifier":[{"system":"urn:ietf:rfc:3986","value":"urn:oid:2.16.840.1.113883.18.244"}],"version":"2.1.0","name":"MatchAlgorithms","title":"matchAlgorithms","status":"active","experimental":false,"date":"2019-12-01","publisher":"HL7, Inc","contact":[{"telecom":[{"system":"url","value":"http://www.hl7.org/"}]}],"description":"Code system of concepts identifying the name or identity of the specific search algorithm to which the RCP-5 Search Confidence Threshold and the QRI-1 Candidate Confidence refer.  Used in HL7 Version 2.x messaging in the Query Response Instance (QRI) segment.","purpose":"Underlying Master Code System for V2 table 0393 (Match Algorithms)","copyright":"Copyright HL7. Licensed under creative commons public domain","caseSensitive":true,"valueSet":"http://terminology.hl7.org/ValueSet/v2-0393","hierarchyMeaning":"is-a","compositional":false,"versionNeeded":false,"content":"complete","property":[{"code":"status","uri":"http://terminology.hl7.org/CodeSystem/utg-concept-properties#status","description":"Status of the concept","type":"code"},{"code":"deprecated","uri":"http://terminology.hl7.org/CodeSystem/utg-concept-properties#v2-table-deprecated","description":"Version of HL7 in which the code was deprecated","type":"code"}],"concept":[{"id":"4016","code":"LINKSOFT_2.01","display":"Proprietary algorithm for LinkSoft v2.01","definition":"Proprietary algorithm for LinkSoft v2.01","property":[{"code":"status","valueCode":"A"}]},{"id":"4017","code":"MATCHWARE_1.2","display":"Proprietary algorithm for MatchWare v1.2","definition":"Proprietary algorithm for MatchWare v1.2","property":[{"code":"status","valueCode":"A"}]}]}