{"resourceType":"CodeSystem","id":"v2-0530","text":{"status":"generated","div":"<div xmlns=\"http://www.w3.org/1999/xhtml\"><p><b>Properties</b></p><table class=\"grid\"><tr><td><b>Code</b></td><td><b>URL</b></td><td><b>Type</b></td><td><b>Description</b></td></tr><tr><td>status</td><td>http://terminology.hl7.org/CodeSystem/utg-concept-properties#status</td><td>code</td><td>Status of the concept</td></tr><tr><td>deprecated</td><td>http://terminology.hl7.org/CodeSystem/utg-concept-properties#v2-table-deprecated</td><td>code</td><td>Version of HL7 in which the code was deprecated</td></tr><tr><td>v2-concComment</td><td>http://terminology.hl7.org/CodeSystem/utg-concept-properties#v2-concComment</td><td>string</td><td>V2 Concept Comment</td></tr><tr><td>v2-concCommentAsPub</td><td>http://terminology.hl7.org/CodeSystem/utg-concept-properties#v2-concCommentAsPub</td><td>string</td><td>V2 Concept Comment As Published</td></tr></table><p>This code system <code>http://terminology.hl7.org/CodeSystem/v2-0530</code> defines the following codes:</p><table class=\"codes\"><tr><td style=\"white-space:nowrap\"><b>Code</b></td><td><b>Display</b></td><td><b>Definition</b></td><td><b>V2 Concept Comment</b></td><td><b>V2 Concept Comment As Published</b></td></tr><tr><td style=\"white-space:nowrap\">AE<a name=\"v2-0530-AE\"> </a></td><td>American Express</td><td>American Express</td><td/><td/></tr><tr><td style=\"white-space:nowrap\">DEA<a name=\"v2-0530-DEA\"> </a></td><td>Drug Enforcement Agency</td><td>Drug Enforcement Agency</td><td>The US Drug Enforcement Administration does not solely assign DEA numbers in the United States. Hospitals have the authority to issue DEA numbers to their medical residents. These DEA numbers are based upon the hospital’s DEA number, but the authority rests with the hospital on the assignment to the residents. Thus, DEA as an Assigning Authority is necessary in addition to DEA as an Identifier Type.</td><td>The US Drug Enforcement Administration does not solely assign DEA numbers in the United States. Hospitals have the authority to issue DEA numbers to their medical residents. These DEA numbers are based upon the hospital’s DEA number, but the authority rests with the hospital on the assignment to the residents. Thus, DEA as an Assigning Authority is necessary in addition to DEA as an Identifier Type.</td></tr><tr><td style=\"white-space:nowrap\">DOD<a name=\"v2-0530-DOD\"> </a></td><td>Department of Defense</td><td>Department of Defense</td><td>In some countries e.g., the US, more than one department may issue a military identifier. Hence, US is not sufficient as the Assigning Authority.</td><td>In some countries e.g., the US, more than one department may issue a military identifier. Hence, US is not sufficient as the Assigning Authority.</td></tr><tr><td style=\"white-space:nowrap\">MC<a name=\"v2-0530-MC\"> </a></td><td>Master Card</td><td>Master Card</td><td/><td/></tr><tr><td style=\"white-space:nowrap\">VA<a name=\"v2-0530-VA\"> </a></td><td>Veterans Affairs</td><td>Veterans Affairs</td><td/><td/></tr><tr><td style=\"white-space:nowrap\">VI<a name=\"v2-0530-VI\"> </a></td><td>Visa</td><td>Visa</td><td/><td/></tr></table></div>"},"extension":[{"url":"http://hl7.org/fhir/StructureDefinition/structuredefinition-wg","valueCode":"inm"}],"url":"http://terminology.hl7.org/CodeSystem/v2-0530","identifier":[{"system":"urn:ietf:rfc:3986","value":"urn:oid:2.16.840.1.113883.18.346"}],"version":"2.1.0","name":"OrganizationAgencyDepartment","title":"organization-Agency-Department","status":"active","experimental":false,"date":"2019-12-01","publisher":"HL7, Inc","contact":[{"telecom":[{"system":"url","value":"http://www.hl7.org/"}]}],"description":"Code system of concepts used to specify the agency or department that assigned the identifier in component 1.  Used in the Performing Person Time Stamp (PPN), Extended Composite ID Number and Name for Persons (XCN) and Extended Composite ID with Check Digit (CX) segments in HL7 Version 2.x messaging.","purpose":"Underlying Master Code System for V2 table 0530 (Organization, Agency, Department)","copyright":"Copyright HL7. Licensed under creative commons public domain","caseSensitive":true,"valueSet":"http://terminology.hl7.org/ValueSet/v2-0530","hierarchyMeaning":"is-a","compositional":false,"versionNeeded":false,"content":"complete","property":[{"code":"status","uri":"http://terminology.hl7.org/CodeSystem/utg-concept-properties#status","description":"Status of the concept","type":"code"},{"code":"deprecated","uri":"http://terminology.hl7.org/CodeSystem/utg-concept-properties#v2-table-deprecated","description":"Version of HL7 in which the code was deprecated","type":"code"},{"code":"v2-concComment","uri":"http://terminology.hl7.org/CodeSystem/utg-concept-properties#v2-concComment","description":"V2 Concept Comment","type":"string"},{"code":"v2-concCommentAsPub","uri":"http://terminology.hl7.org/CodeSystem/utg-concept-properties#v2-concCommentAsPub","description":"V2 Concept Comment As Published","type":"string"}],"concept":[{"id":"5632","code":"AE","display":"American Express","definition":"American Express","property":[{"code":"status","valueCode":"A"}]},{"id":"5633","code":"DEA","display":"Drug Enforcement Agency","definition":"Drug Enforcement Agency","property":[{"code":"v2-concComment","valueString":"The US Drug Enforcement Administration does not solely assign DEA numbers in the United States. Hospitals have the authority to issue DEA numbers to their medical residents. These DEA numbers are based upon the hospital’s DEA number, but the authority rests with the hospital on the assignment to the residents. Thus, DEA as an Assigning Authority is necessary in addition to DEA as an Identifier Type."},{"code":"v2-concCommentAsPub","valueString":"The US Drug Enforcement Administration does not solely assign DEA numbers in the United States. Hospitals have the authority to issue DEA numbers to their medical residents. These DEA numbers are based upon the hospital’s DEA number, but the authority rests with the hospital on the assignment to the residents. Thus, DEA as an Assigning Authority is necessary in addition to DEA as an Identifier Type."},{"code":"status","valueCode":"A"}]},{"id":"5634","code":"DOD","display":"Department of Defense","definition":"Department of Defense","property":[{"code":"v2-concComment","valueString":"In some countries e.g., the US, more than one department may issue a military identifier. Hence, US is not sufficient as the Assigning Authority."},{"code":"v2-concCommentAsPub","valueString":"In some countries e.g., the US, more than one department may issue a military identifier. Hence, US is not sufficient as the Assigning Authority."},{"code":"status","valueCode":"A"}]},{"id":"5635","code":"MC","display":"Master Card","definition":"Master Card","property":[{"code":"status","valueCode":"A"}]},{"id":"5636","code":"VA","display":"Veterans Affairs","definition":"Veterans Affairs","property":[{"code":"status","valueCode":"A"}]},{"id":"5637","code":"VI","display":"Visa","definition":"Visa","property":[{"code":"status","valueCode":"A"}]}]}