{"resourceType":"CodeSystem","id":"icpc-POR","text":{"status":"generated","div":"<div xmlns=\"http://www.w3.org/1999/xhtml\"><p>This code system <code>http://terminology.hl7.org/CodeSystem/icpc-POR</code> defines many codes, but they are not represented here</p></div>"},"url":"http://terminology.hl7.org/CodeSystem/icpc-POR","identifier":[{"system":"urn:ietf:rfc:3986","value":"urn:oid:2.16.840.1.113883.6.138.11"}],"version":"2.0.1","name":"IcpcPOR","title":"International Classification of Primary Care 1993 Portuguese","status":"retired","experimental":false,"date":"2021-11-09T10:00:00+10:00","publisher":"TBD - External Body","description":"The International Classification of Primary Care (ICPC). Portuguese Translation. Denmark: World Organisation of Family Doctors, 1993.","caseSensitive":true,"content":"not-present"}