{"resourceType":"CodeSystem","id":"v3-MessageWaitingPriority","language":"en","text":{"status":"generated","div":"<div xml:lang=\"en\" xmlns=\"http://www.w3.org/1999/xhtml\" lang=\"en\"><p><b>Properties</b></p><table class=\"grid\"><tr><td><b>Code</b></td><td><b>URL</b></td><td><b>Type</b></td><td><b>Description</b></td></tr><tr><td>Specializes</td><td/><td>Coding</td><td>The child code is a more narrow version of the concept represented by the parent code.  I.e. Every child concept is also a valid parent concept.  Used to allow determination of subsumption.  Must be transitive, irreflexive, antisymmetric.</td></tr><tr><td>Generalizes</td><td/><td>Coding</td><td>Inverse of Specializes.  Only included as a derived relationship.</td></tr><tr><td>SmallerThan</td><td>http://terminology.hl7.org/CodeSystem/utg-concept-properties#SmallerThan</td><td>Coding</td><td>The source concept code is &quot;less than&quot; the target concept in a strictly ordinal sense.</td></tr><tr><td>internalId</td><td>http://terminology.hl7.org/CodeSystem/utg-concept-properties#v3-internal-id</td><td>code</td><td>The internal identifier for the concept in the HL7 Access database repository.</td></tr><tr><td>status</td><td>http://hl7.org/fhir/concept-properties#status</td><td>code</td><td>Designation of a concept's state. Normally is not populated unless the state is retired.</td></tr></table><p>This code system <code>http://terminology.hl7.org/CodeSystem/v3-MessageWaitingPriority</code> defines the following codes:</p><table class=\"codes\"><tr><td style=\"white-space:nowrap\"><b>Code</b></td><td><b>Display</b></td><td><b>Definition</b></td><td><b>Smaller Than</b></td><td><b>internalId</b></td><td><b>status</b></td></tr><tr><td style=\"white-space:nowrap\">H<a name=\"v3-MessageWaitingPriority-H\"> </a></td><td>High</td><td>High priority messages are available</td><td/><td>19790</td><td>active</td></tr><tr><td style=\"white-space:nowrap\">L<a name=\"v3-MessageWaitingPriority-L\"> </a></td><td>Low</td><td>Low priority messages are available</td><td>M</td><td>19792</td><td>active</td></tr><tr><td style=\"white-space:nowrap\">M<a name=\"v3-MessageWaitingPriority-M\"> </a></td><td>Medium</td><td>Medium priority messages are available</td><td/><td>19791</td><td>active</td></tr></table></div>"},"url":"http://terminology.hl7.org/CodeSystem/v3-MessageWaitingPriority","identifier":[{"system":"urn:ietf:rfc:3986","value":"urn:oid:2.16.840.1.113883.5.1083"}],"version":"2.1.0","name":"MessageWaitingPriority","title":"MessageWaitingPriority","status":"active","experimental":false,"date":"2019-03-20","publisher":"HL7","contact":[{"name":"HL7 Modeling & Methodology Work Group"}],"description":"Indicates that the receiver has messages for the sender\r\n\r\n*OpenIssue:* Description does not make sense relative to name of coding system. Must be reviewed and improved.","caseSensitive":true,"hierarchyMeaning":"is-a","content":"complete","property":[{"extension":[{"url":"http://terminology.hl7.org/StructureDefinition/ext-mif-relationship-symmetry","valueCode":"antisymmetric"},{"url":"http://terminology.hl7.org/StructureDefinition/ext-mif-relationship-transitivity","valueCode":"transitive"},{"url":"http://terminology.hl7.org/StructureDefinition/ext-mif-relationship-reflexivity","valueCode":"irreflexive"},{"url":"http://terminology.hl7.org/StructureDefinition/ext-mif-relationship-isNavigable","valueBoolean":true},{"url":"http://terminology.hl7.org/StructureDefinition/ext-mif-relationship-relationshipKind","valueCode":"Specializes"},{"url":"http://terminology.hl7.org/StructureDefinition/ext-mif-relationship-inverseName","valueString":"Generalizes"}],"code":"Specializes","description":"The child code is a more narrow version of the concept represented by the parent code.  I.e. Every child concept is also a valid parent concept.  Used to allow determination of subsumption.  Must be transitive, irreflexive, antisymmetric.","type":"Coding"},{"extension":[{"url":"http://terminology.hl7.org/StructureDefinition/ext-mif-relationship-symmetry","valueCode":"antisymmetric"},{"url":"http://terminology.hl7.org/StructureDefinition/ext-mif-relationship-transitivity","valueCode":"transitive"},{"url":"http://terminology.hl7.org/StructureDefinition/ext-mif-relationship-reflexivity","valueCode":"irreflexive"},{"url":"http://terminology.hl7.org/StructureDefinition/ext-mif-relationship-isNavigable","valueBoolean":true},{"url":"http://terminology.hl7.org/StructureDefinition/ext-mif-relationship-relationshipKind","valueCode":"Generalizes"},{"url":"http://terminology.hl7.org/StructureDefinition/ext-mif-relationship-inverseName","valueString":"Specializes"}],"code":"Generalizes","description":"Inverse of Specializes.  Only included as a derived relationship.","type":"Coding"},{"extension":[{"url":"http://terminology.hl7.org/StructureDefinition/ext-mif-relationship-relationshipKind","valueCode":"LessThan"}],"code":"SmallerThan","uri":"http://terminology.hl7.org/CodeSystem/utg-concept-properties#SmallerThan","description":"The source concept code is \"less than\" the target concept in a strictly ordinal sense.","type":"Coding"},{"code":"internalId","uri":"http://terminology.hl7.org/CodeSystem/utg-concept-properties#v3-internal-id","description":"The internal identifier for the concept in the HL7 Access database repository.","type":"code"},{"code":"status","uri":"http://hl7.org/fhir/concept-properties#status","description":"Designation of a concept's state. Normally is not populated unless the state is retired.","type":"code"}],"concept":[{"code":"H","display":"High","definition":"High priority messages are available","property":[{"code":"status","valueCode":"active"},{"code":"internalId","valueCode":"19790"}]},{"code":"L","display":"Low","definition":"Low priority messages are available","property":[{"code":"status","valueCode":"active"},{"code":"SmallerThan","valueCoding":{"system":"http://terminology.hl7.org/CodeSystem/v3-MessageWaitingPriority","code":"M"}},{"code":"internalId","valueCode":"19792"}]},{"code":"M","display":"Medium","definition":"Medium priority messages are available","property":[{"code":"status","valueCode":"active"},{"code":"internalId","valueCode":"19791"}]}]}