{"resourceType":"CodeSystem","id":"v2-0260","text":{"status":"generated","div":"<div xmlns=\"http://www.w3.org/1999/xhtml\"><p><b>Properties</b></p><table class=\"grid\"><tr><td><b>Code</b></td><td><b>URL</b></td><td><b>Type</b></td><td><b>Description</b></td></tr><tr><td>status</td><td>http://terminology.hl7.org/CodeSystem/utg-concept-properties#status</td><td>code</td><td>Status of the concept</td></tr><tr><td>deprecated</td><td>http://terminology.hl7.org/CodeSystem/utg-concept-properties#v2-table-deprecated</td><td>code</td><td>Version of HL7 in which the code was deprecated</td></tr></table><p>This code system <code>http://terminology.hl7.org/CodeSystem/v2-0260</code> defines the following codes:</p><table class=\"codes\"><tr><td style=\"white-space:nowrap\"><b>Code</b></td><td><b>Display</b></td><td><b>Definition</b></td></tr><tr><td style=\"white-space:nowrap\">N<a name=\"v2-0260-N\"> </a></td><td>Nursing Unit</td><td>Nursing Unit</td></tr><tr><td style=\"white-space:nowrap\">R<a name=\"v2-0260-R\"> </a></td><td>Room</td><td>Room</td></tr><tr><td style=\"white-space:nowrap\">B<a name=\"v2-0260-B\"> </a></td><td>Bed</td><td>Bed</td></tr><tr><td style=\"white-space:nowrap\">E<a name=\"v2-0260-E\"> </a></td><td>Exam Room</td><td>Exam Room</td></tr><tr><td style=\"white-space:nowrap\">O<a name=\"v2-0260-O\"> </a></td><td>Operating Room</td><td>Operating Room</td></tr><tr><td style=\"white-space:nowrap\">C<a name=\"v2-0260-C\"> </a></td><td>Clinic</td><td>Clinic</td></tr><tr><td style=\"white-space:nowrap\">D<a name=\"v2-0260-D\"> </a></td><td>Department</td><td>Department</td></tr><tr><td style=\"white-space:nowrap\">L<a name=\"v2-0260-L\"> </a></td><td>Other Location</td><td>Other Location</td></tr></table></div>"},"extension":[{"url":"http://hl7.org/fhir/StructureDefinition/structuredefinition-wg","valueCode":"inm"},{"url":"http://hl7.org/fhir/StructureDefinition/structuredefinition-wg","valueCode":"pa"}],"url":"http://terminology.hl7.org/CodeSystem/v2-0260","identifier":[{"system":"urn:ietf:rfc:3986","value":"urn:oid:2.16.840.1.113883.18.155"}],"version":"2.1.0","name":"PatientLocationType","title":"patientLocationType","status":"active","experimental":false,"date":"2019-12-01","publisher":"HL7, Inc","contact":[{"telecom":[{"system":"url","value":"http://www.hl7.org/"}]}],"description":"Code system of concepts used to identify the kind of location described in the location definition.  Used in HL7 Version 2.x messaging in the LOC segment.","purpose":"Underlying Master Code System for V2 table 0260 (Patient Location Type)","copyright":"Copyright HL7. Licensed under creative commons public domain","caseSensitive":true,"valueSet":"http://terminology.hl7.org/ValueSet/v2-0260","hierarchyMeaning":"is-a","compositional":false,"versionNeeded":false,"content":"complete","property":[{"code":"status","uri":"http://terminology.hl7.org/CodeSystem/utg-concept-properties#status","description":"Status of the concept","type":"code"},{"code":"deprecated","uri":"http://terminology.hl7.org/CodeSystem/utg-concept-properties#v2-table-deprecated","description":"Version of HL7 in which the code was deprecated","type":"code"}],"concept":[{"id":"2564","code":"N","display":"Nursing Unit","definition":"Nursing Unit","property":[{"code":"status","valueCode":"A"}]},{"id":"2565","code":"R","display":"Room","definition":"Room","property":[{"code":"status","valueCode":"A"}]},{"id":"2566","code":"B","display":"Bed","definition":"Bed","property":[{"code":"status","valueCode":"A"}]},{"id":"2567","code":"E","display":"Exam Room","definition":"Exam Room","property":[{"code":"status","valueCode":"A"}]},{"id":"2568","code":"O","display":"Operating Room","definition":"Operating Room","property":[{"code":"status","valueCode":"A"}]},{"id":"2569","code":"C","display":"Clinic","definition":"Clinic","property":[{"code":"status","valueCode":"A"}]},{"id":"2570","code":"D","display":"Department","definition":"Department","property":[{"code":"status","valueCode":"A"}]},{"id":"2571","code":"L","display":"Other Location","definition":"Other Location","property":[{"code":"status","valueCode":"A"}]}]}