{"resourceType":"CodeSystem","id":"v2-0488","text":{"status":"generated","div":"<div xmlns=\"http://www.w3.org/1999/xhtml\"><p><b>Properties</b></p><table class=\"grid\"><tr><td><b>Code</b></td><td><b>URL</b></td><td><b>Type</b></td><td><b>Description</b></td></tr><tr><td>status</td><td>http://terminology.hl7.org/CodeSystem/utg-concept-properties#status</td><td>code</td><td>Status of the concept</td></tr><tr><td>deprecated</td><td>http://terminology.hl7.org/CodeSystem/utg-concept-properties#v2-table-deprecated</td><td>code</td><td>Version of HL7 in which the code was deprecated</td></tr></table><p>This code system <code>http://terminology.hl7.org/CodeSystem/v2-0488</code> defines the following codes:</p><table class=\"codes\"><tr><td style=\"white-space:nowrap\"><b>Code</b></td><td><b>Display</b></td><td><b>Definition</b></td></tr><tr><td style=\"white-space:nowrap\">FNA<a name=\"v2-0488-FNA\"> </a></td><td>Aspiration, Fine Needle</td><td>Aspiration, Fine Needle</td></tr><tr><td style=\"white-space:nowrap\">PNA<a name=\"v2-0488-PNA\"> </a></td><td>Arterial puncture</td><td>Arterial puncture</td></tr><tr><td style=\"white-space:nowrap\">BIO<a name=\"v2-0488-BIO\"> </a></td><td>Biopsy</td><td>Biopsy</td></tr><tr><td style=\"white-space:nowrap\">BCAE<a name=\"v2-0488-BCAE\"> </a></td><td>Blood Culture, Aerobic Bottle</td><td>Blood Culture, Aerobic Bottle</td></tr><tr><td style=\"white-space:nowrap\">BCAN<a name=\"v2-0488-BCAN\"> </a></td><td>Blood Culture, Anaerobic Bottle</td><td>Blood Culture, Anaerobic Bottle</td></tr><tr><td style=\"white-space:nowrap\">BCPD<a name=\"v2-0488-BCPD\"> </a></td><td>Blood Culture, Pediatric Bottle</td><td>Blood Culture, Pediatric Bottle</td></tr><tr><td style=\"white-space:nowrap\">CAP<a name=\"v2-0488-CAP\"> </a></td><td>Capillary Specimen</td><td>Capillary Specimen</td></tr><tr><td style=\"white-space:nowrap\">CATH<a name=\"v2-0488-CATH\"> </a></td><td>Catheterized</td><td>Catheterized</td></tr><tr><td style=\"white-space:nowrap\">EPLA<a name=\"v2-0488-EPLA\"> </a></td><td>Environmental, Plate</td><td>Environmental, Plate</td></tr><tr><td style=\"white-space:nowrap\">ESWA<a name=\"v2-0488-ESWA\"> </a></td><td>Environmental, Swab</td><td>Environmental, Swab</td></tr><tr><td style=\"white-space:nowrap\">LNA<a name=\"v2-0488-LNA\"> </a></td><td>Line, Arterial</td><td>Line, Arterial</td></tr><tr><td style=\"white-space:nowrap\">CVP<a name=\"v2-0488-CVP\"> </a></td><td>Line, CVP</td><td>Line, CVP</td></tr><tr><td style=\"white-space:nowrap\">LNV<a name=\"v2-0488-LNV\"> </a></td><td>Line, Venous</td><td>Line, Venous</td></tr><tr><td style=\"white-space:nowrap\">MARTL<a name=\"v2-0488-MARTL\"> </a></td><td>Martin-Lewis Agar</td><td>Martin-Lewis Agar</td></tr><tr><td style=\"white-space:nowrap\">ML11<a name=\"v2-0488-ML11\"> </a></td><td>Mod. Martin-Lewis Agar</td><td>Mod. Martin-Lewis Agar</td></tr><tr><td style=\"white-space:nowrap\">PACE<a name=\"v2-0488-PACE\"> </a></td><td>Pace, Gen-Probe</td><td>Pace, Gen-Probe</td></tr><tr><td style=\"white-space:nowrap\">PIN<a name=\"v2-0488-PIN\"> </a></td><td>Pinworm Prep</td><td>Pinworm Prep</td></tr><tr><td style=\"white-space:nowrap\">KOFFP<a name=\"v2-0488-KOFFP\"> </a></td><td>Plate, Cough</td><td>Plate, Cough</td></tr><tr><td style=\"white-space:nowrap\">MLP<a name=\"v2-0488-MLP\"> </a></td><td>Plate, Martin-Lewis</td><td>Plate, Martin-Lewis</td></tr><tr><td style=\"white-space:nowrap\">NYP<a name=\"v2-0488-NYP\"> </a></td><td>Plate, New York City</td><td>Plate, New York City</td></tr><tr><td style=\"white-space:nowrap\">TMP<a name=\"v2-0488-TMP\"> </a></td><td>Plate, Thayer-Martin</td><td>Plate, Thayer-Martin</td></tr><tr><td style=\"white-space:nowrap\">ANP<a name=\"v2-0488-ANP\"> </a></td><td>Plates, Anaerobic</td><td>Plates, Anaerobic</td></tr><tr><td style=\"white-space:nowrap\">BAP<a name=\"v2-0488-BAP\"> </a></td><td>Plates, Blood Agar</td><td>Plates, Blood Agar</td></tr><tr><td style=\"white-space:nowrap\">PRIME<a name=\"v2-0488-PRIME\"> </a></td><td>Pump Prime</td><td>Pump Prime</td></tr><tr><td style=\"white-space:nowrap\">PUMP<a name=\"v2-0488-PUMP\"> </a></td><td>Pump Specimen</td><td>Pump Specimen</td></tr><tr><td style=\"white-space:nowrap\">QC5<a name=\"v2-0488-QC5\"> </a></td><td>Quality Control For Micro</td><td>Quality Control For Micro</td></tr><tr><td style=\"white-space:nowrap\">SCLP<a name=\"v2-0488-SCLP\"> </a></td><td>Scalp, Fetal Vein</td><td>Scalp, Fetal Vein</td></tr><tr><td style=\"white-space:nowrap\">SCRAPS<a name=\"v2-0488-SCRAPS\"> </a></td><td>Scrapings</td><td>Scrapings</td></tr><tr><td style=\"white-space:nowrap\">SHA<a name=\"v2-0488-SHA\"> </a></td><td>Shaving</td><td>Shaving</td></tr><tr><td style=\"white-space:nowrap\">SWA<a name=\"v2-0488-SWA\"> </a></td><td>Swab</td><td>Swab</td></tr><tr><td style=\"white-space:nowrap\">SWD<a name=\"v2-0488-SWD\"> </a></td><td>Swab, Dacron tipped</td><td>Swab, Dacron tipped</td></tr><tr><td style=\"white-space:nowrap\">WOOD<a name=\"v2-0488-WOOD\"> </a></td><td>Swab, Wooden Shaft</td><td>Swab, Wooden Shaft</td></tr><tr><td style=\"white-space:nowrap\">TMOT<a name=\"v2-0488-TMOT\"> </a></td><td>Transport Media,</td><td>Transport Media,</td></tr><tr><td style=\"white-space:nowrap\">TMAN<a name=\"v2-0488-TMAN\"> </a></td><td>Transport Media, Anaerobic</td><td>Transport Media, Anaerobic</td></tr><tr><td style=\"white-space:nowrap\">TMCH<a name=\"v2-0488-TMCH\"> </a></td><td>Transport Media, Chalamydia</td><td>Transport Media, Chalamydia</td></tr><tr><td style=\"white-space:nowrap\">TMM4<a name=\"v2-0488-TMM4\"> </a></td><td>Transport Media, M4</td><td>Transport Media, M4</td></tr><tr><td style=\"white-space:nowrap\">TMMY<a name=\"v2-0488-TMMY\"> </a></td><td>Transport Media, Mycoplasma</td><td>Transport Media, Mycoplasma</td></tr><tr><td style=\"white-space:nowrap\">TMPV<a name=\"v2-0488-TMPV\"> </a></td><td>Transport Media, PVA</td><td>Transport Media, PVA</td></tr><tr><td style=\"white-space:nowrap\">TMSC<a name=\"v2-0488-TMSC\"> </a></td><td>Transport Media, Stool Culture</td><td>Transport Media, Stool Culture</td></tr><tr><td style=\"white-space:nowrap\">TMUP<a name=\"v2-0488-TMUP\"> </a></td><td>Transport Media, Ureaplasma</td><td>Transport Media, Ureaplasma</td></tr><tr><td style=\"white-space:nowrap\">TMVI<a name=\"v2-0488-TMVI\"> </a></td><td>Transport Media, Viral</td><td>Transport Media, Viral</td></tr><tr><td style=\"white-space:nowrap\">VENIP<a name=\"v2-0488-VENIP\"> </a></td><td>Venipuncture</td><td>Venipuncture</td></tr></table></div>"},"extension":[{"url":"http://hl7.org/fhir/StructureDefinition/structuredefinition-wg","valueCode":"oo"}],"url":"http://terminology.hl7.org/CodeSystem/v2-0488","identifier":[{"system":"urn:ietf:rfc:3986","value":"urn:oid:2.16.840.1.113883.18.312"}],"version":"2.1.0","name":"SpecimenCollectionMethod","title":"specimenCollectionMethod","status":"active","experimental":false,"date":"2019-12-01","publisher":"HL7, Inc","contact":[{"telecom":[{"system":"url","value":"http://www.hl7.org/"}]}],"description":"HL7-defined code system of concepts specifying the specimen collection method.  Used in HL7 Version 2.x messaging in the SPM segment.","purpose":"Underlying Master Code System for V2 table 0488 (Specimen Collection Method)","copyright":"Copyright HL7. Licensed under creative commons public domain","caseSensitive":true,"valueSet":"http://terminology.hl7.org/ValueSet/v2-0488","hierarchyMeaning":"is-a","compositional":false,"versionNeeded":false,"content":"complete","property":[{"code":"status","uri":"http://terminology.hl7.org/CodeSystem/utg-concept-properties#status","description":"Status of the concept","type":"code"},{"code":"deprecated","uri":"http://terminology.hl7.org/CodeSystem/utg-concept-properties#v2-table-deprecated","description":"Version of HL7 in which the code was deprecated","type":"code"}],"concept":[{"id":"5250","code":"FNA","display":"Aspiration, Fine Needle","definition":"Aspiration, Fine Needle","property":[{"code":"status","valueCode":"A"}]},{"id":"5251","code":"PNA","display":"Arterial puncture","definition":"Arterial puncture","property":[{"code":"status","valueCode":"A"}]},{"id":"5252","code":"BIO","display":"Biopsy","definition":"Biopsy","property":[{"code":"status","valueCode":"A"}]},{"id":"5253","code":"BCAE","display":"Blood Culture, Aerobic Bottle","definition":"Blood Culture, Aerobic Bottle","property":[{"code":"status","valueCode":"A"}]},{"id":"5254","code":"BCAN","display":"Blood Culture, Anaerobic Bottle","definition":"Blood Culture, Anaerobic Bottle","property":[{"code":"status","valueCode":"A"}]},{"id":"5255","code":"BCPD","display":"Blood Culture, Pediatric Bottle","definition":"Blood Culture, Pediatric Bottle","property":[{"code":"status","valueCode":"A"}]},{"id":"5256","code":"CAP","display":"Capillary Specimen","definition":"Capillary Specimen","property":[{"code":"status","valueCode":"A"}]},{"id":"5257","code":"CATH","display":"Catheterized","definition":"Catheterized","property":[{"code":"status","valueCode":"A"}]},{"id":"5258","code":"EPLA","display":"Environmental, Plate","definition":"Environmental, Plate","property":[{"code":"status","valueCode":"A"}]},{"id":"5259","code":"ESWA","display":"Environmental, Swab","definition":"Environmental, Swab","property":[{"code":"status","valueCode":"A"}]},{"id":"5260","code":"LNA","display":"Line, Arterial","definition":"Line, Arterial","property":[{"code":"status","valueCode":"A"}]},{"id":"5261","code":"CVP","display":"Line, CVP","definition":"Line, CVP","property":[{"code":"status","valueCode":"A"}]},{"id":"5262","code":"LNV","display":"Line, Venous","definition":"Line, Venous","property":[{"code":"status","valueCode":"A"}]},{"id":"5263","code":"MARTL","display":"Martin-Lewis Agar","definition":"Martin-Lewis Agar","property":[{"code":"status","valueCode":"A"}]},{"id":"5264","code":"ML11","display":"Mod. Martin-Lewis Agar","definition":"Mod. Martin-Lewis Agar","property":[{"code":"status","valueCode":"A"}]},{"id":"5265","code":"PACE","display":"Pace, Gen-Probe","definition":"Pace, Gen-Probe","property":[{"code":"status","valueCode":"A"}]},{"id":"5266","code":"PIN","display":"Pinworm Prep","definition":"Pinworm Prep","property":[{"code":"status","valueCode":"A"}]},{"id":"5267","code":"KOFFP","display":"Plate, Cough","definition":"Plate, Cough","property":[{"code":"status","valueCode":"A"}]},{"id":"5268","code":"MLP","display":"Plate, Martin-Lewis","definition":"Plate, Martin-Lewis","property":[{"code":"status","valueCode":"A"}]},{"id":"5269","code":"NYP","display":"Plate, New York City","definition":"Plate, New York City","property":[{"code":"status","valueCode":"A"}]},{"id":"5270","code":"TMP","display":"Plate, Thayer-Martin","definition":"Plate, Thayer-Martin","property":[{"code":"status","valueCode":"A"}]},{"id":"5271","code":"ANP","display":"Plates, Anaerobic","definition":"Plates, Anaerobic","property":[{"code":"status","valueCode":"A"}]},{"id":"5272","code":"BAP","display":"Plates, Blood Agar","definition":"Plates, Blood Agar","property":[{"code":"status","valueCode":"A"}]},{"id":"5273","code":"PRIME","display":"Pump Prime","definition":"Pump Prime","property":[{"code":"status","valueCode":"A"}]},{"id":"5274","code":"PUMP","display":"Pump Specimen","definition":"Pump Specimen","property":[{"code":"status","valueCode":"A"}]},{"id":"5275","code":"QC5","display":"Quality Control For Micro","definition":"Quality Control For Micro","property":[{"code":"status","valueCode":"A"}]},{"id":"5276","code":"SCLP","display":"Scalp, Fetal Vein","definition":"Scalp, Fetal Vein","property":[{"code":"status","valueCode":"A"}]},{"id":"5277","code":"SCRAPS","display":"Scrapings","definition":"Scrapings","property":[{"code":"status","valueCode":"A"}]},{"id":"5278","code":"SHA","display":"Shaving","definition":"Shaving","property":[{"code":"status","valueCode":"A"}]},{"id":"5279","code":"SWA","display":"Swab","definition":"Swab","property":[{"code":"status","valueCode":"A"}]},{"id":"5280","code":"SWD","display":"Swab, Dacron tipped","definition":"Swab, Dacron tipped","property":[{"code":"status","valueCode":"A"}]},{"id":"5281","code":"WOOD","display":"Swab, Wooden Shaft","definition":"Swab, Wooden Shaft","property":[{"code":"status","valueCode":"A"}]},{"id":"5282","code":"TMOT","display":"Transport Media,","definition":"Transport Media,","property":[{"code":"status","valueCode":"A"}]},{"id":"5283","code":"TMAN","display":"Transport Media, Anaerobic","definition":"Transport Media, Anaerobic","property":[{"code":"status","valueCode":"A"}]},{"id":"5284","code":"TMCH","display":"Transport Media, Chalamydia","definition":"Transport Media, Chalamydia","property":[{"code":"status","valueCode":"A"}]},{"id":"5285","code":"TMM4","display":"Transport Media, M4","definition":"Transport Media, M4","property":[{"code":"status","valueCode":"A"}]},{"id":"5286","code":"TMMY","display":"Transport Media, Mycoplasma","definition":"Transport Media, Mycoplasma","property":[{"code":"status","valueCode":"A"}]},{"id":"5287","code":"TMPV","display":"Transport Media, PVA","definition":"Transport Media, PVA","property":[{"code":"status","valueCode":"A"}]},{"id":"5288","code":"TMSC","display":"Transport Media, Stool Culture","definition":"Transport Media, Stool Culture","property":[{"code":"status","valueCode":"A"}]},{"id":"5289","code":"TMUP","display":"Transport Media, Ureaplasma","definition":"Transport Media, Ureaplasma","property":[{"code":"status","valueCode":"A"}]},{"id":"5290","code":"TMVI","display":"Transport Media, Viral","definition":"Transport Media, Viral","property":[{"code":"status","valueCode":"A"}]},{"id":"5291","code":"VENIP","display":"Venipuncture","definition":"Venipuncture","property":[{"code":"status","valueCode":"A"}]}]}