{"resourceType":"CodeSystem","id":"v2-0436","text":{"status":"generated","div":"<div xmlns=\"http://www.w3.org/1999/xhtml\"><p><b>Properties</b></p><table class=\"grid\"><tr><td><b>Code</b></td><td><b>URL</b></td><td><b>Type</b></td><td><b>Description</b></td></tr><tr><td>status</td><td>http://terminology.hl7.org/CodeSystem/utg-concept-properties#status</td><td>code</td><td>Status of the concept</td></tr><tr><td>deprecated</td><td>http://terminology.hl7.org/CodeSystem/utg-concept-properties#v2-table-deprecated</td><td>code</td><td>Version of HL7 in which the code was deprecated</td></tr></table><p>This code system <code>http://terminology.hl7.org/CodeSystem/v2-0436</code> defines the following codes:</p><table class=\"codes\"><tr><td style=\"white-space:nowrap\"><b>Code</b></td><td><b>Display</b></td><td><b>Definition</b></td></tr><tr><td style=\"white-space:nowrap\">AD<a name=\"v2-0436-AD\"> </a></td><td>Adverse Reaction (Not otherwise classified)</td><td>Adverse Reaction (Not otherwise classified)</td></tr><tr><td style=\"white-space:nowrap\">AL<a name=\"v2-0436-AL\"> </a></td><td>Allergy</td><td>Allergy</td></tr><tr><td style=\"white-space:nowrap\">CT<a name=\"v2-0436-CT\"> </a></td><td>Contraindication</td><td>Contraindication</td></tr><tr><td style=\"white-space:nowrap\">IN<a name=\"v2-0436-IN\"> </a></td><td>Intolerance</td><td>Intolerance</td></tr><tr><td style=\"white-space:nowrap\">SE<a name=\"v2-0436-SE\"> </a></td><td>Side Effect</td><td>Side Effect</td></tr></table><p><b>Additional Language Displays</b></p><table class=\"codes\"><tr><td><b>Code</b></td><td><b>Deutsch (German, de)</b></td></tr><tr><td>AD</td><td/></tr><tr><td>AL</td><td>Allergie</td></tr><tr><td>CT</td><td/></tr><tr><td>IN</td><td/></tr><tr><td>SE</td><td/></tr></table></div>"},"extension":[{"url":"http://hl7.org/fhir/StructureDefinition/structuredefinition-wg","valueCode":"pa"}],"url":"http://terminology.hl7.org/CodeSystem/v2-0436","identifier":[{"system":"urn:ietf:rfc:3986","value":"urn:oid:2.16.840.1.113883.18.277"}],"version":"2.2.0","name":"SensitivityToCausativeAgent","title":"sensitivityToCausativeAgent","status":"active","experimental":false,"date":"2019-12-01","publisher":"HL7, Inc","contact":[{"telecom":[{"system":"url","value":"http://www.hl7.org/"}]}],"description":"Code system of concepts specifying the reason the patient should not be exposed to a substance.  Used in HL7 Version 2.x messaging in the IAM segment.","purpose":"Underlying Master Code System for V2 table 0436 (Sensitivity to Causative Agent Code)","copyright":"Copyright HL7. Licensed under creative commons public domain","caseSensitive":true,"valueSet":"http://terminology.hl7.org/ValueSet/v2-0436","hierarchyMeaning":"is-a","compositional":false,"versionNeeded":false,"content":"complete","property":[{"code":"status","uri":"http://terminology.hl7.org/CodeSystem/utg-concept-properties#status","description":"Status of the concept","type":"code"},{"code":"deprecated","uri":"http://terminology.hl7.org/CodeSystem/utg-concept-properties#v2-table-deprecated","description":"Version of HL7 in which the code was deprecated","type":"code"}],"concept":[{"id":"4672","code":"AD","display":"Adverse Reaction (Not otherwise classified)","definition":"Adverse Reaction (Not otherwise classified)","property":[{"code":"status","valueCode":"A"}]},{"id":"4673","code":"AL","display":"Allergy","definition":"Allergy","designation":[{"language":"de","use":{"system":"http://terminology.hl7.org/CodeSystem/hl7TermMaintInfra","code":"preferredForLanguage"},"value":"Allergie"}],"property":[{"code":"status","valueCode":"A"}]},{"id":"4674","code":"CT","display":"Contraindication","definition":"Contraindication","property":[{"code":"status","valueCode":"A"}]},{"id":"4675","code":"IN","display":"Intolerance","definition":"Intolerance","property":[{"code":"status","valueCode":"A"}]},{"id":"4676","code":"SE","display":"Side Effect","definition":"Side Effect","property":[{"code":"status","valueCode":"A"}]}]}