{"resourceType":"CodeSystem","id":"v2-0366","text":{"status":"generated","div":"<div xmlns=\"http://www.w3.org/1999/xhtml\"><p><b>Properties</b></p><table class=\"grid\"><tr><td><b>Code</b></td><td><b>URL</b></td><td><b>Type</b></td><td><b>Description</b></td></tr><tr><td>status</td><td>http://terminology.hl7.org/CodeSystem/utg-concept-properties#status</td><td>code</td><td>Status of the concept</td></tr><tr><td>deprecated</td><td>http://terminology.hl7.org/CodeSystem/utg-concept-properties#v2-table-deprecated</td><td>code</td><td>Version of HL7 in which the code was deprecated</td></tr></table><p>This code system <code>http://terminology.hl7.org/CodeSystem/v2-0366</code> defines the following codes:</p><table class=\"codes\"><tr><td style=\"white-space:nowrap\"><b>Code</b></td><td><b>Display</b></td><td><b>Definition</b></td><td><b>deprecated</b></td></tr><tr><td style=\"white-space:nowrap\">L<a name=\"v2-0366-L\"> </a></td><td>Local</td><td>Local</td><td/></tr><tr><td style=\"white-space:nowrap\">R<a name=\"v2-0366-R\"> </a></td><td>Remote</td><td>Remote</td><td/></tr><tr><td style=\"white-space:nowrap\">...<a name=\"v2-0366-.46.46.46\"> </a></td><td>(null) No state change</td><td>(null) No state change</td><td>2.9</td></tr><tr><td style=\"white-space:nowrap\">…<a name=\"v2-0366-.8230\"> </a></td><td>(null) No state change</td><td>(null) No state change</td><td>2.9</td></tr></table></div>"},"extension":[{"url":"http://hl7.org/fhir/StructureDefinition/structuredefinition-wg","valueCode":"oo"}],"url":"http://terminology.hl7.org/CodeSystem/v2-0366","identifier":[{"system":"urn:ietf:rfc:3986","value":"urn:oid:2.16.840.1.113883.18.224"}],"version":"2.1.0","name":"LocalRemoteControlState","title":"local-remoteControlState","status":"active","experimental":false,"date":"2019-12-01","publisher":"HL7, Inc","contact":[{"telecom":[{"system":"url","value":"http://www.hl7.org/"}]}],"description":"HL7-defined code system of concepts that identify the current state of control associated with the equipment.   Equipment can either work autonomously ('Local' control state) or it can be controlled by another system, e.g., LAS computer ('Remote' control state).  Used in the Equipment Detail (EQU) segment in HL7 Version 2.x messaging.","purpose":"Underlying Master Code System for V2 table 0366 (Local/Remote Control State)","copyright":"Copyright HL7. Licensed under creative commons public domain","caseSensitive":true,"valueSet":"http://terminology.hl7.org/ValueSet/v2-0366","hierarchyMeaning":"is-a","compositional":false,"versionNeeded":false,"content":"complete","property":[{"code":"status","uri":"http://terminology.hl7.org/CodeSystem/utg-concept-properties#status","description":"Status of the concept","type":"code"},{"code":"deprecated","uri":"http://terminology.hl7.org/CodeSystem/utg-concept-properties#v2-table-deprecated","description":"Version of HL7 in which the code was deprecated","type":"code"}],"concept":[{"id":"3683","code":"L","display":"Local","definition":"Local","property":[{"code":"status","valueCode":"A"}]},{"id":"3684","code":"R","display":"Remote","definition":"Remote","property":[{"code":"status","valueCode":"A"}]},{"id":"3685","code":"...","display":"(null) No state change","definition":"(null) No state change","property":[{"code":"deprecated","valueCode":"2.9"},{"code":"status","valueCode":"D"}]},{"id":"3686","code":"…","display":"(null) No state change","definition":"(null) No state change","property":[{"code":"deprecated","valueCode":"2.9"},{"code":"status","valueCode":"D"}]}]}