{"resourceType":"CodeSystem","id":"v3-AcknowledgementCondition","language":"en","text":{"status":"generated","div":"<div xml:lang=\"en\" xmlns=\"http://www.w3.org/1999/xhtml\" lang=\"en\"><p><b>Properties</b></p><table class=\"grid\"><tr><td><b>Code</b></td><td><b>URL</b></td><td><b>Type</b></td><td><b>Description</b></td></tr><tr><td>Specializes</td><td/><td>Coding</td><td>The child code is a more narrow version of the concept represented by the parent code.  I.e. Every child concept is also a valid parent concept.  Used to allow determination of subsumption.  Must be transitive, irreflexive, antisymmetric.</td></tr><tr><td>Generalizes</td><td/><td>Coding</td><td>Inverse of Specializes.  Only included as a derived relationship.</td></tr><tr><td>internalId</td><td>http://terminology.hl7.org/CodeSystem/utg-concept-properties#v3-internal-id</td><td>code</td><td>The internal identifier for the concept in the HL7 Access database repository.</td></tr><tr><td>status</td><td>http://hl7.org/fhir/concept-properties#status</td><td>code</td><td>Designation of a concept's state.  Normally is not populated unless the state is retired..</td></tr></table><p>This code system <code>http://terminology.hl7.org/CodeSystem/v3-AcknowledgementCondition</code> defines the following codes:</p><table class=\"codes\"><tr><td style=\"white-space:nowrap\"><b>Code</b></td><td><b>Display</b></td><td><b>Definition</b></td><td><b>internalId</b></td><td><b>status</b></td></tr><tr><td style=\"white-space:nowrap\">AL<a name=\"v3-AcknowledgementCondition-AL\"> </a></td><td>Always</td><td>Always send an acknowledgement.</td><td>10126</td><td>active</td></tr><tr><td style=\"white-space:nowrap\">ER<a name=\"v3-AcknowledgementCondition-ER\"> </a></td><td>Error/reject only</td><td>Send an acknowledgement for error/reject conditions only.</td><td>10128</td><td>active</td></tr><tr><td style=\"white-space:nowrap\">NE<a name=\"v3-AcknowledgementCondition-NE\"> </a></td><td>Never</td><td>Never send an acknowledgement.</td><td>10127</td><td>active</td></tr><tr><td style=\"white-space:nowrap\">SU<a name=\"v3-AcknowledgementCondition-SU\"> </a></td><td>Successful only</td><td>Send an acknowledgement for successful completions only.</td><td>10129</td><td>retired</td></tr></table></div>"},"url":"http://terminology.hl7.org/CodeSystem/v3-AcknowledgementCondition","identifier":[{"system":"urn:ietf:rfc:3986","value":"urn:oid:2.16.840.1.113883.5.1050"}],"version":"2.1.0","name":"AcknowledgementCondition","title":"AcknowledgementCondition","status":"active","experimental":false,"date":"2019-03-20","publisher":"Health Level 7","contact":[{"name":"Health Level Seven"}],"description":"The codes identify the conditions under which accept acknowledgements are required to be returned in response to this message. Note that accept acknowledgement address two different issues at the same time: reliable transport as well as syntactical correctness","caseSensitive":true,"hierarchyMeaning":"is-a","content":"complete","property":[{"extension":[{"url":"http://terminology.hl7.org/StructureDefinition/ext-mif-relationship-symmetry","valueCode":"antisymmetric"},{"url":"http://terminology.hl7.org/StructureDefinition/ext-mif-relationship-transitivity","valueCode":"transitive"},{"url":"http://terminology.hl7.org/StructureDefinition/ext-mif-relationship-reflexivity","valueCode":"irreflexive"},{"url":"http://terminology.hl7.org/StructureDefinition/ext-mif-relationship-isNavigable","valueBoolean":true},{"url":"http://terminology.hl7.org/StructureDefinition/ext-mif-relationship-relationshipKind","valueCode":"Specializes"},{"url":"http://terminology.hl7.org/StructureDefinition/ext-mif-relationship-inverseName","valueString":"Generalizes"}],"code":"Specializes","description":"The child code is a more narrow version of the concept represented by the parent code.  I.e. Every child concept is also a valid parent concept.  Used to allow determination of subsumption.  Must be transitive, irreflexive, antisymmetric.","type":"Coding"},{"extension":[{"url":"http://terminology.hl7.org/StructureDefinition/ext-mif-relationship-symmetry","valueCode":"antisymmetric"},{"url":"http://terminology.hl7.org/StructureDefinition/ext-mif-relationship-transitivity","valueCode":"transitive"},{"url":"http://terminology.hl7.org/StructureDefinition/ext-mif-relationship-reflexivity","valueCode":"irreflexive"},{"url":"http://terminology.hl7.org/StructureDefinition/ext-mif-relationship-isNavigable","valueBoolean":true},{"url":"http://terminology.hl7.org/StructureDefinition/ext-mif-relationship-relationshipKind","valueCode":"Generalizes"},{"url":"http://terminology.hl7.org/StructureDefinition/ext-mif-relationship-inverseName","valueString":"Specializes"}],"code":"Generalizes","description":"Inverse of Specializes.  Only included as a derived relationship.","type":"Coding"},{"code":"internalId","uri":"http://terminology.hl7.org/CodeSystem/utg-concept-properties#v3-internal-id","description":"The internal identifier for the concept in the HL7 Access database repository.","type":"code"},{"code":"status","uri":"http://hl7.org/fhir/concept-properties#status","description":"Designation of a concept's state.  Normally is not populated unless the state is retired..","type":"code"}],"concept":[{"code":"AL","display":"Always","definition":"Always send an acknowledgement.","property":[{"code":"status","valueCode":"active"},{"code":"internalId","valueCode":"10126"}]},{"code":"ER","display":"Error/reject only","definition":"Send an acknowledgement for error/reject conditions only.","property":[{"code":"status","valueCode":"active"},{"code":"internalId","valueCode":"10128"}]},{"code":"NE","display":"Never","definition":"Never send an acknowledgement.","property":[{"code":"status","valueCode":"active"},{"code":"internalId","valueCode":"10127"}]},{"code":"SU","display":"Successful only","definition":"Send an acknowledgement for successful completions only.","property":[{"code":"status","valueCode":"retired"},{"code":"internalId","valueCode":"10129"}]}]}