{"resourceType":"CodeSystem","id":"IUPP","text":{"status":"generated","div":"<div xmlns=\"http://www.w3.org/1999/xhtml\"><p>This code system <code>http://terminology.hl7.org/CodeSystem/IUPP</code> defines many codes, but they are not represented here</p></div>"},"url":"http://terminology.hl7.org/CodeSystem/IUPP","identifier":[{"system":"urn:ietf:rfc:3986","value":"urn:oid:2.16.840.1.113883.6.46"}],"version":"2.0.1","name":"IUPP","title":"IUPAC/IFCC Property Codes","status":"retired","experimental":false,"date":"2021-11-09T10:00:00+10:00","publisher":"TBD - External Body","contact":[{"name":"International Union of Pure and Applied Chemistry"}],"description":"IUPAC/IFCC Property Codes","caseSensitive":true,"content":"not-present"}