{"resourceType":"List","id":"extallcontent-Rendering","text":{"status":"generated","div":"<div xmlns=\"http://www.w3.org/1999/xhtml\"><h2>Externals With Complete Content Manifest</h2><table class=\"clstu\"><tr><td>Mode: workingStatus: currentCode: UTG Control Manifest</td></tr><tr><td>Order: Sorted Alphabetically</td></tr></table><table class=\"grid\"><tr style=\"backgound-color: #eeeeee\"><td><b>Items</b></td></tr><tr><td><a href=\"https://www.cms.gov/Medicare/Medicare-Fee-for-Service-Payment/HospitalAcqCond/Coding\">https://www.cms.gov/Medicare/Medicare-Fee-for-Service-Payment/HospitalAcqCond/Coding</a> &quot;PresentOnAdmission&quot;</td></tr></table></div>"},"status":"current","mode":"working","title":"Externals With Complete Content Manifest","code":{"coding":[{"system":"http://terminology.hl7.org/CodeSystem/hl7TermMaintInfra","code":"UTGCTGManifest"}]},"orderedBy":{"coding":[{"system":"http://terminology.hl7.org/CodeSystem/list-order","code":"alphabetic"}]},"entry":[{"item":{"reference":"https://www.cms.gov/Medicare/Medicare-Fee-for-Service-Payment/HospitalAcqCond/Coding","type":"CodeSystem"}}]}