{"resourceType":"List","id":"retired-extcsmetadatarecords-Rendering","text":{"status":"generated","div":"<div xmlns=\"http://www.w3.org/1999/xhtml\"><h2>Retired Code System Metadata Records Manifest</h2><table class=\"clstu\"><tr><td>Mode: workingStatus: currentCode: UTG Control Manifest</td></tr><tr><td>Order: Sorted Alphabetically</td></tr></table><table class=\"grid\"><tr style=\"backgound-color: #eeeeee\"><td><b>Items</b></td></tr><tr><td><a href=\"CodeSystem-csaid.html\">CodeSystem/csaid</a> &quot;Csaid&quot;</td></tr><tr><td><a href=\"CodeSystem-v3-ISO3166-1retired.html\">CodeSystem/v3-ISO3166-1retired</a> &quot;ISO31661retired&quot;</td></tr><tr><td><a href=\"CodeSystem-iso639-2ret.html\">CodeSystem/iso639-2ret</a> &quot;Iso6392ret&quot;</td></tr><tr><td><a href=\"CodeSystem-v3-ISO3166-2retired.html\">CodeSystem/v3-ISO3166-2retired</a> &quot;ISO31662retired&quot;</td></tr><tr><td><a href=\"CodeSystem-v3-ISO3166-3retired.html\">CodeSystem/v3-ISO3166-3retired</a> &quot;ISO31663retired&quot;</td></tr><tr><td><a href=\"CodeSystem-iso3166-1edition2alpha2.html\">CodeSystem/iso3166-1edition2alpha2</a> &quot;Iso31661edition2alpha2&quot;</td></tr><tr><td><a href=\"CodeSystem-iso3166-1edition2alpha3.html\">CodeSystem/iso3166-1edition2alpha3</a> &quot;Iso31661edition2alpha3&quot;</td></tr><tr><td><a href=\"CodeSystem-v3-iso3166-2.html\">CodeSystem/v3-iso3166-2</a> &quot;Iso3166_2&quot;</td></tr><tr><td><a href=\"CodeSystem-iso3166-1edition2.html\">CodeSystem/iso3166-1edition2</a> &quot;Iso31661edition2&quot;</td></tr><tr><td><a href=\"CodeSystem-v3-iso4217-HL7.html\">CodeSystem/v3-iso4217-HL7</a> &quot;Iso4217HL7&quot;</td></tr><tr><td><a href=\"CodeSystem-v2-0292.html\">CodeSystem/v2-0292</a> &quot;PHVaccinesAdministeredCVXCDCNIP&quot;</td></tr><tr><td><a href=\"http://hl7.org/fhir/sid/icpc-2\">http://hl7.org/fhir/sid/icpc-2</a> &quot;Icpc2E&quot;</td></tr><tr><td><a href=\"CodeSystem-ACR.html\">CodeSystem/ACR</a> &quot;ACR&quot;</td></tr><tr><td><a href=\"CodeSystem-AS4.html\">CodeSystem/AS4</a> &quot;AS4&quot;</td></tr><tr><td><a href=\"CodeSystem-AS4E.html\">CodeSystem/AS4E</a> &quot;AS4E&quot;</td></tr><tr><td><a href=\"CodeSystem-C5.html\">CodeSystem/C5</a> &quot;C5&quot;</td></tr><tr><td><a href=\"CodeSystem-CAS.html\">CodeSystem/CAS</a> &quot;CAS&quot;</td></tr><tr><td><a href=\"CodeSystem-CD2.html\">CodeSystem/CD2</a> &quot;CD2&quot;</td></tr><tr><td><a href=\"CodeSystem-CDARUS.html\">CodeSystem/CDARUS</a> &quot;CDARUS&quot;</td></tr><tr><td><a href=\"CodeSystem-CDCA.html\">CodeSystem/CDCA</a> &quot;CDCA&quot;</td></tr><tr><td><a href=\"CodeSystem-CDCM.html\">CodeSystem/CDCM</a> &quot;CDCM&quot;</td></tr><tr><td><a href=\"CodeSystem-CDS.html\">CodeSystem/CDS</a> &quot;CDS&quot;</td></tr><tr><td><a href=\"CodeSystem-CE.html\">CodeSystem/CE</a> &quot;CE&quot;</td></tr><tr><td><a href=\"CodeSystem-CLP.html\">CodeSystem/CLP</a> &quot;CLP&quot;</td></tr><tr><td><a href=\"CodeSystem-CST.html\">CodeSystem/CST</a> &quot;CST&quot;</td></tr><tr><td><a href=\"CodeSystem-DCL.html\">CodeSystem/DCL</a> &quot;DCL&quot;</td></tr><tr><td><a href=\"CodeSystem-DEEDS.html\">CodeSystem/DEEDS</a> &quot;DEEDS&quot;</td></tr><tr><td><a href=\"CodeSystem-DEEDS210.html\">CodeSystem/DEEDS210</a> &quot;DEEDS210&quot;</td></tr><tr><td><a href=\"CodeSystem-DEEDS402.html\">CodeSystem/DEEDS402</a> &quot;DEEDS402&quot;</td></tr><tr><td><a href=\"CodeSystem-DEEDS405.html\">CodeSystem/DEEDS405</a> &quot;DEEDS405&quot;</td></tr><tr><td><a href=\"CodeSystem-DEEDS407.html\">CodeSystem/DEEDS407</a> &quot;DEEDS407&quot;</td></tr><tr><td><a href=\"CodeSystem-DEEDS408.html\">CodeSystem/DEEDS408</a> &quot;DEEDS408&quot;</td></tr><tr><td><a href=\"CodeSystem-DEEDS412.html\">CodeSystem/DEEDS412</a> &quot;DEEDS412&quot;</td></tr><tr><td><a href=\"CodeSystem-DEEDS414.html\">CodeSystem/DEEDS414</a> &quot;DEEDS414&quot;</td></tr><tr><td><a href=\"CodeSystem-DEEDS415.html\">CodeSystem/DEEDS415</a> &quot;DEEDS415&quot;</td></tr><tr><td><a href=\"CodeSystem-DEEDS416.html\">CodeSystem/DEEDS416</a> &quot;DEEDS416&quot;</td></tr><tr><td><a href=\"CodeSystem-DEEDS418.html\">CodeSystem/DEEDS418</a> &quot;DEEDS418&quot;</td></tr><tr><td><a href=\"CodeSystem-DEEDS422.html\">CodeSystem/DEEDS422</a> &quot;DEEDS422&quot;</td></tr><tr><td><a href=\"CodeSystem-DEEDS424.html\">CodeSystem/DEEDS424</a> &quot;DEEDS424&quot;</td></tr><tr><td><a href=\"CodeSystem-DEEDS427.html\">CodeSystem/DEEDS427</a> &quot;DEEDS427&quot;</td></tr><tr><td><a href=\"CodeSystem-DEEDS506.html\">CodeSystem/DEEDS506</a> &quot;DEEDS506&quot;</td></tr><tr><td><a href=\"CodeSystem-DEEDS508.html\">CodeSystem/DEEDS508</a> &quot;DEEDS508&quot;</td></tr><tr><td><a href=\"CodeSystem-DEEDS519.html\">CodeSystem/DEEDS519</a> &quot;DEEDS519&quot;</td></tr><tr><td><a href=\"CodeSystem-E5.html\">CodeSystem/E5</a> &quot;E5&quot;</td></tr><tr><td><a href=\"CodeSystem-E6.html\">CodeSystem/E6</a> &quot;E6&quot;</td></tr><tr><td><a href=\"CodeSystem-E7.html\">CodeSystem/E7</a> &quot;E7&quot;</td></tr><tr><td><a href=\"CodeSystem-ENZC.html\">CodeSystem/ENZC</a> &quot;ENZC&quot;</td></tr><tr><td><a href=\"CodeSystem-EPSG-GeodeticParameterDataset.html\">CodeSystem/EPSG-GeodeticParameterDataset</a> &quot;EPSGGeodeticParameterDataset&quot;</td></tr><tr><td><a href=\"CodeSystem-FDBHICCode.html\">CodeSystem/FDBHICCode</a> &quot;FDBHICCode&quot;</td></tr><tr><td><a href=\"CodeSystem-FDDC.html\">CodeSystem/FDDC</a> &quot;FDDC&quot;</td></tr><tr><td><a href=\"CodeSystem-FDDX.html\">CodeSystem/FDDX</a> &quot;FDDX&quot;</td></tr><tr><td><a href=\"CodeSystem-GCRT.html\">CodeSystem/GCRT</a> &quot;GCRT&quot;</td></tr><tr><td><a href=\"CodeSystem-GCDF.html\">CodeSystem/GCDF</a> &quot;GCDF&quot;</td></tr><tr><td><a href=\"CodeSystem-IC2.html\">CodeSystem/IC2</a> &quot;IC2&quot;</td></tr><tr><td><a href=\"CodeSystem-ICD-10DualCoding.html\">CodeSystem/ICD-10DualCoding</a> &quot;ICD10DualCoding&quot;</td></tr><tr><td><a href=\"CodeSystem-ICD-9CM-diagnosiscodes.html\">CodeSystem/ICD-9CM-diagnosiscodes</a> &quot;ICD9CMDiagnosiscodes&quot;</td></tr><tr><td><a href=\"CodeSystem-ICD-9CM-procedurecodes.html\">CodeSystem/ICD-9CM-procedurecodes</a> &quot;ICD9CMProcedurecodes&quot;</td></tr><tr><td><a href=\"CodeSystem-ICD-9DualCoding.html\">CodeSystem/ICD-9DualCoding</a> &quot;ICD9DualCoding&quot;</td></tr><tr><td><a href=\"CodeSystem-ICD10dut.html\">CodeSystem/ICD10dut</a> &quot;ICD10dut&quot;</td></tr><tr><td><a href=\"CodeSystem-ICSD.html\">CodeSystem/ICSD</a> &quot;ICSD&quot;</td></tr><tr><td><a href=\"CodeSystem-IETF1766.html\">CodeSystem/IETF1766</a> &quot;IETF1766&quot;</td></tr><tr><td><a href=\"CodeSystem-IUPC.html\">CodeSystem/IUPC</a> &quot;IUPC&quot;</td></tr><tr><td><a href=\"CodeSystem-IUPP.html\">CodeSystem/IUPP</a> &quot;IUPP&quot;</td></tr><tr><td><a href=\"CodeSystem-JC8.html\">CodeSystem/JC8</a> &quot;JC8&quot;</td></tr><tr><td><a href=\"CodeSystem-MDDX.html\">CodeSystem/MDDX</a> &quot;MDDX&quot;</td></tr><tr><td><a href=\"CodeSystem-MDRAE.html\">CodeSystem/MDRAE</a> &quot;MDRAE&quot;</td></tr><tr><td><a href=\"CodeSystem-MDRDUT.html\">CodeSystem/MDRDUT</a> &quot;MDRDUT&quot;</td></tr><tr><td><a href=\"CodeSystem-MDREA.html\">CodeSystem/MDREA</a> &quot;MDREA&quot;</td></tr><tr><td><a href=\"CodeSystem-MDREX.html\">CodeSystem/MDREX</a> &quot;MDREX&quot;</td></tr><tr><td><a href=\"CodeSystem-MDRFRE.html\">CodeSystem/MDRFRE</a> &quot;MDRFRE&quot;</td></tr><tr><td><a href=\"CodeSystem-MDRGER.html\">CodeSystem/MDRGER</a> &quot;MDRGER&quot;</td></tr><tr><td><a href=\"CodeSystem-MDRPOR.html\">CodeSystem/MDRPOR</a> &quot;MDRPOR&quot;</td></tr><tr><td><a href=\"CodeSystem-MDRSPA.html\">CodeSystem/MDRSPA</a> &quot;MDRSPA&quot;</td></tr><tr><td><a href=\"CodeSystem-MEDC.html\">CodeSystem/MEDC</a> &quot;MEDC&quot;</td></tr><tr><td><a href=\"CodeSystem-MEDX.html\">CodeSystem/MEDX</a> &quot;MEDX&quot;</td></tr><tr><td><a href=\"CodeSystem-MGPI.html\">CodeSystem/MGPI</a> &quot;MGPI&quot;</td></tr><tr><td><a href=\"CodeSystem-MTHMDRSPA.html\">CodeSystem/MTHMDRSPA</a> &quot;MTHMDRSPA&quot;</td></tr><tr><td><a href=\"CodeSystem-NHSNBSIRiskFactors.html\">CodeSystem/NHSNBSIRiskFactors</a> &quot;NHSNBSIRiskFactors&quot;</td></tr><tr><td><a href=\"CodeSystem-NHSNHipReplacement.html\">CodeSystem/NHSNHipReplacement</a> &quot;NHSNHipReplacement&quot;</td></tr><tr><td><a href=\"CodeSystem-NHSNInfectionType.html\">CodeSystem/NHSNInfectionType</a> &quot;NHSNInfectionType&quot;</td></tr><tr><td><a href=\"CodeSystem-NHSNKneeReplacement.html\">CodeSystem/NHSNKneeReplacement</a> &quot;NHSNKneeReplacement&quot;</td></tr><tr><td><a href=\"CodeSystem-NHSNLCBIPathways.html\">CodeSystem/NHSNLCBIPathways</a> &quot;NHSNLCBIPathways&quot;</td></tr><tr><td><a href=\"CodeSystem-NHSNOccasionOfDetection.html\">CodeSystem/NHSNOccasionOfDetection</a> &quot;NHSNOccasionOfDetection&quot;</td></tr><tr><td><a href=\"CodeSystem-NHSNProcedureCategory.html\">CodeSystem/NHSNProcedureCategory</a> &quot;NHSNProcedureCategory&quot;</td></tr><tr><td><a href=\"CodeSystem-NHSNSSIAnatomicSite.html\">CodeSystem/NHSNSSIAnatomicSite</a> &quot;NHSNSSIAnatomicSite&quot;</td></tr><tr><td><a href=\"CodeSystem-NHSNSSILocationType.html\">CodeSystem/NHSNSSILocationType</a> &quot;NHSNSSILocationType&quot;</td></tr><tr><td><a href=\"CodeSystem-NHSNSpinalFusionApproach.html\">CodeSystem/NHSNSpinalFusionApproach</a> &quot;NHSNSpinalFusionApproach&quot;</td></tr><tr><td><a href=\"CodeSystem-NHSNSpinalFusionLevel.html\">CodeSystem/NHSNSpinalFusionLevel</a> &quot;NHSNSpinalFusionLevel&quot;</td></tr><tr><td><a href=\"CodeSystem-NHSNSummaryData.html\">CodeSystem/NHSNSummaryData</a> &quot;NHSNSummaryData&quot;</td></tr><tr><td><a href=\"CodeSystem-NHSNVocabulary.html\">CodeSystem/NHSNVocabulary</a> &quot;NHSNVocabulary&quot;</td></tr><tr><td><a href=\"CodeSystem-SCDHEC-GISSpatialAccuracyTiers.html\">CodeSystem/SCDHEC-GISSpatialAccuracyTiers</a> &quot;SCDHECGISSpatialAccuracyTiers&quot;</td></tr><tr><td><a href=\"CodeSystem-SDM.html\">CodeSystem/SDM</a> &quot;SDM&quot;</td></tr><tr><td><a href=\"CodeSystem-SNM3.html\">CodeSystem/SNM3</a> &quot;SNM3&quot;</td></tr><tr><td><a href=\"CodeSystem-SNT.html\">CodeSystem/SNT</a> &quot;SNT&quot;</td></tr><tr><td><a href=\"CodeSystem-UC.html\">CodeSystem/UC</a> &quot;UC&quot;</td></tr><tr><td><a href=\"CodeSystem-UMD.html\">CodeSystem/UMD</a> &quot;UMD&quot;</td></tr><tr><td><a href=\"CodeSystem-UML.html\">CodeSystem/UML</a> &quot;UML&quot;</td></tr><tr><td><a href=\"CodeSystem-UPC.html\">CodeSystem/UPC</a> &quot;UPC&quot;</td></tr><tr><td><a href=\"CodeSystem-USCOC.html\">CodeSystem/USCOC</a> &quot;USCOC&quot;</td></tr><tr><td><a href=\"CodeSystem-USZIPCODES.html\">CodeSystem/USZIPCODES</a> &quot;USZIPCODES&quot;</td></tr><tr><td><a href=\"CodeSystem-VHA.html\">CodeSystem/VHA</a> &quot;VHA&quot;</td></tr><tr><td><a href=\"CodeSystem-W1-W2.html\">CodeSystem/W1-W2</a> &quot;W1W2&quot;</td></tr><tr><td><a href=\"CodeSystem-W4.html\">CodeSystem/W4</a> &quot;W4&quot;</td></tr><tr><td><a href=\"CodeSystem-abcCodes.html\">CodeSystem/abcCodes</a> &quot;AbcCodes&quot;</td></tr><tr><td><a href=\"CodeSystem-ahfs.html\">CodeSystem/ahfs</a> &quot;Ahfs&quot;</td></tr><tr><td><a href=\"CodeSystem-art.html\">CodeSystem/art</a> &quot;Art&quot;</td></tr><tr><td><a href=\"CodeSystem-camncvs.html\">CodeSystem/camncvs</a> &quot;Camncvs&quot;</td></tr><tr><td><a href=\"CodeSystem-cpnum.html\">CodeSystem/cpnum</a> &quot;Cpnum&quot;</td></tr><tr><td><a href=\"CodeSystem-v3-fda-FCE.html\">CodeSystem/v3-fda-FCE</a> &quot;FdaFCE&quot;</td></tr><tr><td><a href=\"CodeSystem-v3-fda-FFRN.html\">CodeSystem/v3-fda-FFRN</a> &quot;FdaFFRN&quot;</td></tr><tr><td><a href=\"CodeSystem-deeds-old.html\">CodeSystem/deeds-old</a> &quot;DeedsOld&quot;</td></tr><tr><td><a href=\"CodeSystem-dicomMDLTY.html\">CodeSystem/dicomMDLTY</a> &quot;DicomMDLTY&quot;</td></tr><tr><td><a href=\"CodeSystem-dicomqry.html\">CodeSystem/dicomqry</a> &quot;Dicomqry&quot;</td></tr><tr><td><a href=\"CodeSystem-dmdICD10.html\">CodeSystem/dmdICD10</a> &quot;DmdICD10&quot;</td></tr><tr><td><a href=\"CodeSystem-epsg-ca.html\">CodeSystem/epsg-ca</a> &quot;EpsgCa&quot;</td></tr><tr><td><a href=\"CodeSystem-epsg-crs.html\">CodeSystem/epsg-crs</a> &quot;EpsgCrs&quot;</td></tr><tr><td><a href=\"CodeSystem-euclides.html\">CodeSystem/euclides</a> &quot;Euclides&quot;</td></tr><tr><td><a href=\"CodeSystem-externalCodeSystems.html\">CodeSystem/externalCodeSystems</a> &quot;ExternalCodeSystems&quot;</td></tr><tr><td><a href=\"CodeSystem-fdk.html\">CodeSystem/fdk</a> &quot;Fdk&quot;</td></tr><tr><td><a href=\"CodeSystem-fipspub92.html\">CodeSystem/fipspub92</a> &quot;Fipspub92&quot;</td></tr><tr><td><a href=\"CodeSystem-hhcc.html\">CodeSystem/hhcc</a> &quot;Hhcc&quot;</td></tr><tr><td><a href=\"CodeSystem-hi.html\">CodeSystem/hi</a> &quot;Hi&quot;</td></tr><tr><td><a href=\"CodeSystem-HCPCS-all-codes.html\">CodeSystem/HCPCS-all-codes</a> &quot;HPC&quot;</td></tr><tr><td><a href=\"CodeSystem-hibccHIN.html\">CodeSystem/hibccHIN</a> &quot;HibccHIN&quot;</td></tr><tr><td><a href=\"CodeSystem-icd-o.html\">CodeSystem/icd-o</a> &quot;IcdO&quot;</td></tr><tr><td><a href=\"CodeSystem-icd10.html\">CodeSystem/icd10</a> &quot;Icd10&quot;</td></tr><tr><td><a href=\"CodeSystem-icd10ae.html\">CodeSystem/icd10ae</a> &quot;Icd10ae&quot;</td></tr><tr><td><a href=\"CodeSystem-icd9.html\">CodeSystem/icd9</a> &quot;Icd9&quot;</td></tr><tr><td><a href=\"CodeSystem-icpc-BAQ.html\">CodeSystem/icpc-BAQ</a> &quot;IcpcBAQ&quot;</td></tr><tr><td><a href=\"CodeSystem-icpc-DAN.html\">CodeSystem/icpc-DAN</a> &quot;IcpcDAN&quot;</td></tr><tr><td><a href=\"CodeSystem-icpc-DUT.html\">CodeSystem/icpc-DUT</a> &quot;IcpcDUT&quot;</td></tr><tr><td><a href=\"CodeSystem-icpc-ENG.html\">CodeSystem/icpc-ENG</a> &quot;IcpcENG&quot;</td></tr><tr><td><a href=\"CodeSystem-icpc-FIN.html\">CodeSystem/icpc-FIN</a> &quot;IcpcFIN&quot;</td></tr><tr><td><a href=\"CodeSystem-icpc-FRE.html\">CodeSystem/icpc-FRE</a> &quot;IcpcFRE&quot;</td></tr><tr><td><a href=\"CodeSystem-icpc-GER.html\">CodeSystem/icpc-GER</a> &quot;IcpcGER&quot;</td></tr><tr><td><a href=\"CodeSystem-icpc-HEB.html\">CodeSystem/icpc-HEB</a> &quot;IcpcHEB&quot;</td></tr><tr><td><a href=\"CodeSystem-icpc-HUN.html\">CodeSystem/icpc-HUN</a> &quot;IcpcHUN&quot;</td></tr><tr><td><a href=\"CodeSystem-icpc-ITA.html\">CodeSystem/icpc-ITA</a> &quot;IcpcITA&quot;</td></tr><tr><td><a href=\"CodeSystem-icpc-NOR.html\">CodeSystem/icpc-NOR</a> &quot;IcpcNOR&quot;</td></tr><tr><td><a href=\"CodeSystem-icpc-POR.html\">CodeSystem/icpc-POR</a> &quot;IcpcPOR&quot;</td></tr><tr><td><a href=\"CodeSystem-icpc-SPA.html\">CodeSystem/icpc-SPA</a> &quot;IcpcSPA&quot;</td></tr><tr><td><a href=\"CodeSystem-icpc-SWE.html\">CodeSystem/icpc-SWE</a> &quot;IcpcSWE&quot;</td></tr><tr><td><a href=\"CodeSystem-icpc2-icd10-DUT.html\">CodeSystem/icpc2-icd10-DUT</a> &quot;Icpc2Icd10DUT&quot;</td></tr><tr><td><a href=\"CodeSystem-icpc2-icd10-ENG.html\">CodeSystem/icpc2-icd10-ENG</a> &quot;Icpc2Icd10ENG&quot;</td></tr><tr><td><a href=\"CodeSystem-icpc2-icd10-THSRS.html\">CodeSystem/icpc2-icd10-THSRS</a> &quot;Icpc2Icd10THSRS&quot;</td></tr><tr><td><a href=\"CodeSystem-icpc2E-DUT.html\">CodeSystem/icpc2E-DUT</a> &quot;Icpc2EDUT&quot;</td></tr><tr><td><a href=\"CodeSystem-icpc2E-ENG.html\">CodeSystem/icpc2E-ENG</a> &quot;Icpc2EENG&quot;</td></tr><tr><td><a href=\"CodeSystem-icpc2E-P.html\">CodeSystem/icpc2E-P</a> &quot;Icpc2EP&quot;</td></tr><tr><td><a href=\"CodeSystem-icpc2E-P-AE.html\">CodeSystem/icpc2E-P-AE</a> &quot;Icpc2EPAE&quot;</td></tr><tr><td><a href=\"CodeSystem-icpc2E-P-AUS.html\">CodeSystem/icpc2E-P-AUS</a> &quot;Icpc2EPAUS&quot;</td></tr><tr><td><a href=\"CodeSystem-ics.html\">CodeSystem/ics</a> &quot;Ics&quot;</td></tr><tr><td><a href=\"CodeSystem-iso21000-6-2004E-RDD.html\">CodeSystem/iso21000-6-2004E-RDD</a> &quot;Iso2100062004ERDD&quot;</td></tr><tr><td><a href=\"CodeSystem-iso3166-1edition2numeric.html\">CodeSystem/iso3166-1edition2numeric</a> &quot;Iso31661edition2numeric&quot;</td></tr><tr><td><a href=\"CodeSystem-iso4217.html\">CodeSystem/iso4217</a> &quot;Iso4217&quot;</td></tr><tr><td><a href=\"CodeSystem-iso639-1.html\">CodeSystem/iso639-1</a> &quot;Iso6391&quot;</td></tr><tr><td><a href=\"CodeSystem-iso639-1ret.html\">CodeSystem/iso639-1ret</a> &quot;Iso6391ret&quot;</td></tr><tr><td><a href=\"CodeSystem-iso639-2.html\">CodeSystem/iso639-2</a> &quot;Iso6392&quot;</td></tr><tr><td><a href=\"CodeSystem-iso639-2ret.html\">CodeSystem/iso639-2ret</a> &quot;Iso6392ret&quot;</td></tr><tr><td><a href=\"CodeSystem-iso639-3.html\">CodeSystem/iso639-3</a> &quot;Iso6393&quot;</td></tr><tr><td><a href=\"CodeSystem-mddid.html\">CodeSystem/mddid</a> &quot;Mddid&quot;</td></tr><tr><td><a href=\"CodeSystem-medcin.html\">CodeSystem/medcin</a> &quot;Medcin&quot;</td></tr><tr><td><a href=\"CodeSystem-metabolicSyndrome.html\">CodeSystem/metabolicSyndrome</a> &quot;MetabolicSyndrome&quot;</td></tr><tr><td><a href=\"CodeSystem-mth-icpc2-icd10-7B.html\">CodeSystem/mth-icpc2-icd10-7B</a> &quot;MthIcpc2Icd107B&quot;</td></tr><tr><td><a href=\"CodeSystem-mth-icpc2-icd10-AE.html\">CodeSystem/mth-icpc2-icd10-AE</a> &quot;MthIcpc2Icd10AE&quot;</td></tr><tr><td><a href=\"CodeSystem-mthicpc2E-AE.html\">CodeSystem/mthicpc2E-AE</a> &quot;Mthicpc2EAE&quot;</td></tr><tr><td><a href=\"CodeSystem-multum.html\">CodeSystem/multum</a> &quot;Multum&quot;</td></tr><tr><td><a href=\"CodeSystem-naaccrCodes.html\">CodeSystem/naaccrCodes</a> &quot;NaaccrCodes&quot;</td></tr><tr><td><a href=\"CodeSystem-naics.html\">CodeSystem/naics</a> &quot;Naics&quot;</td></tr><tr><td><a href=\"CodeSystem-nciVersionOfNDF-RT.html\">CodeSystem/nciVersionOfNDF-RT</a> &quot;NciVersionOfNDFRT&quot;</td></tr><tr><td><a href=\"CodeSystem-nddf.html\">CodeSystem/nddf</a> &quot;Nddf&quot;</td></tr><tr><td><a href=\"CodeSystem-nmds.html\">CodeSystem/nmds</a> &quot;Nmds&quot;</td></tr><tr><td><a href=\"CodeSystem-nmmds.html\">CodeSystem/nmmds</a> &quot;Nmmds&quot;</td></tr><tr><td><a href=\"CodeSystem-pnds.html\">CodeSystem/pnds</a> &quot;Pnds&quot;</td></tr><tr><td><a href=\"CodeSystem-rcFB.html\">CodeSystem/rcFB</a> &quot;RcFB&quot;</td></tr><tr><td><a href=\"CodeSystem-rcV2.html\">CodeSystem/rcV2</a> &quot;RcV2&quot;</td></tr><tr><td><a href=\"CodeSystem-read-Codes.html\">CodeSystem/read-Codes</a> &quot;ReadCodes&quot;</td></tr><tr><td><a href=\"CodeSystem-snm.html\">CodeSystem/snm</a> &quot;Snm&quot;</td></tr><tr><td><a href=\"CodeSystem-soc.html\">CodeSystem/soc</a> &quot;Soc&quot;</td></tr><tr><td><a href=\"CodeSystem-umls.html\">CodeSystem/umls</a> &quot;Umls&quot;</td></tr><tr><td><a href=\"CodeSystem-url.html\">CodeSystem/url</a> &quot;Url&quot;</td></tr><tr><td><a href=\"CodeSystem-usEPAsrs.html\">CodeSystem/usEPAsrs</a> &quot;UsEPAsrs&quot;</td></tr><tr><td><a href=\"CodeSystem-whoARTfl.html\">CodeSystem/whoARTfl</a> &quot;WhoARTfl&quot;</td></tr><tr><td><a href=\"CodeSystem-whoFRE.html\">CodeSystem/whoFRE</a> &quot;WhoFRE&quot;</td></tr><tr><td><a href=\"CodeSystem-whoGER.html\">CodeSystem/whoGER</a> &quot;WhoGER&quot;</td></tr><tr><td><a href=\"CodeSystem-whoPOR.html\">CodeSystem/whoPOR</a> &quot;WhoPOR&quot;</td></tr><tr><td><a href=\"CodeSystem-whoSPA.html\">CodeSystem/whoSPA</a> &quot;WhoSPA&quot;</td></tr><tr><td><a href=\"CodeSystem-v3-brazilianProcedureCodesSUS.html\">CodeSystem/v3-brazilianProcedureCodesSUS</a> &quot;BrazilianProcedureCodesSUS&quot;</td></tr><tr><td><a href=\"http://www.iana.org/assignments/media-types\">http://www.iana.org/assignments/media-types</a> &quot;Mime&quot;</td></tr><tr><td><a href=\"http://www.lrg-sequence.org\">http://www.lrg-sequence.org</a> &quot;Lrg&quot;</td></tr><tr><td><a href=\"http://www.ncbi.nlm.nih.gov/projects/SNP\">http://www.ncbi.nlm.nih.gov/projects/SNP</a> &quot;DbSNP&quot;</td></tr><tr><td><a href=\"http://www.ncbi.nlm.nih.gov/refseq\">http://www.ncbi.nlm.nih.gov/refseq</a> &quot;RefSeq&quot;</td></tr></table></div>"},"status":"current","mode":"working","title":"Retired Code System Metadata Records Manifest","code":{"coding":[{"system":"http://terminology.hl7.org/CodeSystem/hl7TermMaintInfra","code":"UTGCTGManifest"}]},"orderedBy":{"coding":[{"system":"http://terminology.hl7.org/CodeSystem/list-order","code":"alphabetic"}]},"entry":[{"item":{"reference":"CodeSystem/csaid","type":"CodeSystem"}},{"item":{"reference":"CodeSystem/v3-ISO3166-1retired","type":"CodeSystem"}},{"item":{"reference":"CodeSystem/iso639-2ret","type":"CodeSystem"}},{"item":{"reference":"CodeSystem/v3-ISO3166-2retired","type":"CodeSystem"}},{"item":{"reference":"CodeSystem/v3-ISO3166-3retired","type":"CodeSystem"}},{"item":{"reference":"CodeSystem/iso3166-1edition2alpha2","type":"CodeSystem"}},{"item":{"reference":"CodeSystem/iso3166-1edition2alpha3","type":"CodeSystem"}},{"item":{"reference":"CodeSystem/v3-iso3166-2","type":"CodeSystem"}},{"item":{"reference":"CodeSystem/iso3166-1edition2","type":"CodeSystem"}},{"item":{"reference":"CodeSystem/v3-iso4217-HL7","type":"CodeSystem"}},{"item":{"reference":"CodeSystem/v2-0292","type":"CodeSystem"}},{"item":{"reference":"http://hl7.org/fhir/sid/icpc-2","type":"CodeSystem"}},{"item":{"reference":"CodeSystem/ACR","type":"CodeSystem"}},{"item":{"reference":"CodeSystem/AS4","type":"CodeSystem"}},{"item":{"reference":"CodeSystem/AS4E","type":"CodeSystem"}},{"item":{"reference":"CodeSystem/C5","type":"CodeSystem"}},{"item":{"reference":"CodeSystem/CAS","type":"CodeSystem"}},{"item":{"reference":"CodeSystem/CD2","type":"CodeSystem"}},{"item":{"reference":"CodeSystem/CDARUS","type":"CodeSystem"}},{"item":{"reference":"CodeSystem/CDCA","type":"CodeSystem"}},{"item":{"reference":"CodeSystem/CDCM","type":"CodeSystem"}},{"item":{"reference":"CodeSystem/CDS","type":"CodeSystem"}},{"item":{"reference":"CodeSystem/CE","type":"CodeSystem"}},{"item":{"reference":"CodeSystem/CLP","type":"CodeSystem"}},{"item":{"reference":"CodeSystem/CST","type":"CodeSystem"}},{"item":{"reference":"CodeSystem/DCL","type":"CodeSystem"}},{"item":{"reference":"CodeSystem/DEEDS","type":"CodeSystem"}},{"item":{"reference":"CodeSystem/DEEDS210","type":"CodeSystem"}},{"item":{"reference":"CodeSystem/DEEDS402","type":"CodeSystem"}},{"item":{"reference":"CodeSystem/DEEDS405","type":"CodeSystem"}},{"item":{"reference":"CodeSystem/DEEDS407","type":"CodeSystem"}},{"item":{"reference":"CodeSystem/DEEDS408","type":"CodeSystem"}},{"item":{"reference":"CodeSystem/DEEDS412","type":"CodeSystem"}},{"item":{"reference":"CodeSystem/DEEDS414","type":"CodeSystem"}},{"item":{"reference":"CodeSystem/DEEDS415","type":"CodeSystem"}},{"item":{"reference":"CodeSystem/DEEDS416","type":"CodeSystem"}},{"item":{"reference":"CodeSystem/DEEDS418","type":"CodeSystem"}},{"item":{"reference":"CodeSystem/DEEDS422","type":"CodeSystem"}},{"item":{"reference":"CodeSystem/DEEDS424","type":"CodeSystem"}},{"item":{"reference":"CodeSystem/DEEDS427","type":"CodeSystem"}},{"item":{"reference":"CodeSystem/DEEDS506","type":"CodeSystem"}},{"item":{"reference":"CodeSystem/DEEDS508","type":"CodeSystem"}},{"item":{"reference":"CodeSystem/DEEDS519","type":"CodeSystem"}},{"item":{"reference":"CodeSystem/E5","type":"CodeSystem"}},{"item":{"reference":"CodeSystem/E6","type":"CodeSystem"}},{"item":{"reference":"CodeSystem/E7","type":"CodeSystem"}},{"item":{"reference":"CodeSystem/ENZC","type":"CodeSystem"}},{"item":{"reference":"CodeSystem/EPSG-GeodeticParameterDataset","type":"CodeSystem"}},{"item":{"reference":"CodeSystem/FDBHICCode","type":"CodeSystem"}},{"item":{"reference":"CodeSystem/FDDC","type":"CodeSystem"}},{"item":{"reference":"CodeSystem/FDDX","type":"CodeSystem"}},{"item":{"reference":"CodeSystem/GCRT","type":"CodeSystem"}},{"item":{"reference":"CodeSystem/GCDF","type":"CodeSystem"}},{"item":{"reference":"CodeSystem/IC2","type":"CodeSystem"}},{"item":{"reference":"CodeSystem/ICD-10DualCoding","type":"CodeSystem"}},{"item":{"reference":"CodeSystem/ICD-9CM-diagnosiscodes","type":"CodeSystem"}},{"item":{"reference":"CodeSystem/ICD-9CM-procedurecodes","type":"CodeSystem"}},{"item":{"reference":"CodeSystem/ICD-9DualCoding","type":"CodeSystem"}},{"item":{"reference":"CodeSystem/ICD10dut","type":"CodeSystem"}},{"item":{"reference":"CodeSystem/ICSD","type":"CodeSystem"}},{"item":{"reference":"CodeSystem/IETF1766","type":"CodeSystem"}},{"item":{"reference":"CodeSystem/IUPC","type":"CodeSystem"}},{"item":{"reference":"CodeSystem/IUPP","type":"CodeSystem"}},{"item":{"reference":"CodeSystem/JC8","type":"CodeSystem"}},{"item":{"reference":"CodeSystem/MDDX","type":"CodeSystem"}},{"item":{"reference":"CodeSystem/MDRAE","type":"CodeSystem"}},{"item":{"reference":"CodeSystem/MDRDUT","type":"CodeSystem"}},{"item":{"reference":"CodeSystem/MDREA","type":"CodeSystem"}},{"item":{"reference":"CodeSystem/MDREX","type":"CodeSystem"}},{"item":{"reference":"CodeSystem/MDRFRE","type":"CodeSystem"}},{"item":{"reference":"CodeSystem/MDRGER","type":"CodeSystem"}},{"item":{"reference":"CodeSystem/MDRPOR","type":"CodeSystem"}},{"item":{"reference":"CodeSystem/MDRSPA","type":"CodeSystem"}},{"item":{"reference":"CodeSystem/MEDC","type":"CodeSystem"}},{"item":{"reference":"CodeSystem/MEDX","type":"CodeSystem"}},{"item":{"reference":"CodeSystem/MGPI","type":"CodeSystem"}},{"item":{"reference":"CodeSystem/MTHMDRSPA","type":"CodeSystem"}},{"item":{"reference":"CodeSystem/NHSNBSIRiskFactors","type":"CodeSystem"}},{"item":{"reference":"CodeSystem/NHSNHipReplacement","type":"CodeSystem"}},{"item":{"reference":"CodeSystem/NHSNInfectionType","type":"CodeSystem"}},{"item":{"reference":"CodeSystem/NHSNKneeReplacement","type":"CodeSystem"}},{"item":{"reference":"CodeSystem/NHSNLCBIPathways","type":"CodeSystem"}},{"item":{"reference":"CodeSystem/NHSNOccasionOfDetection","type":"CodeSystem"}},{"item":{"reference":"CodeSystem/NHSNProcedureCategory","type":"CodeSystem"}},{"item":{"reference":"CodeSystem/NHSNSSIAnatomicSite","type":"CodeSystem"}},{"item":{"reference":"CodeSystem/NHSNSSILocationType","type":"CodeSystem"}},{"item":{"reference":"CodeSystem/NHSNSpinalFusionApproach","type":"CodeSystem"}},{"item":{"reference":"CodeSystem/NHSNSpinalFusionLevel","type":"CodeSystem"}},{"item":{"reference":"CodeSystem/NHSNSummaryData","type":"CodeSystem"}},{"item":{"reference":"CodeSystem/NHSNVocabulary","type":"CodeSystem"}},{"item":{"reference":"CodeSystem/SCDHEC-GISSpatialAccuracyTiers","type":"CodeSystem"}},{"item":{"reference":"CodeSystem/SDM","type":"CodeSystem"}},{"item":{"reference":"CodeSystem/SNM3","type":"CodeSystem"}},{"item":{"reference":"CodeSystem/SNT","type":"CodeSystem"}},{"item":{"reference":"CodeSystem/UC","type":"CodeSystem"}},{"item":{"reference":"CodeSystem/UMD","type":"CodeSystem"}},{"item":{"reference":"CodeSystem/UML","type":"CodeSystem"}},{"item":{"reference":"CodeSystem/UPC","type":"CodeSystem"}},{"item":{"reference":"CodeSystem/USCOC","type":"CodeSystem"}},{"item":{"reference":"CodeSystem/USZIPCODES","type":"CodeSystem"}},{"item":{"reference":"CodeSystem/VHA","type":"CodeSystem"}},{"item":{"reference":"CodeSystem/W1-W2","type":"CodeSystem"}},{"item":{"reference":"CodeSystem/W4","type":"CodeSystem"}},{"item":{"reference":"CodeSystem/abcCodes","type":"CodeSystem"}},{"item":{"reference":"CodeSystem/ahfs","type":"CodeSystem"}},{"item":{"reference":"CodeSystem/art","type":"CodeSystem"}},{"item":{"reference":"CodeSystem/camncvs","type":"CodeSystem"}},{"item":{"reference":"CodeSystem/cpnum","type":"CodeSystem"}},{"item":{"reference":"CodeSystem/v3-fda-FCE","type":"CodeSystem"}},{"item":{"reference":"CodeSystem/v3-fda-FFRN","type":"CodeSystem"}},{"item":{"reference":"CodeSystem/deeds-old","type":"CodeSystem"}},{"item":{"reference":"CodeSystem/dicomMDLTY","type":"CodeSystem"}},{"item":{"reference":"CodeSystem/dicomqry","type":"CodeSystem"}},{"item":{"reference":"CodeSystem/dmdICD10","type":"CodeSystem"}},{"item":{"reference":"CodeSystem/epsg-ca","type":"CodeSystem"}},{"item":{"reference":"CodeSystem/epsg-crs","type":"CodeSystem"}},{"item":{"reference":"CodeSystem/euclides","type":"CodeSystem"}},{"item":{"reference":"CodeSystem/externalCodeSystems","type":"CodeSystem"}},{"item":{"reference":"CodeSystem/fdk","type":"CodeSystem"}},{"item":{"reference":"CodeSystem/fipspub92","type":"CodeSystem"}},{"item":{"reference":"CodeSystem/hhcc","type":"CodeSystem"}},{"item":{"reference":"CodeSystem/hi","type":"CodeSystem"}},{"item":{"reference":"CodeSystem/HCPCS-all-codes","type":"CodeSystem"}},{"item":{"reference":"CodeSystem/hibccHIN","type":"CodeSystem"}},{"item":{"reference":"CodeSystem/icd-o","type":"CodeSystem"}},{"item":{"reference":"CodeSystem/icd10","type":"CodeSystem"}},{"item":{"reference":"CodeSystem/icd10ae","type":"CodeSystem"}},{"item":{"reference":"CodeSystem/icd9","type":"CodeSystem"}},{"item":{"reference":"CodeSystem/icpc-BAQ","type":"CodeSystem"}},{"item":{"reference":"CodeSystem/icpc-DAN","type":"CodeSystem"}},{"item":{"reference":"CodeSystem/icpc-DUT","type":"CodeSystem"}},{"item":{"reference":"CodeSystem/icpc-ENG","type":"CodeSystem"}},{"item":{"reference":"CodeSystem/icpc-FIN","type":"CodeSystem"}},{"item":{"reference":"CodeSystem/icpc-FRE","type":"CodeSystem"}},{"item":{"reference":"CodeSystem/icpc-GER","type":"CodeSystem"}},{"item":{"reference":"CodeSystem/icpc-HEB","type":"CodeSystem"}},{"item":{"reference":"CodeSystem/icpc-HUN","type":"CodeSystem"}},{"item":{"reference":"CodeSystem/icpc-ITA","type":"CodeSystem"}},{"item":{"reference":"CodeSystem/icpc-NOR","type":"CodeSystem"}},{"item":{"reference":"CodeSystem/icpc-POR","type":"CodeSystem"}},{"item":{"reference":"CodeSystem/icpc-SPA","type":"CodeSystem"}},{"item":{"reference":"CodeSystem/icpc-SWE","type":"CodeSystem"}},{"item":{"reference":"CodeSystem/icpc2-icd10-DUT","type":"CodeSystem"}},{"item":{"reference":"CodeSystem/icpc2-icd10-ENG","type":"CodeSystem"}},{"item":{"reference":"CodeSystem/icpc2-icd10-THSRS","type":"CodeSystem"}},{"item":{"reference":"CodeSystem/icpc2E-DUT","type":"CodeSystem"}},{"item":{"reference":"CodeSystem/icpc2E-ENG","type":"CodeSystem"}},{"item":{"reference":"CodeSystem/icpc2E-P","type":"CodeSystem"}},{"item":{"reference":"CodeSystem/icpc2E-P-AE","type":"CodeSystem"}},{"item":{"reference":"CodeSystem/icpc2E-P-AUS","type":"CodeSystem"}},{"item":{"reference":"CodeSystem/ics","type":"CodeSystem"}},{"item":{"reference":"CodeSystem/iso21000-6-2004E-RDD","type":"CodeSystem"}},{"item":{"reference":"CodeSystem/iso3166-1edition2numeric","type":"CodeSystem"}},{"item":{"reference":"CodeSystem/iso4217","type":"CodeSystem"}},{"item":{"reference":"CodeSystem/iso639-1","type":"CodeSystem"}},{"item":{"reference":"CodeSystem/iso639-1ret","type":"CodeSystem"}},{"item":{"reference":"CodeSystem/iso639-2","type":"CodeSystem"}},{"item":{"reference":"CodeSystem/iso639-2ret","type":"CodeSystem"}},{"item":{"reference":"CodeSystem/iso639-3","type":"CodeSystem"}},{"item":{"reference":"CodeSystem/mddid","type":"CodeSystem"}},{"item":{"reference":"CodeSystem/medcin","type":"CodeSystem"}},{"item":{"reference":"CodeSystem/metabolicSyndrome","type":"CodeSystem"}},{"item":{"reference":"CodeSystem/mth-icpc2-icd10-7B","type":"CodeSystem"}},{"item":{"reference":"CodeSystem/mth-icpc2-icd10-AE","type":"CodeSystem"}},{"item":{"reference":"CodeSystem/mthicpc2E-AE","type":"CodeSystem"}},{"item":{"reference":"CodeSystem/multum","type":"CodeSystem"}},{"item":{"reference":"CodeSystem/naaccrCodes","type":"CodeSystem"}},{"item":{"reference":"CodeSystem/naics","type":"CodeSystem"}},{"item":{"reference":"CodeSystem/nciVersionOfNDF-RT","type":"CodeSystem"}},{"item":{"reference":"CodeSystem/nddf","type":"CodeSystem"}},{"item":{"reference":"CodeSystem/nmds","type":"CodeSystem"}},{"item":{"reference":"CodeSystem/nmmds","type":"CodeSystem"}},{"item":{"reference":"CodeSystem/pnds","type":"CodeSystem"}},{"item":{"reference":"CodeSystem/rcFB","type":"CodeSystem"}},{"item":{"reference":"CodeSystem/rcV2","type":"CodeSystem"}},{"item":{"reference":"CodeSystem/read-Codes","type":"CodeSystem"}},{"item":{"reference":"CodeSystem/snm","type":"CodeSystem"}},{"item":{"reference":"CodeSystem/soc","type":"CodeSystem"}},{"item":{"reference":"CodeSystem/umls","type":"CodeSystem"}},{"item":{"reference":"CodeSystem/url","type":"CodeSystem"}},{"item":{"reference":"CodeSystem/usEPAsrs","type":"CodeSystem"}},{"item":{"reference":"CodeSystem/whoARTfl","type":"CodeSystem"}},{"item":{"reference":"CodeSystem/whoFRE","type":"CodeSystem"}},{"item":{"reference":"CodeSystem/whoGER","type":"CodeSystem"}},{"item":{"reference":"CodeSystem/whoPOR","type":"CodeSystem"}},{"item":{"reference":"CodeSystem/whoSPA","type":"CodeSystem"}},{"item":{"reference":"CodeSystem/v3-brazilianProcedureCodesSUS","type":"CodeSystem"}},{"item":{"reference":"http://www.iana.org/assignments/media-types","type":"CodeSystem"}},{"item":{"reference":"http://www.lrg-sequence.org","type":"CodeSystem"}},{"item":{"reference":"http://www.ncbi.nlm.nih.gov/projects/SNP","type":"CodeSystem"}},{"item":{"reference":"http://www.ncbi.nlm.nih.gov/refseq","type":"CodeSystem"}}]}