{"resourceType":"List","id":"extwcontent-Rendering","text":{"status":"generated","div":"<div xmlns=\"http://www.w3.org/1999/xhtml\"><h2>Externals With Content Manifest</h2><table class=\"clstu\"><tr><td>Mode: workingStatus: currentCode: UTG Control Manifest</td></tr><tr><td>Order: Sorted Alphabetically</td></tr></table><table class=\"grid\"><tr style=\"backgound-color: #eeeeee\"><td><b>Items</b></td></tr><tr><td><a href=\"http://www.ada.org/snodent\">http://www.ada.org/snodent</a> &quot;AdaSnodent&quot;</td></tr><tr><td><a href=\"CodeSystem-v3-mediaType.html\">CodeSystem/v3-mediaType</a> &quot;MediaType&quot;</td></tr><tr><td><a href=\"CodeSystem-v2-0227.html\">CodeSystem/v2-0227</a> &quot;PHManufacturersOfVaccinesMVXCDCNIP&quot;</td></tr></table></div>"},"status":"current","mode":"working","title":"Externals With Content Manifest","code":{"coding":[{"system":"http://terminology.hl7.org/CodeSystem/hl7TermMaintInfra","code":"UTGCTGManifest"}]},"orderedBy":{"coding":[{"system":"http://terminology.hl7.org/CodeSystem/list-order","code":"alphabetic"}]},"entry":[{"item":{"reference":"http://www.ada.org/snodent","type":"CodeSystem"}},{"item":{"reference":"CodeSystem/v3-mediaType","type":"CodeSystem"}},{"item":{"reference":"CodeSystem/v2-0227","type":"CodeSystem"}}]}