{"resourceType":"List","id":"unified-Rendering","text":{"status":"generated","div":"<div xmlns=\"http://www.w3.org/1999/xhtml\"><h2>Unified Rendering Manifest</h2><table class=\"clstu\"><tr><td>Mode: workingStatus: currentCode: UTG Control Manifest</td></tr><tr><td>Order: Sorted Alphabetically</td></tr></table><table class=\"grid\"><tr style=\"backgound-color: #eeeeee\"><td><b>Items</b></td></tr><tr><td><a href=\"CodeSystem-conceptdomains.html\">CodeSystem/conceptdomains</a> &quot;ConceptDomains&quot;</td></tr><tr><td><a href=\"CodeSystem-hl7TermMaintInfra.html\">CodeSystem/hl7TermMaintInfra</a> &quot;Hl7TermMaintInfra&quot;</td></tr><tr><td><a href=\"CodeSystem-hl7-work-group.html\">CodeSystem/hl7-work-group</a> &quot;HL7Workgroup&quot;</td></tr><tr><td><a href=\"CodeSystem-v3-hl7Realm.html\">CodeSystem/v3-hl7Realm</a> &quot;Hl7Realm&quot;</td></tr><tr><td><a href=\"CodeSystem-utg-concept-properties.html\">CodeSystem/utg-concept-properties</a> &quot;ConceptProperties&quot;</td></tr><tr><td><a href=\"ValueSet-mif-conceptRelationshipKind.html\">ValueSet/mif-conceptRelationshipKind</a> &quot;MIFConceptRelationshipKind&quot;</td></tr><tr><td><a href=\"ValueSet-mif-conceptRelationshipReflexivity.html\">ValueSet/mif-conceptRelationshipReflexivity</a> &quot;MIFConceptRelationshipReflexivity&quot;</td></tr><tr><td><a href=\"ValueSet-mif-conceptRelationshipSymmetry.html\">ValueSet/mif-conceptRelationshipSymmetry</a> &quot;MIFConceptRelationshipSymmetry&quot;</td></tr><tr><td><a href=\"ValueSet-mif-conceptRelationshipTransitivity.html\">ValueSet/mif-conceptRelationshipTransitivity</a> &quot;MIFConceptRelationshipTransitivity&quot;</td></tr><tr><td><a href=\"ValueSet-mif-conceptRelationshipTransitivity.html\">ValueSet/mif-conceptRelationshipTransitivity</a> &quot;MIFConceptRelationshipTransitivity&quot;</td></tr><tr><td><a href=\"ValueSet-yes-no-unknown-not-asked.html\">ValueSet/yes-no-unknown-not-asked</a> &quot;YesNoUnknownNotAsked&quot;</td></tr></table></div>"},"status":"current","mode":"working","title":"Unified Rendering Manifest","code":{"coding":[{"system":"http://terminology.hl7.org/CodeSystem/hl7TermMaintInfra","code":"UTGCTGManifest"}]},"orderedBy":{"coding":[{"system":"http://terminology.hl7.org/CodeSystem/list-order","code":"alphabetic"}]},"entry":[{"item":{"reference":"CodeSystem/conceptdomains","type":"CodeSystem"}},{"item":{"reference":"CodeSystem/hl7TermMaintInfra","type":"CodeSystem"}},{"item":{"reference":"CodeSystem/hl7-work-group","type":"CodeSystem"}},{"item":{"reference":"CodeSystem/v3-hl7Realm","type":"CodeSystem"}},{"item":{"reference":"CodeSystem/utg-concept-properties","type":"CodeSystem"}},{"item":{"reference":"ValueSet/mif-conceptRelationshipKind","type":"ValueSet"}},{"item":{"reference":"ValueSet/mif-conceptRelationshipReflexivity","type":"ValueSet"}},{"item":{"reference":"ValueSet/mif-conceptRelationshipSymmetry","type":"ValueSet"}},{"item":{"reference":"ValueSet/mif-conceptRelationshipTransitivity","type":"ValueSet"}},{"item":{"reference":"ValueSet/mif-conceptRelationshipTransitivity","type":"ValueSet"}},{"item":{"reference":"ValueSet/yes-no-unknown-not-asked","type":"ValueSet"}}]}