{"resourceType":"NamingSystem","id":"MinnesotaDLN","text":{"status":"generated","div":"<div xmlns=\"http://www.w3.org/1999/xhtml\"><h3>Summary</h3><table class=\"grid\"><tr><td>Defining URL</td><td>http://terminology.hl7.org/NamingSystem/MinnesotaDLN</td></tr><tr><td>Name</td><td>MinnesotaDLN</td></tr><tr><td>Status</td><td>active</td></tr><tr><td>Definition</td><td><div><p>Minnesota Motor Vehicle Bureau</p>\n</div></td></tr></table><h3>Identifiers</h3><table class=\"grid\"><tr><td><b>Type</b></td><td><b>Value</b></td><td><b>Preferred</b></td></tr><tr><td>OID</td><td>2.16.840.1.113883.4.3.27</td><td>true</td></tr><tr><td>URI</td><td>urn:oid:2.16.840.1.113883.4.3.27</td><td>true</td></tr></table></div>"},"extension":[{"url":"http://hl7.org/fhir/tools/StructureDefinition/extension-title","valueString":"Minnesota Driver's License"},{"url":"http://hl7.org/fhir/5.0/StructureDefinition/extension-NamingSystem.url","valueUri":"http://terminology.hl7.org/NamingSystem/MinnesotaDLN"},{"url":"http://terminology.hl7.org/StructureDefinition/ext-namingsystem-version","valueString":"1.0.0"}],"name":"MinnesotaDLN","status":"active","kind":"identifier","date":"2022-02-07T00:00:00-00:00","type":{"coding":[{"system":"http://terminology.hl7.org/CodeSystem/v2-0203","code":"DL"}]},"description":"Minnesota Motor Vehicle Bureau","uniqueId":[{"type":"oid","value":"2.16.840.1.113883.4.3.27","preferred":true},{"type":"uri","value":"urn:oid:2.16.840.1.113883.4.3.27","preferred":true}]}