{"resourceType":"NamingSystem","id":"GCDF","text":{"status":"generated","div":"<div xmlns=\"http://www.w3.org/1999/xhtml\"><h3>Summary</h3><table class=\"grid\"><tr><td>Defining URL</td><td>http://terminology.hl7.org/NamingSystem/GCDF</td></tr><tr><td>Name</td><td>GCDF</td></tr><tr><td>Status</td><td>retired</td></tr><tr><td>Definition</td><td><div><p>GCDF</p>\n<p>Dosage Form Code (2-character)</p>\n<p>a two-character alphanumeric column that represents a dosage form. The dosage form of a generic drug formulation describes the physical presentation of a drug, such as tablet, capsule, or liquid. It may also incorporate the delivery and release mechanism of the drug. A GCDF is associated to each GCN_SEQNO to identify that component of the generic drug formulation.</p>\n</div></td></tr><tr><td>Publisher</td><td>HL7</td></tr></table><h3>Identifiers</h3><table class=\"grid\"><tr><td><b>Type</b></td><td><b>Value</b></td><td><b>Preferred</b></td></tr><tr><td>OID</td><td>2.16.840.1.113883.4.79</td><td>true</td></tr><tr><td>URI</td><td>http://terminology.hl7.org/CodeSystem/GCDF</td><td>true</td></tr></table></div>"},"extension":[{"url":"http://hl7.org/fhir/tools/StructureDefinition/extension-title","valueString":"GCDF"},{"url":"http://hl7.org/fhir/5.0/StructureDefinition/extension-NamingSystem.url","valueUri":"http://terminology.hl7.org/NamingSystem/GCDF"},{"url":"http://terminology.hl7.org/StructureDefinition/ext-namingsystem-version","valueString":"2.1.0"}],"name":"GCDF","status":"retired","kind":"codesystem","date":"2021-11-09T10:00:00+10:00","publisher":"HL7","contact":[{"name":"First DataBank, Inc,First DataBank, Inc,First DataBank, Inc,First DataBank, Inc,First DataBank, Inc,"}],"responsible":"HL7","description":"GCDF\r\n\r\nDosage Form Code (2-character)\r\n\r\na two-character alphanumeric column that represents a dosage form. The dosage form of a generic drug formulation describes the physical presentation of a drug, such as tablet, capsule, or liquid. It may also incorporate the delivery and release mechanism of the drug. A GCDF is associated to each GCN\\_SEQNO to identify that component of the generic drug formulation.","uniqueId":[{"type":"oid","value":"2.16.840.1.113883.4.79","preferred":true},{"type":"uri","value":"http://terminology.hl7.org/CodeSystem/GCDF","preferred":true}]}