{"resourceType":"NamingSystem","id":"CCC","text":{"status":"generated","div":"<div xmlns=\"http://www.w3.org/1999/xhtml\"><h3>Summary</h3><table class=\"grid\"><tr><td>Defining URL</td><td>http://terminology.hl7.org/NamingSystem/CCC</td></tr><tr><td>Name</td><td>CCC</td></tr><tr><td>Status</td><td>active</td></tr><tr><td>Definition</td><td><div><p>Clinical Care Classification System (formerly Home Health Care Classification system) codes. The Clinical Care Classification (CCC) consists of two taxonomies: CCC of Nursing Diagnoses and CCC of Nursing Interventions both of which are classified by 21 Care Components. Each of these are classified by Care Components which provide a standardized framework for documenting patient care in hospitals, home health agencies, ambulatory care clinics, and other health care settings.</p>\n</div></td></tr><tr><td>Publisher</td><td>Virginia K. Saba</td></tr></table><h3>Identifiers</h3><table class=\"grid\"><tr><td><b>Type</b></td><td><b>Value</b></td><td><b>Preferred</b></td></tr><tr><td>OID</td><td>2.16.840.1.113883.6.236</td><td>true</td></tr><tr><td>URI</td><td>http://terminology.hl7.org/CodeSystem/CCC</td><td>true</td></tr></table></div>"},"extension":[{"url":"http://hl7.org/fhir/tools/StructureDefinition/extension-title","valueString":"Clinical Care Classification System"},{"url":"http://hl7.org/fhir/5.0/StructureDefinition/extension-NamingSystem.url","valueUri":"http://terminology.hl7.org/NamingSystem/CCC"},{"url":"http://terminology.hl7.org/StructureDefinition/ext-namingsystem-version","valueString":"2.0.1"}],"name":"CCC","status":"active","kind":"codesystem","date":"2019-03-20T00:00:00-04:00","publisher":"Virginia K. Saba","responsible":"Virginia K. Saba","description":"Clinical Care Classification System (formerly Home Health Care Classification system) codes. The Clinical Care Classification (CCC) consists of two taxonomies: CCC of Nursing Diagnoses and CCC of Nursing Interventions both of which are classified by 21 Care Components. Each of these are classified by Care Components which provide a standardized framework for documenting patient care in hospitals, home health agencies, ambulatory care clinics, and other health care settings.","uniqueId":[{"type":"oid","value":"2.16.840.1.113883.6.236","preferred":true},{"type":"uri","value":"http://terminology.hl7.org/CodeSystem/CCC","preferred":true}]}