{"resourceType":"NamingSystem","id":"epsg-crs","text":{"status":"generated","div":"<div xmlns=\"http://www.w3.org/1999/xhtml\"><h3>Summary</h3><table class=\"grid\"><tr><td>Defining URL</td><td>http://terminology.hl7.org/NamingSystem/epsg-crs</td></tr><tr><td>Name</td><td>EpsgCrs</td></tr><tr><td>Status</td><td>retired</td></tr><tr><td>Definition</td><td><div><p><strong>Description:</strong> The set of values found in the Coord Axis Code column of the Coordinate Axis table as maintained in the EPSG geodetic parameter dataset. These define the axis for coordinate systems for geographic coordinates.</p>\n</div></td></tr><tr><td>Publisher</td><td>HL7</td></tr></table><h3>Identifiers</h3><table class=\"grid\"><tr><td><b>Type</b></td><td><b>Value</b></td><td><b>Preferred</b></td></tr><tr><td>OID</td><td>2.16.840.1.113883.6.278</td><td>true</td></tr><tr><td>URI</td><td>http://terminology.hl7.org/CodeSystem/epsg-crs</td><td>true</td></tr></table></div>"},"extension":[{"url":"http://hl7.org/fhir/tools/StructureDefinition/extension-title","valueString":"European Petroleum Survey Group Geodetic Parameter Dataset Coordinate Reference System"},{"url":"http://hl7.org/fhir/5.0/StructureDefinition/extension-NamingSystem.url","valueUri":"http://terminology.hl7.org/NamingSystem/epsg-crs"},{"url":"http://terminology.hl7.org/StructureDefinition/ext-namingsystem-version","valueString":"2.0.1"}],"name":"EpsgCrs","status":"retired","kind":"codesystem","date":"2021-11-09T10:00:00+10:00","publisher":"HL7","contact":[{"name":"International Association of Oil & Gas Producers"}],"responsible":"HL7","description":"**Description:** The set of values found in the Coord Axis Code column of the Coordinate Axis table as maintained in the EPSG geodetic parameter dataset. These define the axis for coordinate systems for geographic coordinates.","uniqueId":[{"type":"oid","value":"2.16.840.1.113883.6.278","preferred":true},{"type":"uri","value":"http://terminology.hl7.org/CodeSystem/epsg-crs","preferred":true}]}