{"resourceType":"NamingSystem","id":"MVX","text":{"status":"generated","div":"<div xmlns=\"http://www.w3.org/1999/xhtml\"><h3>Summary</h3><table class=\"grid\"><tr><td>Defining URL</td><td>http://terminology.hl7.org/NamingSystem/MVX</td></tr><tr><td>Name</td><td>MVX</td></tr><tr><td>Status</td><td>active</td></tr><tr><td>Definition</td><td><div><p>CDC Vaccine Manufacturer Codes</p>\n</div></td></tr></table><h3>Identifiers</h3><table class=\"grid\"><tr><td><b>Type</b></td><td><b>Value</b></td><td><b>Preferred</b></td></tr><tr><td>OID</td><td>2.16.840.1.113883.6.60</td><td>true</td></tr><tr><td>URI</td><td>http://terminology.hl7.org/CodeSystem/MVX</td><td>true</td></tr></table></div>"},"extension":[{"url":"http://hl7.org/fhir/tools/StructureDefinition/extension-title","valueString":"CDC Vaccine Manufacturer Codes"},{"url":"http://hl7.org/fhir/5.0/StructureDefinition/extension-NamingSystem.url","valueUri":"http://terminology.hl7.org/NamingSystem/MVX"},{"url":"http://terminology.hl7.org/StructureDefinition/ext-namingsystem-version","valueString":"2.1.0"}],"name":"MVX","status":"active","kind":"codesystem","date":"2019-03-20T00:00:00-04:00","description":"CDC Vaccine Manufacturer Codes","uniqueId":[{"type":"oid","value":"2.16.840.1.113883.6.60","preferred":true},{"type":"uri","value":"http://terminology.hl7.org/CodeSystem/MVX","preferred":true}]}