{"resourceType":"NamingSystem","id":"AHANUBCPatientDischargeStatus","text":{"status":"generated","div":"<div xmlns=\"http://www.w3.org/1999/xhtml\"><h3>Summary</h3><table class=\"grid\"><tr><td>Defining URL</td><td>http://terminology.hl7.org/NamingSystem/AHANUBCPatientDischargeStatus</td></tr><tr><td>Name</td><td>AHA_NUBC_PatientDischargeStatus</td></tr><tr><td>Status</td><td>active</td></tr><tr><td>Definition</td><td><div><p>&quot;The UB-04 Data File contains the complete set of NUBC codes. Every code in the range of possible codes is accounted for sequentially. There are no gaps because all used and unused codes are identified.&quot;</p>\n<p>This code system consists of the following:</p>\n<p>* FL 17 - Patient Discharge Status</p>\n<p>These codes are used to convey the patient discharge status and are the property of the American Hospital Association.</p>\n<p>To obtain the underlying code systems, please see information <a href=\"https://www.nubc.org/subscription-information\">here</a></p>\n<p>Statement of Understanding between AHA and HL7 can be found <a href=\"http://www.hl7.org/documentcenter/public/mou/AHA%20HL7%20SOU%202020%20AHA%20Fully%20Executed.pdf\">here</a>. In particular see sections 4.1d and 4.2.</p>\n<p>&quot;The UB-04 Manual has a 12-month subscription period from June 30 through July 1.&quot;</p>\n<p>For frequently asked questions, see here <a href=\"https://www.nubc.org/nubc-faqs\">here</a></p>\n</div></td></tr><tr><td>Publisher</td><td>American Hospital Association (AHA)</td></tr></table><h3>Identifiers</h3><table class=\"grid\"><tr><td><b>Type</b></td><td><b>Value</b></td><td><b>Preferred</b></td><td><b>Period</b></td><td><b>Comment</b></td></tr><tr><td>URI</td><td>https://www.nubc.org/CodeSystem/PatDischargeStatus</td><td>true</td><td>2020-10-20 --&gt; (ongoing)</td><td>This is the URL as specified by the terminology owner, and is considered authoritative.</td></tr><tr><td>OID</td><td>2.16.840.1.113883.6.301.5</td><td>true</td><td/><td/></tr></table></div>"},"extension":[{"url":"http://hl7.org/fhir/tools/StructureDefinition/extension-title","valueString":"AHA NUBC Patient Discharge Status Codes"},{"url":"http://hl7.org/fhir/5.0/StructureDefinition/extension-NamingSystem.url","valueUri":"http://terminology.hl7.org/NamingSystem/AHANUBCPatientDischargeStatus"},{"url":"http://terminology.hl7.org/StructureDefinition/ext-namingsystem-version","valueString":"1.0.0"}],"name":"AHA_NUBC_PatientDischargeStatus","status":"active","kind":"codesystem","date":"2022-05-18T00:00:00-00:00","publisher":"American Hospital Association (AHA)","contact":[{"name":"American Hospital Association (AHA); 155 North Wacker Drive, Suite 400, Chicago, IL 60606","telecom":[{"system":"fax","value":"312-422-4500"},{"system":"phone","value":"312-422-3000"}]}],"responsible":"American Hospital Association (AHA)","description":"\"The UB-04 Data File contains the complete set of NUBC codes. Every code in the range of possible codes is accounted for sequentially. There are no gaps because all used and unused codes are identified.\"\r\n\r\nThis code system consists of the following:\r\n\r\n\\* FL 17 - Patient Discharge Status\r\n\r\nThese codes are used to convey the patient discharge status and are the property of the American Hospital Association.\r\n\r\nTo obtain the underlying code systems, please see information [here](https://www.nubc.org/subscription-information)\r\n\r\nStatement of Understanding between AHA and HL7 can be found [here](http://www.hl7.org/documentcenter/public/mou/AHA%20HL7%20SOU%202020%20AHA%20Fully%20Executed.pdf). In particular see sections 4.1d and 4.2.\r\n\r\n\"The UB-04 Manual has a 12-month subscription period from June 30 through July 1.\"\r\n\r\nFor frequently asked questions, see here [here](https://www.nubc.org/nubc-faqs)","uniqueId":[{"type":"uri","value":"https://www.nubc.org/CodeSystem/PatDischargeStatus","preferred":true,"comment":"This is the URL as specified by the terminology owner, and is considered authoritative.","period":{"start":"2020-10-20"}},{"type":"oid","value":"2.16.840.1.113883.6.301.5","preferred":true}]}