{"resourceType":"NamingSystem","id":"hcpcs-Level-II","text":{"status":"generated","div":"<div xmlns=\"http://www.w3.org/1999/xhtml\"><h3>Summary</h3><table class=\"grid\"><tr><td>Defining URL</td><td>http://terminology.hl7.org/NamingSystem/hcpcs-Level-II</td></tr><tr><td>Name</td><td>HCPCSLevelII</td></tr><tr><td>Status</td><td>active</td></tr><tr><td>Definition</td><td><div><p>The Level II HCPCS codes, which are established by CMS's Alpha-Numeric Editorial Panel, primarily represent items and supplies and non-physician services not covered by the American Medical Association's Current Procedural Terminology-4 (CPT-4) codes; Medicare, Medicaid, and private health insurers use HCPCS procedure and modifier codes for claims processing.  Level II alphanumeric procedure and modifier codes comprise the A to V range.</p>\n</div></td></tr><tr><td>Publisher</td><td>U.S. Centers for Medicare &amp; Medicaid Services (CMS)</td></tr></table><h3>Identifiers</h3><table class=\"grid\"><tr><td><b>Type</b></td><td><b>Value</b></td><td><b>Preferred</b></td><td><b>Period</b></td></tr><tr><td>OID</td><td>2.16.840.1.113883.6.285</td><td>true</td><td/></tr><tr><td>URI</td><td>https://www.cms.gov/Medicare/Coding/HCPCSReleaseCodeSets</td><td>true</td><td>2020-08-11 12:00:00-0400 --&gt; (ongoing)</td></tr></table></div>"},"extension":[{"url":"http://hl7.org/fhir/tools/StructureDefinition/extension-title","valueString":"Healthcare Common Procedure Coding System (HCPCS) level II alphanumeric codes"},{"url":"http://hl7.org/fhir/5.0/StructureDefinition/extension-NamingSystem.url","valueUri":"http://terminology.hl7.org/NamingSystem/hcpcs-Level-II"},{"url":"http://terminology.hl7.org/StructureDefinition/ext-namingsystem-version","valueString":"1.0.0"}],"name":"HCPCSLevelII","status":"active","kind":"codesystem","date":"2021-02-23T00:00:00-04:00","publisher":"U.S. Centers for Medicare & Medicaid Services (CMS)","contact":[{"name":"U.S. Centers for Medicare & Medicaid Services (CMS)","telecom":[{"system":"url","value":"https://www.cms.gov/"},{"system":"email","value":"hcpcs@cms.hhs.gov"}]}],"responsible":"U.S. Centers for Medicare & Medicaid Services (CMS)","description":"The Level II HCPCS codes, which are established by CMS's Alpha-Numeric Editorial Panel, primarily represent items and supplies and non-physician services not covered by the American Medical Association's Current Procedural Terminology-4 (CPT-4) codes; Medicare, Medicaid, and private health insurers use HCPCS procedure and modifier codes for claims processing.  Level II alphanumeric procedure and modifier codes comprise the A to V range.","uniqueId":[{"type":"oid","value":"2.16.840.1.113883.6.285","preferred":true},{"type":"uri","value":"https://www.cms.gov/Medicare/Coding/HCPCSReleaseCodeSets","preferred":true,"period":{"start":"2020-08-11T00:00:00-04:00"}}]}