{"resourceType":"NamingSystem","id":"icpc-ENG","text":{"status":"generated","div":"<div xmlns=\"http://www.w3.org/1999/xhtml\"><h3>Summary</h3><table class=\"grid\"><tr><td>Defining URL</td><td>http://terminology.hl7.org/NamingSystem/icpc-ENG</td></tr><tr><td>Name</td><td>IcpcENG</td></tr><tr><td>Status</td><td>retired</td></tr><tr><td>Definition</td><td><div><p>The International Classification of Primary Care (ICPC). Swedish Translation. Denmark: World Organisation of Family Doctors, 1993.</p>\n</div></td></tr><tr><td>Publisher</td><td>World Health Organization (WHO)</td></tr></table><h3>Identifiers</h3><table class=\"grid\"><tr><td><b>Type</b></td><td><b>Value</b></td><td><b>Preferred</b></td></tr><tr><td>OID</td><td>2.16.840.1.113883.6.138.14</td><td>true</td></tr><tr><td>URI</td><td>http://terminology.hl7.org/CodeSystem/icpc-ENG</td><td>true</td></tr></table></div>"},"extension":[{"url":"http://hl7.org/fhir/tools/StructureDefinition/extension-title","valueString":"International Classification of Primary Care 1993 (English)"},{"url":"http://hl7.org/fhir/5.0/StructureDefinition/extension-NamingSystem.url","valueUri":"http://terminology.hl7.org/NamingSystem/icpc-ENG"},{"url":"http://terminology.hl7.org/StructureDefinition/ext-namingsystem-version","valueString":"2.1.0"}],"name":"IcpcENG","status":"retired","kind":"codesystem","date":"2021-11-09T10:00:00+10:00","publisher":"World Health Organization (WHO)","responsible":"World Health Organization (WHO)","description":"The International Classification of Primary Care (ICPC). Swedish Translation. Denmark: World Organisation of Family Doctors, 1993.","uniqueId":[{"type":"oid","value":"2.16.840.1.113883.6.138.14","preferred":true},{"type":"uri","value":"http://terminology.hl7.org/CodeSystem/icpc-ENG","preferred":true}]}