{"resourceType":"NamingSystem","id":"whoARTfl","text":{"status":"generated","div":"<div xmlns=\"http://www.w3.org/1999/xhtml\"><h3>Summary</h3><table class=\"grid\"><tr><td>Defining URL</td><td>http://terminology.hl7.org/NamingSystem/whoARTfl</td></tr><tr><td>Name</td><td>WhoARTfl</td></tr><tr><td>Status</td><td>retired</td></tr><tr><td>Definition</td><td><div><p>WHO Adverse Drug Reaction Terminology (WHOART). Uppsala (Sweden): WHO Collaborating Centre for International Drug Monitoring, 1997. This branch node OID contains identifiers for the different foreign language versions of this terminology. For more information, see http://www.umc-products.com/graphics/3149.pdf</p>\n</div></td></tr><tr><td>Publisher</td><td>WHO</td></tr></table><h3>Identifiers</h3><table class=\"grid\"><tr><td><b>Type</b></td><td><b>Value</b></td><td><b>Preferred</b></td></tr><tr><td>OID</td><td>2.16.840.1.113883.6.230</td><td>true</td></tr><tr><td>URI</td><td>http://terminology.hl7.org/CodeSystem/whoARTfl</td><td>true</td></tr></table></div>"},"extension":[{"url":"http://hl7.org/fhir/tools/StructureDefinition/extension-title","valueString":"WHO Adverse Reaction Terms foreign language translations"},{"url":"http://hl7.org/fhir/5.0/StructureDefinition/extension-NamingSystem.url","valueUri":"http://terminology.hl7.org/NamingSystem/whoARTfl"},{"url":"http://terminology.hl7.org/StructureDefinition/ext-namingsystem-version","valueString":"2.1.0"}],"name":"WhoARTfl","status":"retired","kind":"codesystem","date":"2021-11-09T10:00:00+10:00","publisher":"WHO","contact":[{"name":"World Health Organization"}],"responsible":"WHO","description":"WHO Adverse Drug Reaction Terminology (WHOART). Uppsala (Sweden): WHO Collaborating Centre for International Drug Monitoring, 1997. This branch node OID contains identifiers for the different foreign language versions of this terminology. For more information, see http://www.umc-products.com/graphics/3149.pdf","uniqueId":[{"type":"oid","value":"2.16.840.1.113883.6.230","preferred":true},{"type":"uri","value":"http://terminology.hl7.org/CodeSystem/whoARTfl","preferred":true}]}