{"resourceType":"NamingSystem","id":"passportNumNS-VAT","text":{"status":"generated","div":"<div xmlns=\"http://www.w3.org/1999/xhtml\"><h3>Summary</h3><table class=\"grid\"><tr><td>Defining URL</td><td>http://terminology.hl7.org/NamingSystem/passportNumNS-VAT</td></tr><tr><td>Name</td><td>PassportNumNS_VAT</td></tr><tr><td>Status</td><td>active</td></tr><tr><td>Definition</td><td><div><p>Identifier of the namespace for Passport Numbers issued by the country of HOLY SEE (VATICAN CITY STATE).  Used for the HL7 v3 data type II.root and FHIR Identifer.system values for Passport Numbers</p>\n</div></td></tr></table><h3>Identifiers</h3><table class=\"grid\"><tr><td><b>Type</b></td><td><b>Value</b></td><td><b>Preferred</b></td></tr><tr><td>OID</td><td>2.16.840.1.113883.4.330.336</td><td>true</td></tr><tr><td>URI</td><td>http://hl7.org/fhir/sid/passport-VAT</td><td>true</td></tr></table></div>"},"extension":[{"url":"http://hl7.org/fhir/tools/StructureDefinition/extension-title","valueString":"Passport Numbers Namespace for HOLY SEE (VATICAN CITY STATE)"},{"url":"http://hl7.org/fhir/5.0/StructureDefinition/extension-NamingSystem.url","valueUri":"http://terminology.hl7.org/NamingSystem/passportNumNS-VAT"},{"url":"http://terminology.hl7.org/StructureDefinition/ext-namingsystem-version","valueString":"1.0.0"}],"name":"PassportNumNS_VAT","status":"active","kind":"identifier","date":"2022-02-07T00:00:00-00:00","type":{"coding":[{"system":"http://terminology.hl7.org/CodeSystem/v2-0203","code":"PPN"}]},"description":"Identifier of the namespace for Passport Numbers issued by the country of HOLY SEE (VATICAN CITY STATE).  Used for the HL7 v3 data type II.root and FHIR Identifer.system values for Passport Numbers","uniqueId":[{"type":"oid","value":"2.16.840.1.113883.4.330.336","preferred":true},{"type":"uri","value":"http://hl7.org/fhir/sid/passport-VAT","preferred":true}]}