{"resourceType":"NamingSystem","id":"nubc-UB92","text":{"status":"generated","div":"<div xmlns=\"http://www.w3.org/1999/xhtml\"><h3>Summary</h3><table class=\"grid\"><tr><td>Defining URL</td><td>http://terminology.hl7.org/NamingSystem/nubc-UB92</td></tr><tr><td>Name</td><td>NubcUB92</td></tr><tr><td>Status</td><td>active</td></tr><tr><td>Definition</td><td><div><p>National Uniform Billing Council, UB 92</p>\n</div></td></tr><tr><td>Publisher</td><td>NUBC</td></tr></table><h3>Identifiers</h3><table class=\"grid\"><tr><td><b>Type</b></td><td><b>Value</b></td><td><b>Preferred</b></td></tr><tr><td>OID</td><td>2.16.840.1.113883.6.21</td><td>true</td></tr><tr><td>URI</td><td>http://terminology.hl7.org/CodeSystem/nubc-UB92</td><td>true</td></tr></table></div>"},"extension":[{"url":"http://hl7.org/fhir/tools/StructureDefinition/extension-title","valueString":"National Uniform Billing Council, UB 92"},{"url":"http://hl7.org/fhir/5.0/StructureDefinition/extension-NamingSystem.url","valueUri":"http://terminology.hl7.org/NamingSystem/nubc-UB92"},{"url":"http://terminology.hl7.org/StructureDefinition/ext-namingsystem-version","valueString":"2.1.0"}],"name":"NubcUB92","status":"active","kind":"codesystem","date":"2019-03-20T00:00:00-04:00","publisher":"NUBC","contact":[{"name":"National Uniform Billing Committee (NUBC)"}],"responsible":"NUBC","description":"National Uniform Billing Council, UB 92","uniqueId":[{"type":"oid","value":"2.16.840.1.113883.6.21","preferred":true},{"type":"uri","value":"http://terminology.hl7.org/CodeSystem/nubc-UB92","preferred":true}]}