{"resourceType":"NamingSystem","id":"v3-mime","text":{"status":"generated","div":"<div xmlns=\"http://www.w3.org/1999/xhtml\"><h3>Summary</h3><table class=\"grid\"><tr><td>Defining URL</td><td>http://terminology.hl7.org/NamingSystem/v3-mime</td></tr><tr><td>Name</td><td>Mime</td></tr><tr><td>Status</td><td>retired</td></tr><tr><td>Definition</td><td><div><p>IETF MIME media types</p>\n</div></td></tr></table><h3>Identifiers</h3><table class=\"grid\"><tr><td><b>Type</b></td><td><b>Value</b></td><td><b>Preferred</b></td></tr><tr><td>OID</td><td>2.16.840.1.113883.6.10</td><td>true</td></tr><tr><td>URI</td><td>http://www.iana.org/assignments/media-types</td><td>true</td></tr></table></div>"},"extension":[{"url":"http://hl7.org/fhir/tools/StructureDefinition/extension-title","valueString":"MIME"},{"url":"http://hl7.org/fhir/5.0/StructureDefinition/extension-NamingSystem.url","valueUri":"http://terminology.hl7.org/NamingSystem/v3-mime"},{"url":"http://terminology.hl7.org/StructureDefinition/ext-namingsystem-version","valueString":"2.1.0"}],"name":"Mime","status":"retired","kind":"codesystem","date":"2021-11-09T10:00:00+10:00","description":"IETF MIME media types","uniqueId":[{"type":"oid","value":"2.16.840.1.113883.6.10","preferred":true},{"type":"uri","value":"http://www.iana.org/assignments/media-types","preferred":true}]}