{"resourceType":"NamingSystem","id":"MGPI","text":{"status":"generated","div":"<div xmlns=\"http://www.w3.org/1999/xhtml\"><h3>Summary</h3><table class=\"grid\"><tr><td>Defining URL</td><td>http://terminology.hl7.org/NamingSystem/MGPI</td></tr><tr><td>Name</td><td>MGPI</td></tr><tr><td>Status</td><td>retired</td></tr><tr><td>Definition</td><td><div><p>Medispan GPI</p>\n</div></td></tr><tr><td>Publisher</td><td>HL7 International</td></tr></table><h3>Identifiers</h3><table class=\"grid\"><tr><td><b>Type</b></td><td><b>Value</b></td><td><b>Preferred</b></td></tr><tr><td>OID</td><td>2.16.840.1.113883.6.68</td><td>true</td></tr><tr><td>URI</td><td>http://terminology.hl7.org/CodeSystem/MGPI</td><td>true</td></tr></table></div>"},"extension":[{"url":"http://hl7.org/fhir/tools/StructureDefinition/extension-title","valueString":"Medispan GPI"},{"url":"http://hl7.org/fhir/5.0/StructureDefinition/extension-NamingSystem.url","valueUri":"http://terminology.hl7.org/NamingSystem/MGPI"},{"url":"http://terminology.hl7.org/StructureDefinition/ext-namingsystem-version","valueString":"2.1.0"}],"name":"MGPI","status":"retired","kind":"codesystem","date":"2021-11-09T10:00:00+10:00","publisher":"HL7 International","contact":[{"name":"Wolters Kluwer Health -- Medi-Span"}],"responsible":"HL7 International","description":"Medispan GPI","uniqueId":[{"type":"oid","value":"2.16.840.1.113883.6.68","preferred":true},{"type":"uri","value":"http://terminology.hl7.org/CodeSystem/MGPI","preferred":true}]}