{"resourceType":"NamingSystem","id":"CAS","text":{"status":"generated","div":"<div xmlns=\"http://www.w3.org/1999/xhtml\"><h3>Summary</h3><table class=\"grid\"><tr><td>Defining URL</td><td>http://terminology.hl7.org/NamingSystem/CAS</td></tr><tr><td>Name</td><td>CAS</td></tr><tr><td>Status</td><td>retired</td></tr><tr><td>Definition</td><td><div><p>Chemical abstract codes</p>\n</div></td></tr></table><h3>Identifiers</h3><table class=\"grid\"><tr><td><b>Type</b></td><td><b>Value</b></td><td><b>Preferred</b></td></tr><tr><td>OID</td><td>2.16.840.1.113883.6.61</td><td>true</td></tr><tr><td>URI</td><td>http://terminology.hl7.org/CodeSystem/CAS</td><td>true</td></tr></table></div>"},"extension":[{"url":"http://hl7.org/fhir/tools/StructureDefinition/extension-title","valueString":"Chemical Abstract Codes"},{"url":"http://hl7.org/fhir/5.0/StructureDefinition/extension-NamingSystem.url","valueUri":"http://terminology.hl7.org/NamingSystem/CAS"},{"url":"http://terminology.hl7.org/StructureDefinition/ext-namingsystem-version","valueString":"2.0.1"}],"name":"CAS","status":"retired","kind":"codesystem","date":"2021-11-09T10:00:00+10:00","description":"Chemical abstract codes","uniqueId":[{"type":"oid","value":"2.16.840.1.113883.6.61","preferred":true},{"type":"uri","value":"http://terminology.hl7.org/CodeSystem/CAS","preferred":true}]}