{"resourceType":"NamingSystem","id":"E6","text":{"status":"generated","div":"<div xmlns=\"http://www.w3.org/1999/xhtml\"><h3>Summary</h3><table class=\"grid\"><tr><td>Defining URL</td><td>http://terminology.hl7.org/NamingSystem/E6</td></tr><tr><td>Name</td><td>E6</td></tr><tr><td>Status</td><td>retired</td></tr><tr><td>Definition</td><td><div><p>Euclides Lab method codes</p>\n</div></td></tr></table><h3>Identifiers</h3><table class=\"grid\"><tr><td><b>Type</b></td><td><b>Value</b></td><td><b>Preferred</b></td></tr><tr><td>OID</td><td>2.16.840.1.113883.6.36</td><td>true</td></tr><tr><td>URI</td><td>http://terminology.hl7.org/CodeSystem/E6</td><td>true</td></tr></table></div>"},"extension":[{"url":"http://hl7.org/fhir/tools/StructureDefinition/extension-title","valueString":"Euclides Lab method codes"},{"url":"http://hl7.org/fhir/5.0/StructureDefinition/extension-NamingSystem.url","valueUri":"http://terminology.hl7.org/NamingSystem/E6"},{"url":"http://terminology.hl7.org/StructureDefinition/ext-namingsystem-version","valueString":"2.0.1"}],"name":"E6","status":"retired","kind":"codesystem","date":"2021-11-09T10:00:00+10:00","description":"Euclides Lab method codes","uniqueId":[{"type":"oid","value":"2.16.840.1.113883.6.36","preferred":true},{"type":"uri","value":"http://terminology.hl7.org/CodeSystem/E6","preferred":true}]}