{"resourceType":"NamingSystem","id":"iso3166-1edition2alpha3","text":{"status":"generated","div":"<div xmlns=\"http://www.w3.org/1999/xhtml\"><h3>Summary</h3><table class=\"grid\"><tr><td>Defining URL</td><td>http://terminology.hl7.org/NamingSystem/iso3166-1edition2alpha3</td></tr><tr><td>Name</td><td>Iso31661edition2alpha3</td></tr><tr><td>Status</td><td>retired</td></tr><tr><td>Definition</td><td><div><p>Identifies the coding system published in the ISO 3166-1 Standard for Country codes, 2nd edition, 3-character alphabetic codes.</p>\n</div></td></tr><tr><td>Publisher</td><td>ISO</td></tr></table><h3>Identifiers</h3><table class=\"grid\"><tr><td><b>Type</b></td><td><b>Value</b></td><td><b>Preferred</b></td></tr><tr><td>OID</td><td>1.0.3166.1.2.3</td><td>true</td></tr><tr><td>URI</td><td>http://terminology.hl7.org/CodeSystem/iso3166-1edition2alpha3</td><td>true</td></tr></table></div>"},"extension":[{"url":"http://hl7.org/fhir/tools/StructureDefinition/extension-title","valueString":"ISO 3166 Part 1 Country Codes, 2nd Edition, Alpha-3"},{"url":"http://hl7.org/fhir/5.0/StructureDefinition/extension-NamingSystem.url","valueUri":"http://terminology.hl7.org/NamingSystem/iso3166-1edition2alpha3"},{"url":"http://terminology.hl7.org/StructureDefinition/ext-namingsystem-version","valueString":"2.1.0"}],"name":"Iso31661edition2alpha3","status":"retired","kind":"codesystem","date":"2022-08-23T00:00:00-04:00","publisher":"ISO","contact":[{"name":"International Standards Organization (ISO)"}],"responsible":"ISO","description":"Identifies the coding system published in the ISO 3166-1 Standard for Country codes, 2nd edition, 3-character alphabetic codes.","uniqueId":[{"type":"oid","value":"1.0.3166.1.2.3","preferred":true},{"type":"uri","value":"http://terminology.hl7.org/CodeSystem/iso3166-1edition2alpha3","preferred":true}]}