{"resourceType":"NamingSystem","id":"v3-hc-aign","text":{"status":"generated","div":"<div xmlns=\"http://www.w3.org/1999/xhtml\"><h3>Summary</h3><table class=\"grid\"><tr><td>Defining URL</td><td>http://terminology.hl7.org/NamingSystem/v3-hc-aign</td></tr><tr><td>Name</td><td>HcAIGN</td></tr><tr><td>Status</td><td>active</td></tr><tr><td>Definition</td><td><div><p>The AIG number is a 10 digit number that identifies products that have the same active ingredient(s) and ingredient strength(s). The AIG is comprised of three portions:</p>\n<ul>\n<li>the first portion (2 digits) identifies the number of active ingredients</li>\n<li>the second portion(5 digits) identifies the unique groups of active ingredients(s);</li>\n<li>the last portion (3 digits) identifies the active ingredient group strength. The strength group has a tolerance of -2% to +10%.</li>\n</ul>\n<p>Further information about this Code System can be found at https://www.canada.ca/en/health-canada/services/drugs-health-products/drug-products/drug-product-database/terminology.html</p>\n</div></td></tr><tr><td>Publisher</td><td>Health Canada</td></tr></table><h3>Identifiers</h3><table class=\"grid\"><tr><td><b>Type</b></td><td><b>Value</b></td><td><b>Preferred</b></td><td><b>Period</b></td><td><b>Comment</b></td></tr><tr><td>OID</td><td>2.16.840.1.113883.5.1106</td><td>true</td><td/><td/></tr><tr><td>URI</td><td>http://terminology.hl7.org/CodeSystem/v3-hc-aign</td><td>true</td><td>2021-03-22 --&gt; (ongoing)</td><td>Official canonical URL going forward.</td></tr><tr><td>URI</td><td>http://www.canada.ca/en/health-canada/services/drugs-health-products/drug-products/drug-product-database-4</td><td>false</td><td/><td>Maintained for backward compatibility.</td></tr></table></div>"},"extension":[{"url":"http://hl7.org/fhir/tools/StructureDefinition/extension-title","valueString":"Active Ingredient Group Number"},{"url":"http://hl7.org/fhir/5.0/StructureDefinition/extension-NamingSystem.url","valueUri":"http://terminology.hl7.org/NamingSystem/v3-hc-aign"},{"url":"http://terminology.hl7.org/StructureDefinition/ext-namingsystem-version","valueString":"3.0.0"}],"name":"HcAIGN","status":"active","kind":"codesystem","date":"2021-03-22T00:00:00-04:00","publisher":"Health Canada","contact":[{"name":"Health Canada"}],"responsible":"HL7 Canada","description":"The AIG number is a 10 digit number that identifies products that have the same active ingredient(s) and ingredient strength(s). The AIG is comprised of three portions: \r\n\r\n *  the first portion (2 digits) identifies the number of active ingredients\r\n *  the second portion(5 digits) identifies the unique groups of active ingredients(s);\r\n *  the last portion (3 digits) identifies the active ingredient group strength. The strength group has a tolerance of -2% to +10%.\r\n \r\n\r\nFurther information about this Code System can be found at https://www.canada.ca/en/health-canada/services/drugs-health-products/drug-products/drug-product-database/terminology.html","uniqueId":[{"type":"oid","value":"2.16.840.1.113883.5.1106","preferred":true},{"type":"uri","value":"http://terminology.hl7.org/CodeSystem/v3-hc-aign","preferred":true,"comment":"Official canonical URL going forward.","period":{"start":"2021-03-22"}},{"type":"uri","value":"http://www.canada.ca/en/health-canada/services/drugs-health-products/drug-products/drug-product-database-4","preferred":false,"comment":"Maintained for backward compatibility."}]}