{"resourceType":"NamingSystem","id":"MDRDUT","text":{"status":"generated","div":"<div xmlns=\"http://www.w3.org/1999/xhtml\"><h3>Summary</h3><table class=\"grid\"><tr><td>Defining URL</td><td>http://terminology.hl7.org/NamingSystem/MDRDUT</td></tr><tr><td>Name</td><td>MDRDUT</td></tr><tr><td>Status</td><td>retired</td></tr><tr><td>Definition</td><td><div><p>Medical Dictionary for Regulatory Activities Terminology (MedDRA) Version 7.0, Dutch Edition. International conference on Harmonization of Technical Requirements for Registration of Pharmaceuticals for Human Use (ICH). Reston, VA: MedDRA MSSO, March 1, 2004 This is the Dutch language version as encapsulated in the UMLS..</p>\n</div></td></tr><tr><td>Publisher</td><td>ICH</td></tr></table><h3>Identifiers</h3><table class=\"grid\"><tr><td><b>Type</b></td><td><b>Value</b></td><td><b>Preferred</b></td></tr><tr><td>OID</td><td>2.16.840.1.113883.6.163.2</td><td>true</td></tr><tr><td>URI</td><td>http://terminology.hl7.org/CodeSystem/MDRDUT</td><td>true</td></tr></table></div>"},"extension":[{"url":"http://hl7.org/fhir/tools/StructureDefinition/extension-title","valueString":"MedDRA Dutch"},{"url":"http://hl7.org/fhir/5.0/StructureDefinition/extension-NamingSystem.url","valueUri":"http://terminology.hl7.org/NamingSystem/MDRDUT"},{"url":"http://terminology.hl7.org/StructureDefinition/ext-namingsystem-version","valueString":"2.1.0"}],"name":"MDRDUT","status":"retired","kind":"codesystem","date":"2021-11-09T10:00:00+10:00","publisher":"ICH","contact":[{"name":"MedDRA MSSO/ Northrop Grumman,MedDRA MSSO/ Northrop Grumman"}],"responsible":"ICH","description":"Medical Dictionary for Regulatory Activities Terminology (MedDRA) Version 7.0, Dutch Edition. International conference on Harmonization of Technical Requirements for Registration of Pharmaceuticals for Human Use (ICH). Reston, VA: MedDRA MSSO, March 1, 2004 This is the Dutch language version as encapsulated in the UMLS..","uniqueId":[{"type":"oid","value":"2.16.840.1.113883.6.163.2","preferred":true},{"type":"uri","value":"http://terminology.hl7.org/CodeSystem/MDRDUT","preferred":true}]}