{"resourceType":"NamingSystem","id":"UML","text":{"status":"generated","div":"<div xmlns=\"http://www.w3.org/1999/xhtml\"><h3>Summary</h3><table class=\"grid\"><tr><td>Defining URL</td><td>http://terminology.hl7.org/NamingSystem/UML</td></tr><tr><td>Name</td><td>UML</td></tr><tr><td>Status</td><td>retired</td></tr><tr><td>Definition</td><td><div><p>Unified Medical Language</p>\n</div></td></tr></table><h3>Identifiers</h3><table class=\"grid\"><tr><td><b>Type</b></td><td><b>Value</b></td><td><b>Preferred</b></td></tr><tr><td>OID</td><td>2.16.840.1.113883.6.56</td><td>true</td></tr><tr><td>URI</td><td>http://terminology.hl7.org/CodeSystem/UML</td><td>true</td></tr></table></div>"},"extension":[{"url":"http://hl7.org/fhir/tools/StructureDefinition/extension-title","valueString":"Unified Medical Language"},{"url":"http://hl7.org/fhir/5.0/StructureDefinition/extension-NamingSystem.url","valueUri":"http://terminology.hl7.org/NamingSystem/UML"},{"url":"http://terminology.hl7.org/StructureDefinition/ext-namingsystem-version","valueString":"2.1.0"}],"name":"UML","status":"retired","kind":"codesystem","date":"2021-11-09T10:00:00+10:00","description":"Unified Medical Language","uniqueId":[{"type":"oid","value":"2.16.840.1.113883.6.56","preferred":true},{"type":"uri","value":"http://terminology.hl7.org/CodeSystem/UML","preferred":true}]}