{"resourceType":"NamingSystem","id":"ICFDut","text":{"status":"generated","div":"<div xmlns=\"http://www.w3.org/1999/xhtml\"><h3>Summary</h3><table class=\"grid\"><tr><td>Defining URL</td><td>http://terminology.hl7.org/NamingSystem/ICFDut</td></tr><tr><td>Name</td><td>ICFDut</td></tr><tr><td>Status</td><td>active</td></tr><tr><td>Definition</td><td><div><p>&quot;The International Classification of Functioning, Disability and Health, known more commonly as ICF, is a classification of health and health-related domains. As the functioning and disability of an individual occurs in a context, ICF also includes a list of environmental factors.</p>\n<p>ICF is the WHO framework for measuring health and disability at both individual and population levels.</p>\n<p>ICF was officially endorsed by all 191 WHO Member States in the Fifty-fourth World Health Assembly on 22 May 2001(resolution <a href=\"http://apps.who.int/gb/archive/pdf_files/WHA54/ea54r21.pdf\">WHA 54.21</a> ) as the international standard to describe and measure health and disability.</p>\n<p>ICF is based on the same foundation as ICD and ICHI and share the same set of extension codes that enable documentation at a higher level of detail.&quot;</p>\n<p>&quot;The Dutch translation of the ICF is published in book form by BSL. The ICF can also be consulted online in the <a href=\"https://class.whofic.nl/browser.aspx?scheme=ICF-nl.cla\">Classification Browser</a>.</p>\n<p>The ICF team of the WHO-FIC Collaborating Center combines expertise in the field of the ICF for the Dutch language area and currently consists of delegations from the Netherlands Paramedical Institute, the University Medical Center Groningen, Maastricht University, the Big Move Institute, Stichting Scientific Research Road Safety, University of Ghent, Vilans, and Rehabilitation Center de Hoogstraat.&quot;</p>\n<p>Official updates to the ICF are available as annual lists of changes.</p>\n<p>These updates are approved annually at the October meeting of the WHO Family of International Classifications (WHO-FIC) Network.</p>\n<p>To license ICF, the same rules apply for ICF as for ICD. See <a href=\"http://icd.who.int/\">http://icd.who.int/</a>.</p>\n<p>For more information, see <a href=\"https://www.whofic.nl/familie-van-internationale-classificaties/referentie-classificaties/icf\">https://www.whofic.nl/familie-van-internationale-classificaties/referentie-classificaties/icf</a>.</p>\n</div></td></tr><tr><td>Publisher</td><td>WHO Collaborating Center for the Family of International Classifications (FIC) in the Netherlands</td></tr></table><h3>Identifiers</h3><table class=\"grid\"><tr><td><b>Type</b></td><td><b>Value</b></td><td><b>Preferred</b></td><td><b>Period</b></td><td><b>Comment</b></td></tr><tr><td>URI</td><td>http://hl7.org/fhir/sid/icf-nl</td><td>true</td><td>2022-10-13 --&gt; (ongoing)</td><td>This is the URL as specified by the terminology owner, and is considered authoritative.</td></tr></table></div>"},"extension":[{"url":"http://hl7.org/fhir/tools/StructureDefinition/extension-title","valueString":"International Classification of Functioning, Disability and Health, Dutch Translation"},{"url":"http://hl7.org/fhir/5.0/StructureDefinition/extension-NamingSystem.url","valueUri":"http://terminology.hl7.org/NamingSystem/ICFDut"},{"url":"http://terminology.hl7.org/StructureDefinition/ext-namingsystem-version","valueString":"1.0.0"}],"name":"ICFDut","status":"active","kind":"codesystem","date":"2022-10-11T00:00:00-00:00","publisher":"WHO Collaborating Center for the Family of International Classifications (FIC) in the Netherlands","contact":[{"name":"WHO Collaborating Center for the Family of International Classifications (FIC) in the Netherlands","telecom":[{"system":"url","value":"https://www.whofic.nl/over-het-centrum"}]}],"responsible":"WHO Collaborating Center for the Family of International Classifications (FIC) in the Netherlands","description":"\"The International Classification of Functioning, Disability and Health, known more commonly as ICF, is a classification of health and health-related domains. As the functioning and disability of an individual occurs in a context, ICF also includes a list of environmental factors.\r\n\r\nICF is the WHO framework for measuring health and disability at both individual and population levels.\r\n\r\nICF was officially endorsed by all 191 WHO Member States in the Fifty-fourth World Health Assembly on 22 May 2001(resolution [WHA 54.21](http://apps.who.int/gb/archive/pdf_files/WHA54/ea54r21.pdf) ) as the international standard to describe and measure health and disability.\r\n\r\nICF is based on the same foundation as ICD and ICHI and share the same set of extension codes that enable documentation at a higher level of detail.\"\r\n\r\n\"The Dutch translation of the ICF is published in book form by BSL. The ICF can also be consulted online in the [Classification Browser](https://class.whofic.nl/browser.aspx?scheme=ICF-nl.cla).\r\n\r\nThe ICF team of the WHO-FIC Collaborating Center combines expertise in the field of the ICF for the Dutch language area and currently consists of delegations from the Netherlands Paramedical Institute, the University Medical Center Groningen, Maastricht University, the Big Move Institute, Stichting Scientific Research Road Safety, University of Ghent, Vilans, and Rehabilitation Center de Hoogstraat.\"\r\n\r\nOfficial updates to the ICF are available as annual lists of changes.\r\n\r\nThese updates are approved annually at the October meeting of the WHO Family of International Classifications (WHO-FIC) Network.\r\n\r\nTo license ICF, the same rules apply for ICF as for ICD. See [http://icd.who.int/](http://icd.who.int/).\r\n\r\nFor more information, see [https://www.whofic.nl/familie-van-internationale-classificaties/referentie-classificaties/icf](https://www.whofic.nl/familie-van-internationale-classificaties/referentie-classificaties/icf).","uniqueId":[{"type":"uri","value":"http://hl7.org/fhir/sid/icf-nl","preferred":true,"comment":"This is the URL as specified by the terminology owner, and is considered authoritative.","period":{"start":"2022-10-13"}}]}