{"resourceType":"ValueSet","id":"v3-Compartment","language":"en","text":{"status":"generated","div":"<div xml:lang=\"en\" xmlns=\"http://www.w3.org/1999/xhtml\" lang=\"en\"><ul><li>Include codes from <a href=\"CodeSystem-v3-ActCode.html\"><code>http://terminology.hl7.org/CodeSystem/v3-ActCode</code></a> where concept  is-a  <a href=\"CodeSystem-v3-ActCode.html#v3-ActCode-COMPT\">COMPT</a></li></ul></div>"},"url":"http://terminology.hl7.org/ValueSet/v3-Compartment","identifier":[{"system":"urn:ietf:rfc:3986","value":"urn:oid:2.16.840.1.113883.1.11.20478"}],"version":"2.0.0","name":"Compartment","title":"Compartment","status":"active","experimental":false,"date":"2014-03-26","description":"A named tag set for metadata used to populate a security category label field that \"segments\" an IT resource per policy by indicating that access and use is restricted to members of a defined community or project. (HL7 Healthcare Privacy and Security Classification System)\r\n\r\n*Usage Note:* This is the healthcare analog to the US Intelligence Community's concept of a Special Access Program. Compartment codes may be used in as a field value in an initiator's clearance to indicate permission to access and use an IT Resource with a security label having the same compartment value in security category label field.\r\n\r\nMap: Aligns with ISO 2382-8 definition of Compartment - \"A division of data into isolated blocks with separate security controls for the purpose of reducing risk.\"","compose":{"include":[{"system":"http://terminology.hl7.org/CodeSystem/v3-ActCode","filter":[{"property":"concept","op":"is-a","value":"COMPT"}]}]}}