{"resourceType":"ValueSet","id":"v3-Child","language":"en","text":{"status":"generated","div":"<div xml:lang=\"en\" xmlns=\"http://www.w3.org/1999/xhtml\" lang=\"en\"><ul><li>Include codes from <a href=\"CodeSystem-v3-RoleCode.html\"><code>http://terminology.hl7.org/CodeSystem/v3-RoleCode</code></a> where concept  is-a  <a href=\"CodeSystem-v3-RoleCode.html#v3-RoleCode-CHILD\">CHILD</a></li></ul></div>"},"url":"http://terminology.hl7.org/ValueSet/v3-Child","identifier":[{"system":"urn:ietf:rfc:3986","value":"urn:oid:2.16.840.1.113883.1.11.16360"}],"version":"2.0.0","name":"Child","title":"Child","status":"active","experimental":false,"date":"2014-03-26","description":"The player of the role is a child of the scoping entity.","compose":{"include":[{"system":"http://terminology.hl7.org/CodeSystem/v3-RoleCode","filter":[{"property":"concept","op":"is-a","value":"CHILD"}]}]}}