{"resourceType":"ValueSet","id":"v3-ManagedParticipationStatusCancelled","language":"en","text":{"status":"generated","div":"<div xml:lang=\"en\" xmlns=\"http://www.w3.org/1999/xhtml\" lang=\"en\"><ul><li>Include codes from <a href=\"CodeSystem-v3-ManagedParticipationStatus.html\"><code>http://terminology.hl7.org/CodeSystem/v3-ManagedParticipationStatus</code></a> where concept  is-a  <a href=\"CodeSystem-v3-ManagedParticipationStatus.html#v3-ManagedParticipationStatus-cancelled\">cancelled</a></li></ul></div>"},"url":"http://terminology.hl7.org/ValueSet/v3-ManagedParticipationStatusCancelled","identifier":[{"system":"urn:ietf:rfc:3986","value":"urn:oid:2.16.840.1.113883.1.11.20058"}],"version":"2.0.0","name":"ManagedParticipationStatusCancelled","title":"ManagedParticipationStatusCancelled","status":"active","experimental":false,"date":"2014-03-26","description":"The terminal state resulting from cancellation of the Participation prior to activation.","immutable":true,"compose":{"include":[{"system":"http://terminology.hl7.org/CodeSystem/v3-ManagedParticipationStatus","filter":[{"property":"concept","op":"is-a","value":"cancelled"}]}]}}