{"resourceType":"ValueSet","id":"v3-SubstanceAdministrationPermissionRefusalReasonCode","language":"en","text":{"status":"generated","div":"<div xml:lang=\"en\" xmlns=\"http://www.w3.org/1999/xhtml\" lang=\"en\"><ul><li>Include codes from <a href=\"CodeSystem-v3-ActReason.html\"><code>http://terminology.hl7.org/CodeSystem/v3-ActReason</code></a> where concept  is-a  <a href=\"CodeSystem-v3-ActReason.html#v3-ActReason-_SubstanceAdministrationPermissionRefusalReasonCode\">_SubstanceAdministrationPermissionRefusalReasonCode</a></li></ul></div>"},"url":"http://terminology.hl7.org/ValueSet/v3-SubstanceAdministrationPermissionRefusalReasonCode","identifier":[{"system":"urn:ietf:rfc:3986","value":"urn:oid:2.16.840.1.113883.1.11.20343"}],"version":"2.0.0","name":"SubstanceAdministrationPermissionRefusalReasonCode","title":"SubstanceAdministrationPermissionRefusalReasonCode","status":"active","experimental":false,"date":"2014-03-26","description":"**Definition:**Indicates why the requested authorization to prescribe or dispense a medication has been refused.","compose":{"include":[{"system":"http://terminology.hl7.org/CodeSystem/v3-ActReason","filter":[{"property":"concept","op":"is-a","value":"_SubstanceAdministrationPermissionRefusalReasonCode"}]}]}}