{"resourceType":"ValueSet","id":"v3-ActClassAccount","language":"en","text":{"status":"generated","div":"<div xml:lang=\"en\" xmlns=\"http://www.w3.org/1999/xhtml\" lang=\"en\"><ul><li>Include codes from <a href=\"CodeSystem-v3-ActClass.html\"><code>http://terminology.hl7.org/CodeSystem/v3-ActClass</code></a> where concept  is-a  <a href=\"CodeSystem-v3-ActClass.html#v3-ActClass-ACCT\">ACCT</a></li></ul></div>"},"url":"http://terminology.hl7.org/ValueSet/v3-ActClassAccount","identifier":[{"system":"urn:ietf:rfc:3986","value":"urn:oid:2.16.840.1.113883.1.11.20194"}],"version":"2.0.0","name":"ActClassAccount","title":"ActClassAccount","status":"active","experimental":false,"date":"2014-03-26","description":"A financial account established to track the net result of financial acts.","immutable":true,"compose":{"include":[{"system":"http://terminology.hl7.org/CodeSystem/v3-ActClass","filter":[{"property":"concept","op":"is-a","value":"ACCT"}]}]}}