{"resourceType":"ValueSet","id":"POAIndicators","text":{"status":"extensions","div":"<div xmlns=\"http://www.w3.org/1999/xhtml\"><p>This value set includes codes based on the following rules:</p><ul><li>Include all codes defined in <a href=\"CodeSystem-presentOnAdmission.html\"><code>https://www.cms.gov/Medicare/Medicare-Fee-for-Service-Payment/HospitalAcqCond/Coding</code></a></li></ul><p>This value set excludes codes based on the following rules:</p><ul><li>Exclude these codes as defined in <a href=\"CodeSystem-presentOnAdmission.html\"><code>https://www.cms.gov/Medicare/Medicare-Fee-for-Service-Payment/HospitalAcqCond/Coding</code></a><table class=\"none\"><tr><td style=\"white-space:nowrap\"><b>Code</b></td><td><b>Display</b></td><td><b>Definition</b></td></tr><tr><td><a href=\"CodeSystem-presentOnAdmission.html#presentOnAdmission-1\">1</a></td><td/><td>Unreported/Not used.  Exempt from POA reporting.  This code is equivalent to a blank on the UB-04, however; it was determined that blanks are undesirable when submitting this data via the 4010A. CMS will not pay the CC/MCC DRG for those selected HACs that are coded as &quot;1&quot; for the POA Indicator. The “1” POA Indicator should not be applied to any codes on the HAC list.  For a complete list of codes on the POA exempt list, see  the Official Coding Guidelines for ICD-10-CM.</td></tr></table></li></ul></div>"},"extension":[{"url":"http://hl7.org/fhir/StructureDefinition/valueset-steward","valueContactDetail":{"name":"HL7 Clinical Quality Information Work Group"}}],"url":"http://terminology.hl7.org/ValueSet/POAIndicators","version":"1.0.0","name":"PresentOnAdmissionIndicators","title":"Present on Admission Indicators","status":"active","experimental":false,"date":"2019-08-26T00:00:00.000-04:00","publisher":"HL7 International","description":"Concepts that describe whether a condition is present when a patient is admitted to a healthcare facility. ","jurisdiction":[{"coding":[{"system":"urn:iso:std:iso:3166","code":"US"}]}],"compose":{"include":[{"system":"https://www.cms.gov/Medicare/Medicare-Fee-for-Service-Payment/HospitalAcqCond/Coding"}],"exclude":[{"system":"https://www.cms.gov/Medicare/Medicare-Fee-for-Service-Payment/HospitalAcqCond/Coding","concept":[{"code":"1"}]}]}}