{"resourceType":"ValueSet","id":"v3-GregorianCalendarCycle","language":"en","text":{"status":"generated","div":"<div xml:lang=\"en\" xmlns=\"http://www.w3.org/1999/xhtml\" lang=\"en\"><p>This value set includes codes based on the following rules:</p><ul><li>Include codes from <a href=\"CodeSystem-v3-CalendarCycle.html\"><code>http://terminology.hl7.org/CodeSystem/v3-CalendarCycle</code></a> where concept  is-a  <a href=\"CodeSystem-v3-CalendarCycle.html#v3-CalendarCycle-_GregorianCalendarCycle\">_GregorianCalendarCycle</a></li></ul><p>This value set excludes codes based on the following rules:</p><ul><li>Exclude these codes as defined in <a href=\"CodeSystem-v3-CalendarCycle.html\"><code>http://terminology.hl7.org/CodeSystem/v3-CalendarCycle</code></a><table class=\"none\"><tr><td style=\"white-space:nowrap\"><b>Code</b></td><td><b>Display</b></td></tr><tr><td><a href=\"CodeSystem-v3-CalendarCycle.html#v3-CalendarCycle-_GregorianCalendarCycle\">_GregorianCalendarCycle</a></td><td>GregorianCalendarCycle</td></tr></table></li></ul></div>"},"url":"http://terminology.hl7.org/ValueSet/v3-GregorianCalendarCycle","identifier":[{"system":"urn:ietf:rfc:3986","value":"urn:oid:2.16.840.1.113883.1.11.10758"}],"version":"2.0.0","name":"GregorianCalendarCycle","title":"GregorianCalendarCycle","status":"active","experimental":false,"date":"2014-03-26","description":"***No description***","compose":{"include":[{"system":"http://terminology.hl7.org/CodeSystem/v3-CalendarCycle","filter":[{"property":"concept","op":"is-a","value":"_GregorianCalendarCycle"}]}],"exclude":[{"system":"http://terminology.hl7.org/CodeSystem/v3-CalendarCycle","concept":[{"code":"_GregorianCalendarCycle"}]}]}}