{"resourceType":"ValueSet","id":"v3-LanguageAbilityProficiency","language":"en","text":{"status":"generated","div":"<div xml:lang=\"en\" xmlns=\"http://www.w3.org/1999/xhtml\" lang=\"en\"><ul><li>Include all codes defined in <a href=\"CodeSystem-v3-LanguageAbilityProficiency.html\"><code>http://terminology.hl7.org/CodeSystem/v3-LanguageAbilityProficiency</code></a></li></ul></div>"},"url":"http://terminology.hl7.org/ValueSet/v3-LanguageAbilityProficiency","identifier":[{"system":"urn:ietf:rfc:3986","value":"urn:oid:2.16.840.1.113883.1.11.12199"}],"version":"2.0.0","name":"LanguageAbilityProficiency","title":"LanguageAbilityProficiency","status":"active","experimental":false,"date":"2014-03-26","description":"A value representing the level of proficiency in a language.\r\n\r\n*Example:*Excellent, good, fair, poor.","compose":{"include":[{"system":"http://terminology.hl7.org/CodeSystem/v3-LanguageAbilityProficiency"}]}}