{"resourceType":"ValueSet","id":"v3-ActClassBattery","language":"en","text":{"status":"generated","div":"<div xml:lang=\"en\" xmlns=\"http://www.w3.org/1999/xhtml\" lang=\"en\"><ul><li>Include codes from <a href=\"CodeSystem-v3-ActClass.html\"><code>http://terminology.hl7.org/CodeSystem/v3-ActClass</code></a> where concept  is-a  <a href=\"CodeSystem-v3-ActClass.html#v3-ActClass-BATTERY\">BATTERY</a></li></ul></div>"},"url":"http://terminology.hl7.org/ValueSet/v3-ActClassBattery","identifier":[{"system":"urn:ietf:rfc:3986","value":"urn:oid:2.16.840.1.113883.1.11.20200"}],"version":"2.0.0","name":"ActClassBattery","title":"ActClassBattery","status":"active","experimental":false,"date":"2014-03-26","description":"**Description:**A battery specifies a set of observations. These observations typically have a logical or practical grouping for generally accepted clinical or functional purposes, such as observations that are run together because of automation. A battery can define required and optional components and, in some cases, will define complex rules that determine whether or not a particular observation is made.\r\n\r\n**Examples:** \"Blood pressure\", \"Full blood count\", \"Chemistry panel\".","immutable":true,"compose":{"include":[{"system":"http://terminology.hl7.org/CodeSystem/v3-ActClass","filter":[{"property":"concept","op":"is-a","value":"BATTERY"}]}]}}