{"resourceType":"ValueSet","id":"v3-SeverityObservation","language":"en","text":{"status":"extensions","div":"<div xml:lang=\"en\" xmlns=\"http://www.w3.org/1999/xhtml\" lang=\"en\"><p>This value set includes codes based on the following rules:</p><ul><li>Include codes from <a href=\"CodeSystem-v3-ObservationValue.html\"><code>http://terminology.hl7.org/CodeSystem/v3-ObservationValue</code></a> where concept  is-a  <a href=\"CodeSystem-v3-ObservationValue.html#v3-ObservationValue-_SeverityObservation\">_SeverityObservation</a></li></ul><p>This value set excludes codes based on the following rules:</p><ul><li>Exclude these codes as defined in <a href=\"CodeSystem-v3-ObservationValue.html\"><code>http://terminology.hl7.org/CodeSystem/v3-ObservationValue</code></a><table class=\"none\"><tr><td style=\"white-space:nowrap\"><b>Code</b></td><td><b>Display</b></td><td><b>Definition</b></td></tr><tr><td><a href=\"CodeSystem-v3-ObservationValue.html#v3-ObservationValue-_SeverityObservation\">_SeverityObservation</a></td><td>SeverityObservation</td><td>Potential values for observations of severity.</td></tr></table></li></ul></div>"},"url":"http://terminology.hl7.org/ValueSet/v3-SeverityObservation","identifier":[{"system":"urn:ietf:rfc:3986","value":"urn:oid:2.16.840.1.113883.1.11.16643"}],"version":"2.0.0","name":"SeverityObservation","title":"SeverityObservation","status":"active","experimental":false,"date":"2014-03-26","description":"Potential values for observations of severity.","compose":{"include":[{"system":"http://terminology.hl7.org/CodeSystem/v3-ObservationValue","filter":[{"property":"concept","op":"is-a","value":"_SeverityObservation"}]}],"exclude":[{"system":"http://terminology.hl7.org/CodeSystem/v3-ObservationValue","concept":[{"code":"_SeverityObservation"}]}]}}