{"resourceType":"ValueSet","id":"v3-LivingSubjectProductionClass","language":"en","text":{"status":"extensions","div":"<div xml:lang=\"en\" xmlns=\"http://www.w3.org/1999/xhtml\" lang=\"en\"><p>This value set includes codes based on the following rules:</p><ul><li>Include codes from <a href=\"CodeSystem-v3-RoleCode.html\"><code>http://terminology.hl7.org/CodeSystem/v3-RoleCode</code></a> where concept  is-a  <a href=\"CodeSystem-v3-RoleCode.html#v3-RoleCode-_LivingSubjectProductionClass\">_LivingSubjectProductionClass</a></li></ul><p>This value set excludes codes based on the following rules:</p><ul><li>Exclude these codes as defined in <a href=\"CodeSystem-v3-RoleCode.html\"><code>http://terminology.hl7.org/CodeSystem/v3-RoleCode</code></a><table class=\"none\"><tr><td style=\"white-space:nowrap\"><b>Code</b></td><td><b>Display</b></td><td><b>Definition</b></td></tr><tr><td><a href=\"CodeSystem-v3-RoleCode.html#v3-RoleCode-_LivingSubjectProductionClass\">_LivingSubjectProductionClass</a></td><td>LivingSubjectProductionClass</td><td>Code indicating the primary use for which a living subject is bred or grown</td></tr></table></li></ul></div>"},"url":"http://terminology.hl7.org/ValueSet/v3-LivingSubjectProductionClass","identifier":[{"system":"urn:ietf:rfc:3986","value":"urn:oid:2.16.840.1.113883.1.11.16368"}],"version":"2.0.0","name":"LivingSubjectProductionClass","title":"LivingSubjectProductionClass","status":"active","experimental":false,"date":"2014-03-26","description":"Code indicating the primary use for which a living subject is bred or grown","compose":{"include":[{"system":"http://terminology.hl7.org/CodeSystem/v3-RoleCode","filter":[{"property":"concept","op":"is-a","value":"_LivingSubjectProductionClass"}]}],"exclude":[{"system":"http://terminology.hl7.org/CodeSystem/v3-RoleCode","concept":[{"code":"_LivingSubjectProductionClass"}]}]}}