{"resourceType":"ValueSet","id":"v3-UnorderedListStyle","language":"en","text":{"status":"generated","div":"<div xml:lang=\"en\" xmlns=\"http://www.w3.org/1999/xhtml\" lang=\"en\"><ul><li>Include codes from <a href=\"CodeSystem-v3-styleType.html\"><code>http://terminology.hl7.org/CodeSystem/v3-styleType</code></a> where concept  is-a  <a href=\"CodeSystem-v3-styleType.html#v3-styleType-_UnorderedListStyle\">_UnorderedListStyle</a></li></ul></div>"},"url":"http://terminology.hl7.org/ValueSet/v3-UnorderedListStyle","identifier":[{"system":"urn:ietf:rfc:3986","value":"urn:oid:2.16.840.1.113883.1.11.19607"}],"version":"2.0.0","name":"UnorderedListStyle","title":"UnorderedListStyle","status":"active","experimental":false,"date":"2014-03-26","description":"Defines rendering characteristics for unordered lists","compose":{"include":[{"system":"http://terminology.hl7.org/CodeSystem/v3-styleType","filter":[{"property":"concept","op":"is-a","value":"_UnorderedListStyle"}]}]}}