{"resourceType":"ValueSet","id":"v3-ActMoodCriterion","language":"en","text":{"status":"generated","div":"<div xml:lang=\"en\" xmlns=\"http://www.w3.org/1999/xhtml\" lang=\"en\"><ul><li>Include codes from <a href=\"CodeSystem-v3-ActMood.html\"><code>http://terminology.hl7.org/CodeSystem/v3-ActMood</code></a> where concept  is-a  <a href=\"CodeSystem-v3-ActMood.html#v3-ActMood-CRT\">CRT</a></li></ul></div>"},"url":"http://terminology.hl7.org/ValueSet/v3-ActMoodCriterion","identifier":[{"system":"urn:ietf:rfc:3986","value":"urn:oid:2.16.840.1.113883.1.11.19835"}],"version":"2.0.0","name":"ActMoodCriterion","title":"ActMoodCriterion","status":"active","experimental":false,"date":"2014-03-26","description":"A criterion or condition over actual and potential services that must apply for an associated service to be considered. Matches records any ActMoodCompletionTrack moods.","immutable":true,"compose":{"include":[{"system":"http://terminology.hl7.org/CodeSystem/v3-ActMood","filter":[{"property":"concept","op":"is-a","value":"CRT"}]}]}}