{"resourceType":"ValueSet","id":"v3-RaceAmericanIndianNorthwestTribes","language":"en","text":{"status":"generated","div":"<div xml:lang=\"en\" xmlns=\"http://www.w3.org/1999/xhtml\" lang=\"en\"><ul><li>Include codes from <a href=\"CodeSystem-v3-Race.html\"><code>http://terminology.hl7.org/CodeSystem/v3-Race</code></a> where concept  is-a  <a href=\"CodeSystem-v3-Race.html#v3-Race-1391-2\">1391-2</a></li></ul></div>"},"url":"http://terminology.hl7.org/ValueSet/v3-RaceAmericanIndianNorthwestTribes","identifier":[{"system":"urn:ietf:rfc:3986","value":"urn:oid:2.16.840.1.113883.1.11.15200"}],"version":"2.0.0","name":"RaceAmericanIndianNorthwestTribes","title":"RaceAmericanIndianNorthwestTribes","status":"active","experimental":false,"date":"2014-03-26","description":"***No description***","compose":{"include":[{"system":"http://terminology.hl7.org/CodeSystem/v3-Race","filter":[{"property":"concept","op":"is-a","value":"1391-2"}]}]}}