{"resourceType":"ValueSet","id":"v3-ReactivityObservationInterpretation","language":"en","text":{"status":"generated","div":"<div xml:lang=\"en\" xmlns=\"http://www.w3.org/1999/xhtml\" lang=\"en\"><ul><li>Include codes from <a href=\"CodeSystem-v3-ObservationInterpretation.html\"><code>http://terminology.hl7.org/CodeSystem/v3-ObservationInterpretation</code></a> where concept  is-a  <a href=\"CodeSystem-v3-ObservationInterpretation.html#v3-ObservationInterpretation-ReactivityObservationInterpretation\">ReactivityObservationInterpretation</a></li></ul></div>"},"url":"http://terminology.hl7.org/ValueSet/v3-ReactivityObservationInterpretation","identifier":[{"system":"urn:ietf:rfc:3986","value":"urn:oid:2.16.840.1.113883.1.11.20477"}],"version":"2.0.0","name":"ReactivityObservationInterpretation","title":"ReactivityObservationInterpretation","status":"active","experimental":false,"date":"2014-03-26","description":"Interpretations of the presence and level of reactivity of the specified component / analyte with the reagent in the performed laboratory test.","compose":{"include":[{"system":"http://terminology.hl7.org/CodeSystem/v3-ObservationInterpretation","filter":[{"property":"concept","op":"is-a","value":"ReactivityObservationInterpretation"}]}]}}