{"resourceType":"ValueSet","id":"v3-ActClassSpecimenObservation","language":"en","text":{"status":"generated","div":"<div xml:lang=\"en\" xmlns=\"http://www.w3.org/1999/xhtml\" lang=\"en\"><ul><li>Include codes from <a href=\"CodeSystem-v3-ActClass.html\"><code>http://terminology.hl7.org/CodeSystem/v3-ActClass</code></a> where concept  is-a  <a href=\"CodeSystem-v3-ActClass.html#v3-ActClass-SPCOBS\">SPCOBS</a></li></ul></div>"},"url":"http://terminology.hl7.org/ValueSet/v3-ActClassSpecimenObservation","identifier":[{"system":"urn:ietf:rfc:3986","value":"urn:oid:2.16.840.1.113883.1.11.20251"}],"version":"2.0.0","name":"ActClassSpecimenObservation","title":"ActClassSpecimenObservation","status":"active","experimental":false,"date":"2014-03-26","description":"An observation on a specimen in a laboratory environment that may affect processing, analysis or result interpretation","immutable":true,"compose":{"include":[{"system":"http://terminology.hl7.org/CodeSystem/v3-ActClass","filter":[{"property":"concept","op":"is-a","value":"SPCOBS"}]}]}}