{"resourceType":"ValueSet","id":"v3-PersonDisabilityType","language":"en","text":{"status":"extensions","div":"<div xml:lang=\"en\" xmlns=\"http://www.w3.org/1999/xhtml\" lang=\"en\"><p>This value set includes codes based on the following rules:</p><ul><li>Include these codes as defined in <a href=\"CodeSystem-v3-PersonDisabilityType.html\"><code>http://terminology.hl7.org/CodeSystem/v3-PersonDisabilityType</code></a><table class=\"none\"><tr><td style=\"white-space:nowrap\"><b>Code</b></td><td><b>Display</b></td><td><b>Definition</b></td></tr><tr><td><a href=\"CodeSystem-v3-PersonDisabilityType.html#v3-PersonDisabilityType-1\">1</a></td><td>Vision impaired</td><td>Vision impaired</td></tr><tr><td><a href=\"CodeSystem-v3-PersonDisabilityType.html#v3-PersonDisabilityType-2\">2</a></td><td>Hearing impaired</td><td>Hearing impaired</td></tr><tr><td><a href=\"CodeSystem-v3-PersonDisabilityType.html#v3-PersonDisabilityType-3\">3</a></td><td>Speech impaired</td><td>Speech impaired</td></tr><tr><td><a href=\"CodeSystem-v3-PersonDisabilityType.html#v3-PersonDisabilityType-4\">4</a></td><td>Mentally impaired</td><td>Mentally impaired</td></tr></table></li><li>Import all the codes that are contained in <a href=\"ValueSet-v3-MobilityImpaired.html\">http://terminology.hl7.org/ValueSet/v3-MobilityImpaired</a></li></ul></div>"},"url":"http://terminology.hl7.org/ValueSet/v3-PersonDisabilityType","identifier":[{"system":"urn:ietf:rfc:3986","value":"urn:oid:2.16.840.1.113883.1.11.295"}],"version":"2.0.0","name":"PersonDisabilityType","title":"PersonDisabilityType","status":"active","experimental":false,"date":"2014-03-26","description":"A code identifying a person's disability.","compose":{"include":[{"system":"http://terminology.hl7.org/CodeSystem/v3-PersonDisabilityType","concept":[{"code":"1"},{"code":"2"},{"code":"3"},{"code":"4"}]},{"valueSet":["http://terminology.hl7.org/ValueSet/v3-MobilityImpaired"]}]}}