{"resourceType":"ValueSet","id":"v3-ActPriority","language":"en","text":{"status":"extensions","div":"<div xml:lang=\"en\" xmlns=\"http://www.w3.org/1999/xhtml\" lang=\"en\"><p>This value set includes codes based on the following rules:</p><ul><li>Include these codes as defined in <a href=\"CodeSystem-v3-ActPriority.html\"><code>http://terminology.hl7.org/CodeSystem/v3-ActPriority</code></a><table class=\"none\"><tr><td style=\"white-space:nowrap\"><b>Code</b></td><td><b>Display</b></td><td><b>Definition</b></td></tr><tr><td><a href=\"CodeSystem-v3-ActPriority.html#v3-ActPriority-A\">A</a></td><td>ASAP</td><td>As soon as possible, next highest priority after stat.</td></tr><tr><td><a href=\"CodeSystem-v3-ActPriority.html#v3-ActPriority-CR\">CR</a></td><td>callback results</td><td>Filler should contact the placer as soon as results are available, even for preliminary results. (Was &quot;C&quot; in HL7 version 2.3's reporting priority.)</td></tr><tr><td><a href=\"CodeSystem-v3-ActPriority.html#v3-ActPriority-EL\">EL</a></td><td>elective</td><td>Beneficial to the patient but not essential for survival.</td></tr><tr><td><a href=\"CodeSystem-v3-ActPriority.html#v3-ActPriority-EM\">EM</a></td><td>emergency</td><td>An unforeseen combination of circumstances or the resulting state that calls for immediate action.</td></tr><tr><td><a href=\"CodeSystem-v3-ActPriority.html#v3-ActPriority-P\">P</a></td><td>preop</td><td>Used to indicate that a service is to be performed prior to a scheduled surgery. When ordering a service and using the pre-op priority, a check is done to see the amount of time that must be allowed for performance of the service. When the order is placed, a message can be generated indicating the time needed for the service so that it is not ordered in conflict with a scheduled operation.</td></tr><tr><td><a href=\"CodeSystem-v3-ActPriority.html#v3-ActPriority-PRN\">PRN</a></td><td>as needed</td><td>An &quot;as needed&quot; order should be accompanied by a description of what constitutes a need. This description is represented by an observation service predicate as a precondition.</td></tr><tr><td><a href=\"CodeSystem-v3-ActPriority.html#v3-ActPriority-R\">R</a></td><td>routine</td><td>Routine service, do at usual work hours.</td></tr><tr><td><a href=\"CodeSystem-v3-ActPriority.html#v3-ActPriority-RR\">RR</a></td><td>rush reporting</td><td>A report should be prepared and sent as quickly as possible.</td></tr><tr><td><a href=\"CodeSystem-v3-ActPriority.html#v3-ActPriority-S\">S</a></td><td>stat</td><td>With highest priority (e.g., emergency).</td></tr><tr><td><a href=\"CodeSystem-v3-ActPriority.html#v3-ActPriority-T\">T</a></td><td>timing critical</td><td>It is critical to come as close as possible to the requested time (e.g., for a through antimicrobial level).</td></tr><tr><td><a href=\"CodeSystem-v3-ActPriority.html#v3-ActPriority-UD\">UD</a></td><td>use as directed</td><td>Drug is to be used as directed by the prescriber.</td></tr><tr><td><a href=\"CodeSystem-v3-ActPriority.html#v3-ActPriority-UR\">UR</a></td><td>urgent</td><td>Calls for prompt action.</td></tr></table></li><li>Import all the codes that are contained in <a href=\"ValueSet-v3-ActPriorityCallback.html\">http://terminology.hl7.org/ValueSet/v3-ActPriorityCallback</a></li><li>Import all the codes that are contained in <a href=\"ValueSet-v3-xEncounterAdmissionUrgency.html\">http://terminology.hl7.org/ValueSet/v3-xEncounterAdmissionUrgency</a></li></ul></div>"},"url":"http://terminology.hl7.org/ValueSet/v3-ActPriority","identifier":[{"system":"urn:ietf:rfc:3986","value":"urn:oid:2.16.840.1.113883.1.11.16866"}],"version":"2.0.0","name":"ActPriority","title":"ActPriority","status":"active","experimental":false,"date":"2014-03-26","description":"A code or set of codes (e.g., for routine, emergency,) specifying the urgency under which the Act happened, can happen, is happening, is intended to happen, or is requested/demanded to happen.\r\n\r\n*Discussion:* This attribute is used in orders to indicate the ordered priority, and in event documentation it indicates the actual priority used to perform the act. In definition mood it indicates the available priorities.","compose":{"include":[{"system":"http://terminology.hl7.org/CodeSystem/v3-ActPriority","concept":[{"code":"A"},{"code":"CR"},{"code":"EL"},{"code":"EM"},{"code":"P"},{"code":"PRN"},{"code":"R"},{"code":"RR"},{"code":"S"},{"code":"T"},{"code":"UD"},{"code":"UR"}]},{"valueSet":["http://terminology.hl7.org/ValueSet/v3-ActPriorityCallback"]},{"valueSet":["http://terminology.hl7.org/ValueSet/v3-xEncounterAdmissionUrgency"]}]}}