{"resourceType":"ValueSet","id":"v3-xAdverseEventCausalityAssessmentMethods","language":"en","text":{"status":"extensions","div":"<div xml:lang=\"en\" xmlns=\"http://www.w3.org/1999/xhtml\" lang=\"en\"><ul><li>Include these codes as defined in <a href=\"CodeSystem-v3-ObservationMethod.html\"><code>http://terminology.hl7.org/CodeSystem/v3-ObservationMethod</code></a><table class=\"none\"><tr><td style=\"white-space:nowrap\"><b>Code</b></td><td><b>Display</b></td><td><b>Definition</b></td></tr><tr><td><a href=\"CodeSystem-v3-ObservationMethod.html#v3-ObservationMethod-ALGM\">ALGM</a></td><td>algorithm</td><td>Reaching a decision through the application of an algorithm designed to weigh the different factors involved.</td></tr><tr><td><a href=\"CodeSystem-v3-ObservationMethod.html#v3-ObservationMethod-BYCL\">BYCL</a></td><td>bayesian calculation</td><td>Reaching a decision through the use of Bayesian statistical analysis.</td></tr><tr><td><a href=\"CodeSystem-v3-ObservationMethod.html#v3-ObservationMethod-GINT\">GINT</a></td><td>global introspection</td><td>Reaching a decision by consideration of the totality of factors involved in order to reach a judgement.</td></tr></table></li></ul></div>"},"url":"http://terminology.hl7.org/ValueSet/v3-xAdverseEventCausalityAssessmentMethods","identifier":[{"system":"urn:ietf:rfc:3986","value":"urn:oid:2.16.840.1.113883.1.11.19380"}],"version":"2.0.0","name":"XAdverseEventCausalityAssessmentMethods","title":"x_AdverseEventCausalityAssessmentMethods","status":"active","experimental":false,"date":"2014-03-26","description":"Value set provides methods used to assess the causality of adverse events. New codes should not be added to the domain without first checking with its steward - the Regulated Clinical Research Information Management (RCRIM) technical committee.","compose":{"include":[{"system":"http://terminology.hl7.org/CodeSystem/v3-ObservationMethod","concept":[{"code":"ALGM"},{"code":"BYCL"},{"code":"GINT"}]}]}}