{"resourceType":"ValueSet","id":"v3-xPhoneOrEmailURLScheme","language":"en","text":{"status":"extensions","div":"<div xml:lang=\"en\" xmlns=\"http://www.w3.org/1999/xhtml\" lang=\"en\"><ul><li>Include these codes as defined in <a href=\"CodeSystem-v3-URLScheme.html\"><code>http://terminology.hl7.org/CodeSystem/v3-URLScheme</code></a><table class=\"none\"><tr><td style=\"white-space:nowrap\"><b>Code</b></td><td><b>Display</b></td><td><b>Definition</b></td></tr><tr><td><a href=\"CodeSystem-v3-URLScheme.html#v3-URLScheme-fax\">fax</a></td><td>Fax</td><td>A telephone number served by a fax device \\[http://www.ietf.org/rfc/rfc3966.txt and http://www.ietf.org/rfc/rfc2806.txt\\].</td></tr><tr><td><a href=\"CodeSystem-v3-URLScheme.html#v3-URLScheme-mailto\">mailto</a></td><td>Mailto</td><td>Electronic mail address \\[RFC 2368\\]<br/><br/>http://www.ietf.org/rfc/rfc2368.txt</td></tr><tr><td><a href=\"CodeSystem-v3-URLScheme.html#v3-URLScheme-tel\">tel</a></td><td>Telephone</td><td>A voice telephone number \\[http://www.ietf.org/rfc/rfc3966.txt and http://www.ietf.org/rfc/rfc2806.txt\\].</td></tr></table></li></ul></div>"},"url":"http://terminology.hl7.org/ValueSet/v3-xPhoneOrEmailURLScheme","identifier":[{"system":"urn:ietf:rfc:3986","value":"urn:oid:2.16.840.1.113883.1.11.19741"}],"version":"2.0.0","name":"XPhoneOrEmailURLScheme","title":"x_PhoneOrEmailURLScheme","status":"active","experimental":false,"date":"2014-03-26","description":"Restricts scheme to e-mail or phone numbers at which a human can be reached","compose":{"include":[{"system":"http://terminology.hl7.org/CodeSystem/v3-URLScheme","concept":[{"code":"fax"},{"code":"mailto"},{"code":"tel"}]}]}}