{"resourceType":"ValueSet","id":"v3-ActMoodPotential","language":"en","text":{"status":"generated","div":"<div xml:lang=\"en\" xmlns=\"http://www.w3.org/1999/xhtml\" lang=\"en\"><ul><li>Include codes from <a href=\"CodeSystem-v3-ActMood.html\"><code>http://terminology.hl7.org/CodeSystem/v3-ActMood</code></a> where concept  is-a  <a href=\"CodeSystem-v3-ActMood.html#v3-ActMood-_ActMoodPotential\">_ActMoodPotential</a></li></ul></div>"},"url":"http://terminology.hl7.org/ValueSet/v3-ActMoodPotential","identifier":[{"system":"urn:ietf:rfc:3986","value":"urn:oid:2.16.840.1.113883.1.11.20381"}],"version":"2.0.0","name":"ActMoodPotential","title":"ActMoodPotential","status":"active","experimental":false,"date":"2014-03-26","description":"***No description***","immutable":true,"compose":{"include":[{"system":"http://terminology.hl7.org/CodeSystem/v3-ActMood","filter":[{"property":"concept","op":"is-a","value":"_ActMoodPotential"}]}]}}