{"resourceType":"ValueSet","id":"v3-USEncounterDischargeDisposition","language":"en","text":{"status":"generated","div":"<div xml:lang=\"en\" xmlns=\"http://www.w3.org/1999/xhtml\" lang=\"en\"><ul><li>Include all codes defined in <a href=\"CodeSystem-nubc-UB92.html\"><code>http://terminology.hl7.org/CodeSystem/nubc-UB92</code></a></li></ul></div>"},"url":"http://terminology.hl7.org/ValueSet/v3-USEncounterDischargeDisposition","identifier":[{"system":"urn:ietf:rfc:3986","value":"urn:oid:2.16.840.1.113883.1.11.19453"}],"version":"2.0.0","name":"USEncounterDischargeDisposition","title":"USEncounterDischargeDisposition","status":"active","experimental":false,"date":"2014-03-26","description":"***No description***","compose":{"include":[{"system":"http://terminology.hl7.org/CodeSystem/nubc-UB92"}]}}