{"resourceType":"ValueSet","id":"v3-ModelMediaType","language":"en","text":{"status":"generated","div":"<div xml:lang=\"en\" xmlns=\"http://www.w3.org/1999/xhtml\" lang=\"en\"><ul><li>Include codes from <a href=\"CodeSystem-v3-mediaType.html\"><code>http://terminology.hl7.org/CodeSystem/v3-mediaType</code></a> where concept  descends from  <a href=\"CodeSystem-v3-mediaType.html#v3-mediaType-model\">model</a></li></ul></div>"},"url":"http://terminology.hl7.org/ValueSet/v3-ModelMediaType","identifier":[{"system":"urn:ietf:rfc:3986","value":"urn:oid:2.16.840.1.113883.1.11.14848"}],"version":"2.0.0","name":"ModelMediaType","title":"ModelMediaType","status":"active","experimental":false,"date":"2014-03-26","description":"Model media type.","compose":{"include":[{"system":"http://terminology.hl7.org/CodeSystem/v3-mediaType","filter":[{"property":"concept","op":"descendent-of","value":"model"}]}]}}