{"resourceType":"ValueSet","id":"v3-RoleLinkIdentification","language":"en","text":{"status":"generated","div":"<div xml:lang=\"en\" xmlns=\"http://www.w3.org/1999/xhtml\" lang=\"en\"><ul><li>Include codes from <a href=\"CodeSystem-v3-RoleLinkType.html\"><code>http://terminology.hl7.org/CodeSystem/v3-RoleLinkType</code></a> where concept  is-a  <a href=\"CodeSystem-v3-RoleLinkType.html#v3-RoleLinkType-IDENT\">IDENT</a></li></ul></div>"},"url":"http://terminology.hl7.org/ValueSet/v3-RoleLinkIdentification","identifier":[{"system":"urn:ietf:rfc:3986","value":"urn:oid:2.16.840.1.113883.1.11.20183"}],"version":"2.0.0","name":"RoleLinkIdentification","title":"RoleLinkIdentification","status":"active","experimental":false,"date":"2014-03-26","description":"**Definition:** The source role provides identification for the target role. The source role must be IDENT. The player entity of the source role is constrained to be the same as the player of the target role if present. If the player is absent from the source role, then it is assumed to be the same as the player of the target role.","immutable":true,"compose":{"include":[{"system":"http://terminology.hl7.org/CodeSystem/v3-RoleLinkType","filter":[{"property":"concept","op":"is-a","value":"IDENT"}]}]}}