{"resourceType":"ValueSet","id":"v3-ProcessingID","language":"en","text":{"status":"generated","div":"<div xml:lang=\"en\" xmlns=\"http://www.w3.org/1999/xhtml\" lang=\"en\"><ul><li>Include all codes defined in <a href=\"CodeSystem-v3-ProcessingID.html\"><code>http://terminology.hl7.org/CodeSystem/v3-ProcessingID</code></a></li></ul></div>"},"url":"http://terminology.hl7.org/ValueSet/v3-ProcessingID","identifier":[{"system":"urn:ietf:rfc:3986","value":"urn:oid:2.16.840.1.113883.1.11.103"}],"version":"2.0.0","name":"ProcessingID","title":"ProcessingID","status":"active","experimental":false,"date":"2014-03-26","description":"This attribute defines whether the message is part of a production, training, or debugging system.","compose":{"include":[{"system":"http://terminology.hl7.org/CodeSystem/v3-ProcessingID"}]}}