{"resourceType":"ValueSet","id":"v3-RoleClassLocatedEntity","language":"en","text":{"status":"generated","div":"<div xml:lang=\"en\" xmlns=\"http://www.w3.org/1999/xhtml\" lang=\"en\"><ul><li>Include codes from <a href=\"CodeSystem-v3-RoleClass.html\"><code>http://terminology.hl7.org/CodeSystem/v3-RoleClass</code></a> where concept  is-a  <a href=\"CodeSystem-v3-RoleClass.html#v3-RoleClass-LOCE\">LOCE</a></li></ul></div>"},"url":"http://terminology.hl7.org/ValueSet/v3-RoleClassLocatedEntity","identifier":[{"system":"urn:ietf:rfc:3986","value":"urn:oid:2.16.840.1.113883.1.11.16815"}],"version":"2.0.0","name":"RoleClassLocatedEntity","title":"RoleClassLocatedEntity","status":"active","experimental":false,"date":"2014-03-26","description":"Relates an entity (player) to a location (scoper) at which it is present in some way. This presence may be limited in time.","immutable":true,"compose":{"include":[{"system":"http://terminology.hl7.org/CodeSystem/v3-RoleClass","filter":[{"property":"concept","op":"is-a","value":"LOCE"}]}]}}