{"resourceType":"ValueSet","id":"v3-StatusRevisionRefusalReasonCode","language":"en","text":{"status":"generated","div":"<div xml:lang=\"en\" xmlns=\"http://www.w3.org/1999/xhtml\" lang=\"en\"><ul><li>Include codes from <a href=\"CodeSystem-v3-ActReason.html\"><code>http://terminology.hl7.org/CodeSystem/v3-ActReason</code></a> where concept  is-a  <a href=\"CodeSystem-v3-ActReason.html#v3-ActReason-_StatusRevisionRefusalReasonCode\">_StatusRevisionRefusalReasonCode</a></li></ul></div>"},"url":"http://terminology.hl7.org/ValueSet/v3-StatusRevisionRefusalReasonCode","identifier":[{"system":"urn:ietf:rfc:3986","value":"urn:oid:2.16.840.1.113883.1.11.20363"}],"version":"2.0.0","name":"StatusRevisionRefusalReasonCode","title":"StatusRevisionRefusalReasonCode","status":"active","experimental":false,"date":"2014-03-26","description":"Indicates why the act revision (status update) is being refused.","compose":{"include":[{"system":"http://terminology.hl7.org/CodeSystem/v3-ActReason","filter":[{"property":"concept","op":"is-a","value":"_StatusRevisionRefusalReasonCode"}]}]}}