{"resourceType":"ValueSet","id":"v3-ActRelationshipJoinWait","language":"en","text":{"status":"generated","div":"<div xml:lang=\"en\" xmlns=\"http://www.w3.org/1999/xhtml\" lang=\"en\"><ul><li>Include codes from <a href=\"CodeSystem-v3-ActRelationshipJoin.html\"><code>http://terminology.hl7.org/CodeSystem/v3-ActRelationshipJoin</code></a> where concept  is-a  <a href=\"CodeSystem-v3-ActRelationshipJoin.html#v3-ActRelationshipJoin-W\">W</a></li></ul></div>"},"url":"http://terminology.hl7.org/ValueSet/v3-ActRelationshipJoinWait","identifier":[{"system":"urn:ietf:rfc:3986","value":"urn:oid:2.16.840.1.113883.1.11.19957"}],"version":"2.0.0","name":"ActRelationshipJoinWait","title":"ActRelationshipJoinWait","status":"active","experimental":false,"date":"2014-03-26","description":"Wait for this branch to terminate.","immutable":true,"compose":{"include":[{"system":"http://terminology.hl7.org/CodeSystem/v3-ActRelationshipJoin","filter":[{"property":"concept","op":"is-a","value":"W"}]}]}}