{"resourceType":"ValueSet","id":"v3-RoleStatusActive","language":"en","text":{"status":"generated","div":"<div xml:lang=\"en\" xmlns=\"http://www.w3.org/1999/xhtml\" lang=\"en\"><ul><li>Include codes from <a href=\"CodeSystem-v3-RoleStatus.html\"><code>http://terminology.hl7.org/CodeSystem/v3-RoleStatus</code></a> where concept  is-a  <a href=\"CodeSystem-v3-RoleStatus.html#v3-RoleStatus-active\">active</a></li></ul></div>"},"url":"http://terminology.hl7.org/ValueSet/v3-RoleStatusActive","identifier":[{"system":"urn:ietf:rfc:3986","value":"urn:oid:2.16.840.1.113883.1.11.20187"}],"version":"2.0.0","name":"RoleStatusActive","title":"RoleStatusActive","status":"active","experimental":false,"date":"2014-03-26","description":"The state representing the fact that the Entity is currently active in the Role.","immutable":true,"compose":{"include":[{"system":"http://terminology.hl7.org/CodeSystem/v3-RoleStatus","filter":[{"property":"concept","op":"is-a","value":"active"}]}]}}