{"resourceType":"ValueSet","id":"v3-PersonNameUse","language":"en","text":{"status":"generated","div":"<div xml:lang=\"en\" xmlns=\"http://www.w3.org/1999/xhtml\" lang=\"en\"><p>This value set includes codes based on the following rules:</p><ul><li>Include codes from <a href=\"CodeSystem-v3-EntityNameUse.html\"><code>http://terminology.hl7.org/CodeSystem/v3-EntityNameUse</code></a> where concept  descends from  <a href=\"CodeSystem-v3-EntityNameUse.html#v3-EntityNameUse-_PersonNameUse\">_PersonNameUse</a></li><li>Import all the codes that are contained in <a href=\"ValueSet-v3-AddressRepresentationUse.html\">http://terminology.hl7.org/ValueSet/v3-AddressRepresentationUse</a></li></ul></div>"},"url":"http://terminology.hl7.org/ValueSet/v3-PersonNameUse","identifier":[{"system":"urn:ietf:rfc:3986","value":"urn:oid:2.16.840.1.113883.1.11.200"}],"version":"2.0.0","name":"PersonNameUse","title":"PersonNameUse","status":"active","experimental":false,"date":"2014-03-26","description":"A code indicating the type of name (e.g. nickname, alias, maiden name, legal, adopted)","compose":{"include":[{"system":"http://terminology.hl7.org/CodeSystem/v3-EntityNameUse","filter":[{"property":"concept","op":"descendent-of","value":"_PersonNameUse"}]},{"valueSet":["http://terminology.hl7.org/ValueSet/v3-AddressRepresentationUse"]}]}}