{"resourceType":"ValueSet","id":"v3-ActRelationshipEpisodelink","language":"en","text":{"status":"generated","div":"<div xml:lang=\"en\" xmlns=\"http://www.w3.org/1999/xhtml\" lang=\"en\"><ul><li>Include codes from <a href=\"CodeSystem-v3-ActRelationshipType.html\"><code>http://terminology.hl7.org/CodeSystem/v3-ActRelationshipType</code></a> where concept  is-a  <a href=\"CodeSystem-v3-ActRelationshipType.html#v3-ActRelationshipType-ELNK\">ELNK</a></li></ul></div>"},"url":"http://terminology.hl7.org/ValueSet/v3-ActRelationshipEpisodelink","identifier":[{"system":"urn:ietf:rfc:3986","value":"urn:oid:2.16.840.1.113883.1.11.19981"}],"version":"2.0.0","name":"ActRelationshipEpisodelink","title":"ActRelationshipEpisodelink","status":"active","experimental":false,"date":"2014-03-26","description":"Expresses an association that links two instances of the same act over time, indicating that the instance are part of the same episode, e.g. linking two condition nodes for episode of illness; linking two encounters for episode of encounter.","immutable":true,"compose":{"include":[{"system":"http://terminology.hl7.org/CodeSystem/v3-ActRelationshipType","filter":[{"property":"concept","op":"is-a","value":"ELNK"}]}]}}