{"resourceType":"ValueSet","id":"v3-ActExposureLevelCode","language":"en","text":{"status":"generated","div":"<div xml:lang=\"en\" xmlns=\"http://www.w3.org/1999/xhtml\" lang=\"en\"><ul><li>Include codes from <a href=\"CodeSystem-v3-ActExposureLevelCode.html\"><code>http://terminology.hl7.org/CodeSystem/v3-ActExposureLevelCode</code></a> where concept  is-a  <a href=\"CodeSystem-v3-ActExposureLevelCode.html#v3-ActExposureLevelCode-_ActExposureLevelCode\">_ActExposureLevelCode</a></li></ul></div>"},"url":"http://terminology.hl7.org/ValueSet/v3-ActExposureLevelCode","identifier":[{"system":"urn:ietf:rfc:3986","value":"urn:oid:2.16.840.1.113883.1.11.19939"}],"version":"2.0.0","name":"ActExposureLevelCode","title":"ActExposureLevelCode","status":"active","experimental":false,"date":"2014-03-26","description":"A qualitative measure of the degree of exposure to the causative agent. This includes concepts such as \"low\", \"medium\" and \"high\". This quantifies how the quantity that was available to be administered to the target differs from typical or background levels of the substance.","compose":{"include":[{"system":"http://terminology.hl7.org/CodeSystem/v3-ActExposureLevelCode","filter":[{"property":"concept","op":"is-a","value":"_ActExposureLevelCode"}]}]}}