{"resourceType":"ValueSet","id":"v3-ActRelationshipRefersTo","language":"en","text":{"status":"generated","div":"<div xml:lang=\"en\" xmlns=\"http://www.w3.org/1999/xhtml\" lang=\"en\"><ul><li>Include codes from <a href=\"CodeSystem-v3-ActRelationshipType.html\"><code>http://terminology.hl7.org/CodeSystem/v3-ActRelationshipType</code></a> where concept  is-a  <a href=\"CodeSystem-v3-ActRelationshipType.html#v3-ActRelationshipType-REFR\">REFR</a></li></ul></div>"},"url":"http://terminology.hl7.org/ValueSet/v3-ActRelationshipRefersTo","identifier":[{"system":"urn:ietf:rfc:3986","value":"urn:oid:2.16.840.1.113883.1.11.20005"}],"version":"2.0.0","name":"ActRelationshipRefersTo","title":"ActRelationshipRefersTo","status":"active","experimental":false,"date":"2014-03-26","description":"A relationship in which the target act is referred to by the source act. This permits a simple reference relationship that distinguishes between the referent and the referee.","immutable":true,"compose":{"include":[{"system":"http://terminology.hl7.org/CodeSystem/v3-ActRelationshipType","filter":[{"property":"concept","op":"is-a","value":"REFR"}]}]}}