{"resourceType":"ValueSet","id":"v3-ObservationInterpretationNormalityHigh","language":"en","text":{"status":"generated","div":"<div xml:lang=\"en\" xmlns=\"http://www.w3.org/1999/xhtml\" lang=\"en\"><ul><li>Include codes from <a href=\"CodeSystem-v3-ObservationInterpretation.html\"><code>http://terminology.hl7.org/CodeSystem/v3-ObservationInterpretation</code></a> where concept  is-a  <a href=\"CodeSystem-v3-ObservationInterpretation.html#v3-ObservationInterpretation-H\">H</a></li></ul></div>"},"url":"http://terminology.hl7.org/ValueSet/v3-ObservationInterpretationNormalityHigh","identifier":[{"system":"urn:ietf:rfc:3986","value":"urn:oid:2.16.840.1.113883.1.11.10210"}],"version":"2.0.0","name":"ObservationInterpretationNormalityHigh","title":"ObservationInterpretationNormalityHigh","status":"active","experimental":false,"date":"2014-03-26","description":"Interpretation for a quantitative observation of degree of abnormality (including critical or \"alert\" level) above the upper limit of the reference range.","compose":{"include":[{"system":"http://terminology.hl7.org/CodeSystem/v3-ObservationInterpretation","filter":[{"property":"concept","op":"is-a","value":"H"}]}]}}