{"resourceType":"ValueSet","id":"v3-OilDrugForm","language":"en","text":{"status":"generated","div":"<div xml:lang=\"en\" xmlns=\"http://www.w3.org/1999/xhtml\" lang=\"en\"><ul><li>Include codes from <a href=\"CodeSystem-v3-orderableDrugForm.html\"><code>http://terminology.hl7.org/CodeSystem/v3-orderableDrugForm</code></a> where concept  is-a  <a href=\"CodeSystem-v3-orderableDrugForm.html#v3-orderableDrugForm-OIL\">OIL</a></li></ul></div>"},"url":"http://terminology.hl7.org/ValueSet/v3-OilDrugForm","identifier":[{"system":"urn:ietf:rfc:3986","value":"urn:oid:2.16.840.1.113883.1.11.14417"}],"version":"2.0.0","name":"OilDrugForm","title":"OilDrugForm","status":"active","experimental":false,"date":"2014-03-26","description":"An unctuous, combustible substance which is liquid, or easily liquefiable, on warming, and is soluble in ether but insoluble in water. Such substances, depending on their origin, are classified as animal, mineral, or vegetable oils.","compose":{"include":[{"system":"http://terminology.hl7.org/CodeSystem/v3-orderableDrugForm","filter":[{"property":"concept","op":"is-a","value":"OIL"}]}]}}