{"resourceType":"ValueSet","id":"v3-ActClassFinancialTransaction","language":"en","text":{"status":"generated","div":"<div xml:lang=\"en\" xmlns=\"http://www.w3.org/1999/xhtml\" lang=\"en\"><ul><li>Include codes from <a href=\"CodeSystem-v3-ActClass.html\"><code>http://terminology.hl7.org/CodeSystem/v3-ActClass</code></a> where concept  is-a  <a href=\"CodeSystem-v3-ActClass.html#v3-ActClass-XACT\">XACT</a></li></ul></div>"},"url":"http://terminology.hl7.org/ValueSet/v3-ActClassFinancialTransaction","identifier":[{"system":"urn:ietf:rfc:3986","value":"urn:oid:2.16.840.1.113883.1.11.20263"}],"version":"2.0.0","name":"ActClassFinancialTransaction","title":"ActClassFinancialTransaction","status":"active","experimental":false,"date":"2014-03-26","description":"A sub-class of Act representing any transaction between two accounts whose value is measured in monetary terms.\r\n\r\nIn the \"intent\" mood, communicates a request for a transaction to be initiated, or communicates a transfer of value between two accounts.\r\n\r\nIn the \"event\" mood, communicates the posting of a transaction to an account.","immutable":true,"compose":{"include":[{"system":"http://terminology.hl7.org/CodeSystem/v3-ActClass","filter":[{"property":"concept","op":"is-a","value":"XACT"}]}]}}