{"resourceType":"ValueSet","id":"v3-ActClassScopeOfPracticePolicy","language":"en","text":{"status":"generated","div":"<div xml:lang=\"en\" xmlns=\"http://www.w3.org/1999/xhtml\" lang=\"en\"><ul><li>Include codes from <a href=\"CodeSystem-v3-ActClass.html\"><code>http://terminology.hl7.org/CodeSystem/v3-ActClass</code></a> where concept  is-a  <a href=\"CodeSystem-v3-ActClass.html#v3-ActClass-SCOPOL\">SCOPOL</a></li></ul></div>"},"url":"http://terminology.hl7.org/ValueSet/v3-ActClassScopeOfPracticePolicy","identifier":[{"system":"urn:ietf:rfc:3986","value":"urn:oid:2.16.840.1.113883.1.11.20246"}],"version":"2.0.0","name":"ActClassScopeOfPracticePolicy","title":"ActClassScopeOfPracticePolicy","status":"active","experimental":false,"date":"2014-03-26","description":"**Description:**An ethical or clinical obligation, requirement, rule, or expectation imposed or strongly encouraged by organizations that oversee particular clinical domains or provider certification which define the boundaries within which a provider may practice and which may have legal basis or ramifications on:\r\n\r\n *  The activity of another party\r\n *  The behavior of another party\r\n *  The manner in which an act is executed\r\n\r\n**Examples:**An ethical obligation for a provider to fully inform a patient about all treatment options. An ethical obligation for a provider not to disclose personal health information that meets certain criteria, e.g., where disclosure might result in harm to the patient or another person. The set of health care services which a provider is credentialed or privileged to provide.","immutable":true,"compose":{"include":[{"system":"http://terminology.hl7.org/CodeSystem/v3-ActClass","filter":[{"property":"concept","op":"is-a","value":"SCOPOL"}]}]}}