{"resourceType":"ValueSet","id":"v2-0173","text":{"status":"generated","div":"<div xmlns=\"http://www.w3.org/1999/xhtml\"><ul><li>Include all codes defined in <a href=\"CodeSystem-v2-0173.html\"><code>http://terminology.hl7.org/CodeSystem/v2-0173</code></a></li></ul></div>"},"url":"http://terminology.hl7.org/ValueSet/v2-0173","identifier":[{"system":"urn:ietf:rfc:3986","value":"urn:oid:2.16.840.1.113883.21.101"}],"version":"2.0.0","name":"Hl7VSCoordinationOfBenefits","title":"hl7VS-coordinationOfBenefits","status":"active","experimental":false,"date":"2019-12-01","publisher":"HL7, Inc","contact":[{"telecom":[{"system":"url","value":"https://github.com/HL7/UTG"}]}],"description":"Value Set of codes that specify whether this insurance works in conjunction with other insurance plans or if it provides independent coverage and payment of benefits regardless of other insurance that might be available to the patient.","copyright":"Copyright HL7. Licensed under creative commons public domain","compose":{"include":[{"system":"http://terminology.hl7.org/CodeSystem/v2-0173","version":"2.1.0"}]}}