{"resourceType":"ValueSet","id":"v3-ActClassReverseTrendelenburg","language":"en","text":{"status":"generated","div":"<div xml:lang=\"en\" xmlns=\"http://www.w3.org/1999/xhtml\" lang=\"en\"><ul><li>Include codes from <a href=\"CodeSystem-v3-ActClass.html\"><code>http://terminology.hl7.org/CodeSystem/v3-ActClass</code></a> where concept  is-a  <a href=\"CodeSystem-v3-ActClass.html#v3-ActClass-RTRD\">RTRD</a></li></ul></div>"},"url":"http://terminology.hl7.org/ValueSet/v3-ActClassReverseTrendelenburg","identifier":[{"system":"urn:ietf:rfc:3986","value":"urn:oid:2.16.840.1.113883.1.11.20244"}],"version":"2.0.0","name":"ActClassReverseTrendelenburg","title":"ActClassReverseTrendelenburg","status":"retired","experimental":false,"date":"2014-03-26","description":"**Deprecation Comment:** This value set has been deprecated because its root code was deprecated in an earlier vocabulary release.","immutable":true,"compose":{"include":[{"system":"http://terminology.hl7.org/CodeSystem/v3-ActClass","filter":[{"property":"concept","op":"is-a","value":"RTRD"}]}]}}