{"resourceType":"ValueSet","id":"v3-ParticipationAuthenticator","language":"en","text":{"status":"generated","div":"<div xml:lang=\"en\" xmlns=\"http://www.w3.org/1999/xhtml\" lang=\"en\"><ul><li>Include codes from <a href=\"CodeSystem-v3-ParticipationType.html\"><code>http://terminology.hl7.org/CodeSystem/v3-ParticipationType</code></a> where concept  is-a  <a href=\"CodeSystem-v3-ParticipationType.html#v3-ParticipationType-AUTHEN\">AUTHEN</a></li></ul></div>"},"url":"http://terminology.hl7.org/ValueSet/v3-ParticipationAuthenticator","identifier":[{"system":"urn:ietf:rfc:3986","value":"urn:oid:2.16.840.1.113883.1.11.20065"}],"version":"2.0.0","name":"ParticipationAuthenticator","title":"ParticipationAuthenticator","status":"active","experimental":false,"date":"2014-03-26","description":"A verifier who attests to the accuracy of an act, but who does not have privileges to legally authenticate the act. An example would be a resident physician who sees a patient and dictates a note, then later signs it. Their signature constitutes an authentication.","immutable":true,"compose":{"include":[{"system":"http://terminology.hl7.org/CodeSystem/v3-ParticipationType","filter":[{"property":"concept","op":"is-a","value":"AUTHEN"}]}]}}