{"resourceType":"ValueSet","id":"v3-ParticipationFunction","language":"en","text":{"status":"generated","div":"<div xml:lang=\"en\" xmlns=\"http://www.w3.org/1999/xhtml\" lang=\"en\"><ul><li>Include all codes defined in <a href=\"CodeSystem-v3-ParticipationFunction.html\"><code>http://terminology.hl7.org/CodeSystem/v3-ParticipationFunction</code></a></li></ul></div>"},"url":"http://terminology.hl7.org/ValueSet/v3-ParticipationFunction","identifier":[{"system":"urn:ietf:rfc:3986","value":"urn:oid:2.16.840.1.113883.1.11.10267"}],"version":"2.0.0","name":"ParticipationFunction","title":"ParticipationFunction","status":"active","experimental":false,"date":"2014-03-26","description":"This code is used to specify the exact function an actor had in a service in all necessary detail. This domain may include local extensions (CWE).","compose":{"include":[{"system":"http://terminology.hl7.org/CodeSystem/v3-ParticipationFunction"}]}}