{"resourceType":"ValueSet","id":"v3-ObservationInterpretation","language":"en","text":{"status":"generated","div":"<div xml:lang=\"en\" xmlns=\"http://www.w3.org/1999/xhtml\" lang=\"en\"><ul><li>Include all codes defined in <a href=\"CodeSystem-v3-ObservationInterpretation.html\"><code>http://terminology.hl7.org/CodeSystem/v3-ObservationInterpretation</code></a></li></ul></div>"},"url":"http://terminology.hl7.org/ValueSet/v3-ObservationInterpretation","identifier":[{"system":"urn:ietf:rfc:3986","value":"urn:oid:2.16.840.1.113883.1.11.78"}],"version":"2.0.0","name":"ObservationInterpretation","title":"ObservationInterpretation","status":"active","experimental":false,"date":"2014-03-26","description":"One or more codes providing a rough qualitative interpretation of the observation,such as \"normal\" / \"abnormal\", \"low\" / \"high\", \"better\" / \"worse\", \"resistant\" / \"susceptible\", \"expected\" / \"not expected\". The value set is intended to be for ANY use where coded representation of an interpretation is needed.\r\n\r\n*Usage Note:* This is being communicated in v2.x in OBX-8, in v3 in ObservationInterpretation (CWE) in R1 (Representative Realm) and in FHIR Observation.interpretation. Historically these values come from the laboratory domain, and these codes are extensively used.","compose":{"include":[{"system":"http://terminology.hl7.org/CodeSystem/v3-ObservationInterpretation"}]}}