{"resourceType":"ValueSet","id":"v2-0535","text":{"status":"generated","div":"<div xmlns=\"http://www.w3.org/1999/xhtml\"><ul><li>Include all codes defined in <a href=\"CodeSystem-v2-0535.html\"><code>http://terminology.hl7.org/CodeSystem/v2-0535</code></a></li></ul></div>"},"url":"http://terminology.hl7.org/ValueSet/v2-0535","identifier":[{"system":"urn:ietf:rfc:3986","value":"urn:oid:2.16.840.1.113883.21.365"}],"version":"2.0.0","name":"Hl7VSSignatureCode","title":"hl7VS-signatureCode","status":"active","experimental":false,"date":"2019-12-01","publisher":"HL7, Inc","contact":[{"telecom":[{"system":"url","value":"https://github.com/HL7/UTG"}]}],"description":"Concepts that indicate how a patient/subscriber authorization signature is obtained and how it is being retained by a provider.","copyright":"Copyright HL7. Licensed under creative commons public domain","compose":{"include":[{"system":"http://terminology.hl7.org/CodeSystem/v2-0535","version":"2.1.0"}]}}