{"resourceType":"ValueSet","id":"v3-ActRelationshipSplitExclusiveWait","language":"en","text":{"status":"generated","div":"<div xml:lang=\"en\" xmlns=\"http://www.w3.org/1999/xhtml\" lang=\"en\"><ul><li>Include codes from <a href=\"CodeSystem-v3-ActRelationshipSplit.html\"><code>http://terminology.hl7.org/CodeSystem/v3-ActRelationshipSplit</code></a> where concept  is-a  <a href=\"CodeSystem-v3-ActRelationshipSplit.html#v3-ActRelationshipSplit-EW\">EW</a></li></ul></div>"},"url":"http://terminology.hl7.org/ValueSet/v3-ActRelationshipSplitExclusiveWait","identifier":[{"system":"urn:ietf:rfc:3986","value":"urn:oid:2.16.840.1.113883.1.11.19960"}],"version":"2.0.0","name":"ActRelationshipSplitExclusiveWait","title":"ActRelationshipSplitExclusiveWait","status":"active","experimental":false,"date":"2014-03-26","description":"A branch is selected as soon as the pre-condition associated with the branch evaluates to true. If the condition is false, the branch may be entered later, when the condition turns true. All other exclusive branches compete with each other and only one will be selected. Each waiting branch executes in parallel with the default join code wait (see below). The order in which the branches are considered may be specified in the Service\\_relationship.priority\\_nmb.","immutable":true,"compose":{"include":[{"system":"http://terminology.hl7.org/CodeSystem/v3-ActRelationshipSplit","filter":[{"property":"concept","op":"is-a","value":"EW"}]}]}}