{"resourceType":"ValueSet","id":"v3-EntityClassImagingModality","language":"en","text":{"status":"generated","div":"<div xml:lang=\"en\" xmlns=\"http://www.w3.org/1999/xhtml\" lang=\"en\"><ul><li>Include codes from <a href=\"CodeSystem-v3-EntityClass.html\"><code>http://terminology.hl7.org/CodeSystem/v3-EntityClass</code></a> where concept  is-a  <a href=\"CodeSystem-v3-EntityClass.html#v3-EntityClass-MODDV\">MODDV</a></li></ul></div>"},"url":"http://terminology.hl7.org/ValueSet/v3-EntityClassImagingModality","identifier":[{"system":"urn:ietf:rfc:3986","value":"urn:oid:2.16.840.1.113883.1.11.20045"}],"version":"2.0.0","name":"EntityClassImagingModality","title":"EntityClassImagingModality","status":"active","experimental":false,"date":"2014-03-26","description":"Class to contain unique attributes of diagnostic imaging equipment.","immutable":true,"compose":{"include":[{"system":"http://terminology.hl7.org/CodeSystem/v3-EntityClass","filter":[{"property":"concept","op":"is-a","value":"MODDV"}]}]}}