{"resourceType":"ValueSet","id":"v3-AdditionalLocator","language":"en","text":{"status":"generated","div":"<div xml:lang=\"en\" xmlns=\"http://www.w3.org/1999/xhtml\" lang=\"en\"><ul><li>Include codes from <a href=\"CodeSystem-v3-AddressPartType.html\"><code>http://terminology.hl7.org/CodeSystem/v3-AddressPartType</code></a> where concept  is-a  <a href=\"CodeSystem-v3-AddressPartType.html#v3-AddressPartType-ADL\">ADL</a></li></ul></div>"},"url":"http://terminology.hl7.org/ValueSet/v3-AdditionalLocator","identifier":[{"system":"urn:ietf:rfc:3986","value":"urn:oid:2.16.840.1.113883.1.11.10651"}],"version":"2.0.0","name":"AdditionalLocator","title":"AdditionalLocator","status":"active","experimental":false,"date":"2014-03-26","description":"This can be a unit designator, such as apartment number, suite number, or floor. There may be several unit designators in an address (e.g., \"3rd floor, Appt. 342\".) This can also be a designator pointing away from the location (e.g. Across the street from).","compose":{"include":[{"system":"http://terminology.hl7.org/CodeSystem/v3-AddressPartType","filter":[{"property":"concept","op":"is-a","value":"ADL"}]}]}}