{"resourceType":"ValueSet","id":"v3-GasDrugForm","language":"en","text":{"status":"extensions","div":"<div xml:lang=\"en\" xmlns=\"http://www.w3.org/1999/xhtml\" lang=\"en\"><p>This value set includes codes based on the following rules:</p><ul><li>Include codes from <a href=\"CodeSystem-v3-orderableDrugForm.html\"><code>http://terminology.hl7.org/CodeSystem/v3-orderableDrugForm</code></a> where concept  is-a  <a href=\"CodeSystem-v3-orderableDrugForm.html#v3-orderableDrugForm-_GasDrugForm\">_GasDrugForm</a></li></ul><p>This value set excludes codes based on the following rules:</p><ul><li>Exclude these codes as defined in <a href=\"CodeSystem-v3-orderableDrugForm.html\"><code>http://terminology.hl7.org/CodeSystem/v3-orderableDrugForm</code></a><table class=\"none\"><tr><td style=\"white-space:nowrap\"><b>Code</b></td><td><b>Display</b></td><td><b>Definition</b></td></tr><tr><td><a href=\"CodeSystem-v3-orderableDrugForm.html#v3-orderableDrugForm-_GasDrugForm\">_GasDrugForm</a></td><td>GasDrugForm</td><td>Any elastic aeriform fluid in which the molecules are separated from one another and have free paths.</td></tr></table></li></ul></div>"},"url":"http://terminology.hl7.org/ValueSet/v3-GasDrugForm","identifier":[{"system":"urn:ietf:rfc:3986","value":"urn:oid:2.16.840.1.113883.1.11.14568"}],"version":"2.0.0","name":"GasDrugForm","title":"GasDrugForm","status":"active","experimental":false,"date":"2014-03-26","description":"Any elastic aeriform fluid in which the molecules are separated from one another and have free paths.","compose":{"include":[{"system":"http://terminology.hl7.org/CodeSystem/v3-orderableDrugForm","filter":[{"property":"concept","op":"is-a","value":"_GasDrugForm"}]}],"exclude":[{"system":"http://terminology.hl7.org/CodeSystem/v3-orderableDrugForm","concept":[{"code":"_GasDrugForm"}]}]}}