{"resourceType":"ValueSet","id":"v3-ActRelationshipHasSupport","language":"en","text":{"status":"generated","div":"<div xml:lang=\"en\" xmlns=\"http://www.w3.org/1999/xhtml\" lang=\"en\"><ul><li>Include codes from <a href=\"CodeSystem-v3-ActRelationshipType.html\"><code>http://terminology.hl7.org/CodeSystem/v3-ActRelationshipType</code></a> where concept  is-a  <a href=\"CodeSystem-v3-ActRelationshipType.html#v3-ActRelationshipType-SPRT\">SPRT</a></li></ul></div>"},"url":"http://terminology.hl7.org/ValueSet/v3-ActRelationshipHasSupport","identifier":[{"system":"urn:ietf:rfc:3986","value":"urn:oid:2.16.840.1.113883.1.11.10330"}],"version":"2.0.0","name":"ActRelationshipHasSupport","title":"ActRelationshipHasSupport","status":"active","experimental":false,"date":"2014-03-26","description":"Used to indicate that an existing service is suggesting evidence for a new observation. The assumption of support is attributed to the same actor who asserts the observation. Source must be an observation, target may be any service (e.g., to indicate a status post.)","immutable":true,"compose":{"include":[{"system":"http://terminology.hl7.org/CodeSystem/v3-ActRelationshipType","filter":[{"property":"concept","op":"is-a","value":"SPRT"}]}]}}