{"resourceType":"ValueSet","id":"v3-ParticipationModeVerbal","language":"en","text":{"status":"generated","div":"<div xml:lang=\"en\" xmlns=\"http://www.w3.org/1999/xhtml\" lang=\"en\"><ul><li>Include codes from <a href=\"CodeSystem-v3-ParticipationMode.html\"><code>http://terminology.hl7.org/CodeSystem/v3-ParticipationMode</code></a> where concept  is-a  <a href=\"CodeSystem-v3-ParticipationMode.html#v3-ParticipationMode-VERBAL\">VERBAL</a></li></ul></div>"},"url":"http://terminology.hl7.org/ValueSet/v3-ParticipationModeVerbal","identifier":[{"system":"urn:ietf:rfc:3986","value":"urn:oid:2.16.840.1.113883.1.11.16544"}],"version":"2.0.0","name":"ParticipationModeVerbal","title":"ParticipationModeVerbal","status":"active","experimental":false,"date":"2014-03-26","description":"Participation by voice communication","compose":{"include":[{"system":"http://terminology.hl7.org/CodeSystem/v3-ParticipationMode","filter":[{"property":"concept","op":"is-a","value":"VERBAL"}]}]}}