{"resourceType":"ValueSet","id":"v3-MedicalDevice","language":"en","text":{"status":"extensions","div":"<div xml:lang=\"en\" xmlns=\"http://www.w3.org/1999/xhtml\" lang=\"en\"><p>This value set includes codes based on the following rules:</p><ul><li>Include codes from <a href=\"CodeSystem-v3-EntityCode.html\"><code>http://terminology.hl7.org/CodeSystem/v3-EntityCode</code></a> where concept  is-a  <a href=\"CodeSystem-v3-EntityCode.html#v3-EntityCode-_MedicalDevice\">_MedicalDevice</a></li></ul><p>This value set excludes codes based on the following rules:</p><ul><li>Exclude these codes as defined in <a href=\"CodeSystem-v3-EntityCode.html\"><code>http://terminology.hl7.org/CodeSystem/v3-EntityCode</code></a><table class=\"none\"><tr><td style=\"white-space:nowrap\"><b>Code</b></td><td><b>Display</b></td><td><b>Definition</b></td></tr><tr><td><a href=\"CodeSystem-v3-EntityCode.html#v3-EntityCode-_MedicalDevice\">_MedicalDevice</a></td><td>MedicalDevice</td><td>A device with direct or indirect therapeutic purpose. Values for EntityCode when EntityClass = &quot;DEV&quot;</td></tr></table></li></ul></div>"},"url":"http://terminology.hl7.org/ValueSet/v3-MedicalDevice","identifier":[{"system":"urn:ietf:rfc:3986","value":"urn:oid:2.16.840.1.113883.1.11.16188"}],"version":"2.0.0","name":"MedicalDevice","title":"MedicalDevice","status":"active","experimental":false,"date":"2014-03-26","description":"A device with direct or indirect therapeutic purpose. Values for EntityCode when EntityClass = \"DEV\"","compose":{"include":[{"system":"http://terminology.hl7.org/CodeSystem/v3-EntityCode","filter":[{"property":"concept","op":"is-a","value":"_MedicalDevice"}]}],"exclude":[{"system":"http://terminology.hl7.org/CodeSystem/v3-EntityCode","concept":[{"code":"_MedicalDevice"}]}]}}