{"resourceType":"ValueSet","id":"v2-0396","text":{"status":"generated","div":"<div xmlns=\"http://www.w3.org/1999/xhtml\"><ul><li>Include all codes defined in <a href=\"CodeSystem-v2-0396.html\"><code>http://terminology.hl7.org/CodeSystem/v2-0396</code></a></li></ul></div>"},"url":"http://terminology.hl7.org/ValueSet/v2-0396","identifier":[{"system":"urn:ietf:rfc:3986","value":"urn:oid:2.16.840.1.113883.21.263"}],"version":"2.0.0","name":"Hl7VSCodingSystem","title":"hl7VS-codingSystem","status":"active","experimental":false,"date":"2019-12-01","publisher":"HL7, Inc","contact":[{"telecom":[{"system":"url","value":"https://github.com/HL7/UTG"}]}],"description":"Names of coding systems. Each coding system is assigned a unique identifier, which is generally a short mnemonic derived from the full name of the coding system.","copyright":"Copyright HL7. Licensed under creative commons public domain","compose":{"include":[{"system":"http://terminology.hl7.org/CodeSystem/v2-0396","version":"2.4.0"}]}}