{"resourceType":"ValueSet","id":"v3-TopicalAbsorptionRoute","language":"en","text":{"status":"extensions","div":"<div xml:lang=\"en\" xmlns=\"http://www.w3.org/1999/xhtml\" lang=\"en\"><p>This value set includes codes based on the following rules:</p><ul><li>Include codes from <a href=\"CodeSystem-v3-RouteOfAdministration.html\"><code>http://terminology.hl7.org/CodeSystem/v3-RouteOfAdministration</code></a> where concept  is-a  <a href=\"CodeSystem-v3-RouteOfAdministration.html#v3-RouteOfAdministration-_TopicalAbsorptionRoute\">_TopicalAbsorptionRoute</a></li></ul><p>This value set excludes codes based on the following rules:</p><ul><li>Exclude these codes as defined in <a href=\"CodeSystem-v3-RouteOfAdministration.html\"><code>http://terminology.hl7.org/CodeSystem/v3-RouteOfAdministration</code></a><table class=\"none\"><tr><td style=\"white-space:nowrap\"><b>Code</b></td><td><b>Display</b></td><td><b>Definition</b></td></tr><tr><td><a href=\"CodeSystem-v3-RouteOfAdministration.html#v3-RouteOfAdministration-_TopicalAbsorptionRoute\">_TopicalAbsorptionRoute</a></td><td>TopicalAbsorptionRoute</td><td>Topical absorption</td></tr></table></li></ul></div>"},"url":"http://terminology.hl7.org/ValueSet/v3-TopicalAbsorptionRoute","identifier":[{"system":"urn:ietf:rfc:3986","value":"urn:oid:2.16.840.1.113883.1.11.17006"}],"version":"2.0.0","name":"TopicalAbsorptionRoute","title":"TopicalAbsorptionRoute","status":"active","experimental":false,"date":"2014-03-26","description":"Topical absorption","compose":{"include":[{"system":"http://terminology.hl7.org/CodeSystem/v3-RouteOfAdministration","filter":[{"property":"concept","op":"is-a","value":"_TopicalAbsorptionRoute"}]}],"exclude":[{"system":"http://terminology.hl7.org/CodeSystem/v3-RouteOfAdministration","concept":[{"code":"_TopicalAbsorptionRoute"}]}]}}