{"resourceType":"ValueSet","id":"v3-ContextControlAdditiveNon-propagating","language":"en","text":{"status":"generated","div":"<div xml:lang=\"en\" xmlns=\"http://www.w3.org/1999/xhtml\" lang=\"en\"><ul><li>Include codes from <a href=\"CodeSystem-v3-ContextControl.html\"><code>http://terminology.hl7.org/CodeSystem/v3-ContextControl</code></a> where concept  is-a  <a href=\"CodeSystem-v3-ContextControl.html#v3-ContextControl-AN\">AN</a></li></ul></div>"},"url":"http://terminology.hl7.org/ValueSet/v3-ContextControlAdditiveNon-propagating","identifier":[{"system":"urn:ietf:rfc:3986","value":"urn:oid:2.16.840.1.113883.1.11.20031"}],"version":"2.0.0","name":"ContextControlAdditiveNonPropagating","title":"ContextControlAdditiveNon-propagating","status":"active","experimental":false,"date":"2014-03-26","description":"The association adds to the existing context associated with the Act, but will not propagate to any descendant Acts reached by conducting ActRelationships (see contextControlCode). Examples: If an 'Author' Participation were marked as \"Additive, Non-Propagating\" it means that the author will be added to the set of author participations that have propagated from ancestor Acts for the purpose of this Act. However only the previously propagated authors will propagate to any child Acts that allow context to be propagated.","compose":{"include":[{"system":"http://terminology.hl7.org/CodeSystem/v3-ContextControl","filter":[{"property":"concept","op":"is-a","value":"AN"}]}]}}