{"resourceType":"ValueSet","id":"v3-TargetAwareness","language":"en","text":{"status":"generated","div":"<div xml:lang=\"en\" xmlns=\"http://www.w3.org/1999/xhtml\" lang=\"en\"><ul><li>Include all codes defined in <a href=\"CodeSystem-v3-TargetAwareness.html\"><code>http://terminology.hl7.org/CodeSystem/v3-TargetAwareness</code></a></li></ul></div>"},"url":"http://terminology.hl7.org/ValueSet/v3-TargetAwareness","identifier":[{"system":"urn:ietf:rfc:3986","value":"urn:oid:2.16.840.1.113883.1.11.10310"}],"version":"2.0.0","name":"TargetAwareness","title":"TargetAwareness","status":"active","experimental":false,"date":"2014-03-26","description":"A code specifying the extent to which the Entity playing the participating Role (usually as a target Participation) is aware of the associated Act.\r\n\r\n*Examples:* For diagnostic observations, is the patient, family member or other participant aware of his terminal illness?\r\n\r\n*Discussion:* If the awareness, denial, unconsciousness, etc. is the subject of medical considerations (e.g., part of the problem list), one should use explicit observations in these matters as well, and should not solely rely on this simple attribute in the Participation.","compose":{"include":[{"system":"http://terminology.hl7.org/CodeSystem/v3-TargetAwareness"}]}}