{"resourceType":"ValueSet","id":"v3-xActRelationshipPatientTransport","language":"en","text":{"status":"extensions","div":"<div xml:lang=\"en\" xmlns=\"http://www.w3.org/1999/xhtml\" lang=\"en\"><ul><li>Include these codes as defined in <a href=\"CodeSystem-v3-ActRelationshipType.html\"><code>http://terminology.hl7.org/CodeSystem/v3-ActRelationshipType</code></a><table class=\"none\"><tr><td style=\"white-space:nowrap\"><b>Code</b></td><td><b>Display</b></td><td><b>Definition</b></td></tr><tr><td><a href=\"CodeSystem-v3-ActRelationshipType.html#v3-ActRelationshipType-ARR\">ARR</a></td><td>arrival</td><td>The relationship that links to a Transportation Act (target) from another Act (source) indicating that the subject of the source Act entered into the source Act by means of the target Transportation act.</td></tr><tr><td><a href=\"CodeSystem-v3-ActRelationshipType.html#v3-ActRelationshipType-DEP\">DEP</a></td><td>departure</td><td>The relationship that links to a Transportation Act (target) from another Act (source) indicating that the subject of the source Act departed from the source Act by means of the target Transportation act.</td></tr></table></li></ul></div>"},"extension":[{"extension":[{"url":"name","valueString":"Name:Act:inboundRelationship:ActRelationship"},{"url":"value","valueString":"transportationFor"}],"url":"http://terminology.hl7.org/StructureDefinition/ext-mif-assocConceptProp"},{"extension":[{"url":"name","valueString":"Name:Act:outboundRelationship:ActRelationship"},{"url":"value","valueString":"transportedBy"}],"url":"http://terminology.hl7.org/StructureDefinition/ext-mif-assocConceptProp"},{"extension":[{"url":"name","valueString":"Sort:Act:inboundRelationship:ActRelationship"},{"url":"value","valueString":"EB_______"}],"url":"http://terminology.hl7.org/StructureDefinition/ext-mif-assocConceptProp"},{"extension":[{"url":"name","valueString":"Sort:Act:outboundRelationship:ActRelationship"},{"url":"value","valueString":"EB_______"}],"url":"http://terminology.hl7.org/StructureDefinition/ext-mif-assocConceptProp"}],"url":"http://terminology.hl7.org/ValueSet/v3-xActRelationshipPatientTransport","identifier":[{"system":"urn:ietf:rfc:3986","value":"urn:oid:2.16.840.1.113883.1.11.19005"}],"version":"2.0.0","name":"XActRelationshipPatientTransport","title":"x_ActRelationshipPatientTransport","status":"active","experimental":false,"date":"2014-03-26","description":"Relates a patient encounter act (source) to the transportation act (target) representing the patient\"s arrival at or departure from the site of a patient encounter.","compose":{"include":[{"system":"http://terminology.hl7.org/CodeSystem/v3-ActRelationshipType","concept":[{"code":"ARR"},{"code":"DEP"}]}]}}