{"resourceType":"ValueSet","id":"v3-SetOperator","language":"en","text":{"status":"generated","div":"<div xml:lang=\"en\" xmlns=\"http://www.w3.org/1999/xhtml\" lang=\"en\"><ul><li>Include all codes defined in <a href=\"CodeSystem-v3-SetOperator.html\"><code>http://terminology.hl7.org/CodeSystem/v3-SetOperator</code></a></li></ul></div>"},"url":"http://terminology.hl7.org/ValueSet/v3-SetOperator","identifier":[{"system":"urn:ietf:rfc:3986","value":"urn:oid:2.16.840.1.113883.1.11.17416"}],"version":"2.0.0","name":"SetOperator","title":"SetOperator","status":"active","experimental":false,"date":"2014-03-26","description":"***No description***","compose":{"include":[{"system":"http://terminology.hl7.org/CodeSystem/v3-SetOperator"}]}}