{"resourceType":"ValueSet","id":"v3-ActRelationshipUpdatesCondition","language":"en","text":{"status":"generated","div":"<div xml:lang=\"en\" xmlns=\"http://www.w3.org/1999/xhtml\" lang=\"en\"><ul><li>Include codes from <a href=\"CodeSystem-v3-ActRelationshipType.html\"><code>http://terminology.hl7.org/CodeSystem/v3-ActRelationshipType</code></a> where concept  is-a  <a href=\"CodeSystem-v3-ActRelationshipType.html#v3-ActRelationshipType-UPDT\">UPDT</a></li></ul></div>"},"url":"http://terminology.hl7.org/ValueSet/v3-ActRelationshipUpdatesCondition","identifier":[{"system":"urn:ietf:rfc:3986","value":"urn:oid:2.16.840.1.113883.1.11.20019"}],"version":"2.0.0","name":"ActRelationshipUpdatesCondition","title":"ActRelationshipUpdatesCondition","status":"active","experimental":false,"date":"2014-03-26","description":"A condition thread relationship specifically links condition nodes together to form a condition thread. The source is the new condition node and the target links to the most recent node of the existing condition thread.","immutable":true,"compose":{"include":[{"system":"http://terminology.hl7.org/CodeSystem/v3-ActRelationshipType","filter":[{"property":"concept","op":"is-a","value":"UPDT"}]}]}}