{"resourceType":"ValueSet","id":"v3-SecurityTrustCertificateObservationValue","language":"en","text":{"status":"generated","div":"<div xml:lang=\"en\" xmlns=\"http://www.w3.org/1999/xhtml\" lang=\"en\"><ul><li>Include codes from <a href=\"CodeSystem-v3-ObservationValue.html\"><code>http://terminology.hl7.org/CodeSystem/v3-ObservationValue</code></a> where concept  is-a  <a href=\"CodeSystem-v3-ObservationValue.html#v3-ObservationValue-TRSTCERTOBV\">TRSTCERTOBV</a></li></ul></div>"},"url":"http://terminology.hl7.org/ValueSet/v3-SecurityTrustCertificateObservationValue","identifier":[{"system":"urn:ietf:rfc:3986","value":"urn:oid:2.16.840.1.113883.1.11.20541"}],"version":"2.0.0","name":"SecurityTrustCertificateObservationValue","title":"SecurityTrustCertificateObservationValue","status":"active","experimental":false,"date":"2014-08-07","description":"Values for security metadata observation made about a set of security-relevant data issued by a security authority or trusted third party, together with security information which is used to provide the integrity and data origin authentication services for an IT resource (data, information object, service, or system capability). \\[Based on ISO IEC 10181-1\\]","immutable":true,"compose":{"include":[{"system":"http://terminology.hl7.org/CodeSystem/v3-ObservationValue","filter":[{"property":"concept","op":"is-a","value":"TRSTCERTOBV"}]}]}}