{"resourceType":"ValueSet","id":"v3-EntityClassState","language":"en","text":{"status":"generated","div":"<div xml:lang=\"en\" xmlns=\"http://www.w3.org/1999/xhtml\" lang=\"en\"><ul><li>Include codes from <a href=\"CodeSystem-v3-EntityClass.html\"><code>http://terminology.hl7.org/CodeSystem/v3-EntityClass</code></a> where concept  is-a  <a href=\"CodeSystem-v3-EntityClass.html#v3-EntityClass-STATE\">STATE</a></li></ul></div>"},"url":"http://terminology.hl7.org/ValueSet/v3-EntityClassState","identifier":[{"system":"urn:ietf:rfc:3986","value":"urn:oid:2.16.840.1.113883.1.11.19455"}],"version":"2.0.0","name":"EntityClassState","title":"EntityClassState","status":"active","experimental":false,"date":"2014-03-26","description":"A politically organized body of people bonded by territory, culture, or ethnicity, having sovereignty (to a certain extent) granted by other states (enclosing or neighboring states). This includes countries (nations), provinces (e.g., one of the United States of America or a French departement), counties or municipalities. Refine using, e.g., ISO country codes, FIPS-PUB state codes, etc.","immutable":true,"compose":{"include":[{"system":"http://terminology.hl7.org/CodeSystem/v3-EntityClass","filter":[{"property":"concept","op":"is-a","value":"STATE"}]}]}}