{"resourceType":"ValueSet","id":"v3-SnodentCraniofacialAnomalyInternational","language":"en","text":{"status":"generated","div":"<div xml:lang=\"en\" xmlns=\"http://www.w3.org/1999/xhtml\" lang=\"en\"><ul><li>Include these codes as defined in <a href=\"CodeSystem-v3-ada-snodent.html\"><code>http://www.ada.org/snodent</code></a><table class=\"none\"><tr><td style=\"white-space:nowrap\"><b>Code</b></td><td><b>Display</b></td></tr><tr><td><a href=\"CodeSystem-v3-ada-snodent.html#v3-ada-snodent-115902D\">115902D</a></td><td/></tr><tr><td><a href=\"CodeSystem-v3-ada-snodent.html#v3-ada-snodent-117349D\">117349D</a></td><td/></tr><tr><td><a href=\"CodeSystem-v3-ada-snodent.html#v3-ada-snodent-122924D\">122924D</a></td><td/></tr><tr><td><a href=\"CodeSystem-v3-ada-snodent.html#v3-ada-snodent-132578D\">132578D</a></td><td/></tr><tr><td><a href=\"CodeSystem-v3-ada-snodent.html#v3-ada-snodent-133572D\">133572D</a></td><td/></tr><tr><td><a href=\"CodeSystem-v3-ada-snodent.html#v3-ada-snodent-146718D\">146718D</a></td><td/></tr><tr><td><a href=\"CodeSystem-v3-ada-snodent.html#v3-ada-snodent-149694D\">149694D</a></td><td/></tr><tr><td><a href=\"CodeSystem-v3-ada-snodent.html#v3-ada-snodent-198545D\">198545D</a></td><td/></tr><tr><td><a href=\"CodeSystem-v3-ada-snodent.html#v3-ada-snodent-199380D\">199380D</a></td><td/></tr><tr><td><a href=\"CodeSystem-v3-ada-snodent.html#v3-ada-snodent-210958D\">210958D</a></td><td/></tr><tr><td><a href=\"CodeSystem-v3-ada-snodent.html#v3-ada-snodent-210959D\">210959D</a></td><td/></tr><tr><td><a href=\"CodeSystem-v3-ada-snodent.html#v3-ada-snodent-210960D\">210960D</a></td><td/></tr></table></li></ul></div>"},"extension":[{"url":"http://hl7.org/fhir/StructureDefinition/structuredefinition-wg","valueCode":"att"}],"url":"http://terminology.hl7.org/ValueSet/v3-SnodentCraniofacialAnomalyInternational","identifier":[{"system":"urn:ietf:rfc:3986","value":"urn:oid:2.16.840.1.113883.1.11.20565"}],"version":"2.0.0","name":"SnodentCraniofacialAnomalyInternational","title":"SnodentCraniofacialAnomalyInternational","status":"active","experimental":false,"date":"2019-03-20","description":"The SNODENT identifiers for the most common craniofacial anomalies that may influence the course of orthodontic treatment to be performed.\r\n\r\nThis value set contains content from SNODENT® Copyright American Dental Association (ADA). All rights reserved. SNODENT is a registered trademark of the ADA.\r\n\r\nhttp://www.ada.org/en/member-center/member-benefits/practice-resources/dental-informatics/snodent/licensing-snodent\r\n\r\n*Steward:* Attachments WG","compose":{"include":[{"system":"http://www.ada.org/snodent","concept":[{"code":"115902D"},{"code":"117349D"},{"code":"122924D"},{"code":"132578D"},{"code":"133572D"},{"code":"146718D"},{"code":"149694D"},{"code":"198545D"},{"code":"199380D"},{"code":"210958D"},{"code":"210959D"},{"code":"210960D"}]}]}}