{"resourceType":"ValueSet","id":"v3-xActEncounterReason","language":"en","text":{"status":"extensions","div":"<div xml:lang=\"en\" xmlns=\"http://www.w3.org/1999/xhtml\" lang=\"en\"><ul><li>Include these codes as defined in <a href=\"CodeSystem-v3-ActReason.html\"><code>http://terminology.hl7.org/CodeSystem/v3-ActReason</code></a><table class=\"none\"><tr><td style=\"white-space:nowrap\"><b>Code</b></td><td><b>Display</b></td><td><b>Definition</b></td></tr><tr><td><a href=\"CodeSystem-v3-ActReason.html#v3-ActReason-MEDNEC\">MEDNEC</a></td><td>Medical Necessity</td><td>Required for medical reasons(s).</td></tr><tr><td><a href=\"CodeSystem-v3-ActReason.html#v3-ActReason-PAT\">PAT</a></td><td>Patient request</td><td>The Patient requested the action</td></tr></table></li></ul></div>"},"url":"http://terminology.hl7.org/ValueSet/v3-xActEncounterReason","identifier":[{"system":"urn:ietf:rfc:3986","value":"urn:oid:2.16.840.1.113883.1.11.19456"}],"version":"2.0.0","name":"XActEncounterReason","title":"x_ActEncounterReason","status":"active","experimental":false,"date":"2014-03-26","description":"Administrative reasons for patient encounters.\r\n\r\n*Example:*Medical necessity, patient request and dependency.","compose":{"include":[{"system":"http://terminology.hl7.org/CodeSystem/v3-ActReason","concept":[{"code":"MEDNEC"},{"code":"PAT"}]}]}}