{"resourceType":"ValueSet","id":"v3-ContextControlPropagating","language":"en","text":{"status":"extensions","div":"<div xml:lang=\"en\" xmlns=\"http://www.w3.org/1999/xhtml\" lang=\"en\"><p>This value set includes codes based on the following rules:</p><ul><li>Include codes from <a href=\"CodeSystem-v3-ContextControl.html\"><code>http://terminology.hl7.org/CodeSystem/v3-ContextControl</code></a> where concept  is-a  <a href=\"CodeSystem-v3-ContextControl.html#v3-ContextControl-_ContextControlPropagating\">_ContextControlPropagating</a></li></ul><p>This value set excludes codes based on the following rules:</p><ul><li>Exclude these codes as defined in <a href=\"CodeSystem-v3-ContextControl.html\"><code>http://terminology.hl7.org/CodeSystem/v3-ContextControl</code></a><table class=\"none\"><tr><td style=\"white-space:nowrap\"><b>Code</b></td><td><b>Display</b></td><td><b>Definition</b></td></tr><tr><td><a href=\"CodeSystem-v3-ContextControl.html#v3-ContextControl-_ContextControlPropagating\">_ContextControlPropagating</a></td><td>ContextControlPropagating</td><td>The association propagates to any child Acts that are related via a conducting ActRelationship (refer to contextConductionInd).</td></tr></table></li></ul></div>"},"url":"http://terminology.hl7.org/ValueSet/v3-ContextControlPropagating","identifier":[{"system":"urn:ietf:rfc:3986","value":"urn:oid:2.16.840.1.113883.1.11.18936"}],"version":"2.0.0","name":"ContextControlPropagating","title":"ContextControlPropagating","status":"active","experimental":false,"date":"2014-03-26","description":"The association propagates to any child Acts that are related via a conducting ActRelationship (refer to contextConductionInd).","compose":{"include":[{"system":"http://terminology.hl7.org/CodeSystem/v3-ContextControl","filter":[{"property":"concept","op":"is-a","value":"_ContextControlPropagating"}]}],"exclude":[{"system":"http://terminology.hl7.org/CodeSystem/v3-ContextControl","concept":[{"code":"_ContextControlPropagating"}]}]}}