{"resourceType":"ValueSet","id":"v3-AddressRepresentationUse","language":"en","text":{"status":"extensions","div":"<div xml:lang=\"en\" xmlns=\"http://www.w3.org/1999/xhtml\" lang=\"en\"><p>This value set includes codes based on the following rules:</p><ul><li>Include codes from <a href=\"CodeSystem-v3-EntityNameUse.html\"><code>http://terminology.hl7.org/CodeSystem/v3-EntityNameUse</code></a> where concept  is-a  <a href=\"CodeSystem-v3-EntityNameUse.html#v3-EntityNameUse-_NameRepresentationUse\">_NameRepresentationUse</a></li></ul><p>This value set excludes codes based on the following rules:</p><ul><li>Exclude these codes as defined in <a href=\"CodeSystem-v3-EntityNameUse.html\"><code>http://terminology.hl7.org/CodeSystem/v3-EntityNameUse</code></a><table class=\"none\"><tr><td style=\"white-space:nowrap\"><b>Code</b></td><td><b>Display</b></td><td><b>Definition</b></td></tr><tr><td><a href=\"CodeSystem-v3-EntityNameUse.html#v3-EntityNameUse-_NameRepresentationUse\">_NameRepresentationUse</a></td><td>NameRepresentationUse</td><td>Identifies the different representations of a name. The representation may affect how the name is used. (E.g. use of Ideographic for formal communications.)</td></tr></table></li></ul></div>"},"url":"http://terminology.hl7.org/ValueSet/v3-AddressRepresentationUse","identifier":[{"system":"urn:ietf:rfc:3986","value":"urn:oid:2.16.840.1.113883.1.11.17860"}],"version":"2.0.0","name":"AddressRepresentationUse","title":"AddressRepresentationUse","status":"active","experimental":false,"date":"2014-03-26","description":"**Description:**Identifies the different representations of a Address. The representation may affect how the address is used. (E.g. use of Ideographic for formal communications.)","compose":{"include":[{"system":"http://terminology.hl7.org/CodeSystem/v3-EntityNameUse","filter":[{"property":"concept","op":"is-a","value":"_NameRepresentationUse"}]}],"exclude":[{"system":"http://terminology.hl7.org/CodeSystem/v3-EntityNameUse","concept":[{"code":"_NameRepresentationUse"}]}]}}