{"resourceType":"ValueSet","id":"v3-RoleLinkHasPart","language":"en","text":{"status":"generated","div":"<div xml:lang=\"en\" xmlns=\"http://www.w3.org/1999/xhtml\" lang=\"en\"><ul><li>Include codes from <a href=\"CodeSystem-v3-RoleLinkType.html\"><code>http://terminology.hl7.org/CodeSystem/v3-RoleLinkType</code></a> where concept  is-a  <a href=\"CodeSystem-v3-RoleLinkType.html#v3-RoleLinkType-PART\">PART</a></li></ul></div>"},"url":"http://terminology.hl7.org/ValueSet/v3-RoleLinkHasPart","identifier":[{"system":"urn:ietf:rfc:3986","value":"urn:oid:2.16.840.1.113883.1.11.20185"}],"version":"2.0.0","name":"RoleLinkHasPart","title":"RoleLinkHasPart","status":"active","experimental":false,"date":"2014-03-26","description":"The target Role is part of the Source Role.","immutable":true,"compose":{"include":[{"system":"http://terminology.hl7.org/CodeSystem/v3-RoleLinkType","filter":[{"property":"concept","op":"is-a","value":"PART"}]}]}}