{"resourceType":"ValueSet","id":"v3-GeneralPurposeOfUse","language":"en","text":{"status":"extensions","div":"<div xml:lang=\"en\" xmlns=\"http://www.w3.org/1999/xhtml\" lang=\"en\"><ul><li>Include these codes as defined in <a href=\"CodeSystem-v3-ActReason.html\"><code>http://terminology.hl7.org/CodeSystem/v3-ActReason</code></a><table class=\"none\"><tr><td style=\"white-space:nowrap\"><b>Code</b></td><td><b>Display</b></td><td><b>Definition</b></td></tr><tr><td><a href=\"CodeSystem-v3-ActReason.html#v3-ActReason-COVERAGE\">COVERAGE</a></td><td>coverage under policy or program</td><td>To perform one or more operations on information for conducting activities related to coverage under a program or policy.</td></tr><tr><td><a href=\"CodeSystem-v3-ActReason.html#v3-ActReason-ETREAT\">ETREAT</a></td><td>Emergency Treatment</td><td>To perform one or more operations on information for provision of immediately needed health care for an emergent condition.</td></tr><tr><td><a href=\"CodeSystem-v3-ActReason.html#v3-ActReason-HMARKT\">HMARKT</a></td><td>healthcare marketing</td><td>To perform one or more operations on information for marketing services and products related to health care.</td></tr><tr><td><a href=\"CodeSystem-v3-ActReason.html#v3-ActReason-HOPERAT\">HOPERAT</a></td><td>healthcare operations</td><td>To perform one or more operations on information used for conducting administrative and contractual activities related to the provision of health care.</td></tr><tr><td><a href=\"CodeSystem-v3-ActReason.html#v3-ActReason-HPAYMT\">HPAYMT</a></td><td>healthcare payment</td><td>To perform one or more operations on information for conducting financial or contractual activities related to payment for provision of health care.</td></tr><tr><td><a href=\"CodeSystem-v3-ActReason.html#v3-ActReason-HRESCH\">HRESCH</a></td><td>healthcare research</td><td>To perform one or more operations on information for conducting scientific investigations to obtain health care knowledge. Use of the data iincludes basic and applied research such as biomedical, population origin or ancestry, translational research, and disease, discipline, specialty specific healthcare research and clinical trial research.</td></tr><tr><td><a href=\"CodeSystem-v3-ActReason.html#v3-ActReason-PATRQT\">PATRQT</a></td><td>patient requested</td><td>To perform one or more operations on information in response to a patient's request.</td></tr><tr><td><a href=\"CodeSystem-v3-ActReason.html#v3-ActReason-PUBHLTH\">PUBHLTH</a></td><td>public health</td><td>To perform one or more operations on information for conducting public health activities, such as the reporting of notifiable conditions.</td></tr><tr><td><a href=\"CodeSystem-v3-ActReason.html#v3-ActReason-TREAT\">TREAT</a></td><td>treatment</td><td>To perform one or more operations on information for provision of health care.</td></tr></table></li></ul></div>"},"url":"http://terminology.hl7.org/ValueSet/v3-GeneralPurposeOfUse","identifier":[{"system":"urn:ietf:rfc:3986","value":"urn:oid:2.16.840.1.113883.1.11.20449"}],"version":"2.0.0","name":"GeneralPurposeOfUse","title":"GeneralPurposeOfUse","status":"active","experimental":false,"date":"2014-03-26","description":"Supports communication of purpose of use at a general level.","compose":{"include":[{"system":"http://terminology.hl7.org/CodeSystem/v3-ActReason","concept":[{"code":"COVERAGE"},{"code":"ETREAT"},{"code":"HMARKT"},{"code":"HOPERAT"},{"code":"HPAYMT"},{"code":"HRESCH"},{"code":"PATRQT"},{"code":"PUBHLTH"},{"code":"TREAT"}]}]}}