{"resourceType":"ValueSet","id":"v3-PlasticBottleEntityType","language":"en","text":{"status":"generated","div":"<div xml:lang=\"en\" xmlns=\"http://www.w3.org/1999/xhtml\" lang=\"en\"><ul><li>Include codes from <a href=\"CodeSystem-v3-EntityCode.html\"><code>http://terminology.hl7.org/CodeSystem/v3-EntityCode</code></a> where concept  is-a  <a href=\"CodeSystem-v3-EntityCode.html#v3-EntityCode-BOTP\">BOTP</a></li></ul></div>"},"url":"http://terminology.hl7.org/ValueSet/v3-PlasticBottleEntityType","identifier":[{"system":"urn:ietf:rfc:3986","value":"urn:oid:2.16.840.1.113883.1.11.16159"}],"version":"2.0.0","name":"PlasticBottleEntityType","title":"PlasticBottleEntityType","status":"active","experimental":false,"date":"2014-03-26","description":"A bottle made of plastic","compose":{"include":[{"system":"http://terminology.hl7.org/CodeSystem/v3-EntityCode","filter":[{"property":"concept","op":"is-a","value":"BOTP"}]}]}}