{"resourceType":"ValueSet","id":"v3-RoleClassBirthplace","language":"en","text":{"status":"generated","div":"<div xml:lang=\"en\" xmlns=\"http://www.w3.org/1999/xhtml\" lang=\"en\"><ul><li>Include codes from <a href=\"CodeSystem-v3-RoleClass.html\"><code>http://terminology.hl7.org/CodeSystem/v3-RoleClass</code></a> where concept  is-a  <a href=\"CodeSystem-v3-RoleClass.html#v3-RoleClass-BIRTHPL\">BIRTHPL</a></li></ul></div>"},"url":"http://terminology.hl7.org/ValueSet/v3-RoleClassBirthplace","identifier":[{"system":"urn:ietf:rfc:3986","value":"urn:oid:2.16.840.1.113883.1.11.20115"}],"version":"2.0.0","name":"RoleClassBirthplace","title":"RoleClassBirthplace","status":"active","experimental":false,"date":"2014-03-26","description":"Relates a place (playing Entity) as the location where a living subject (scoping Entity) was born.","immutable":true,"compose":{"include":[{"system":"http://terminology.hl7.org/CodeSystem/v3-RoleClass","filter":[{"property":"concept","op":"is-a","value":"BIRTHPL"}]}]}}