{"resourceType":"ValueSet","id":"v3-ParticipationTargetSubject","language":"en","text":{"status":"generated","div":"<div xml:lang=\"en\" xmlns=\"http://www.w3.org/1999/xhtml\" lang=\"en\"><ul><li>Include codes from <a href=\"CodeSystem-v3-ParticipationType.html\"><code>http://terminology.hl7.org/CodeSystem/v3-ParticipationType</code></a> where concept  is-a  <a href=\"CodeSystem-v3-ParticipationType.html#v3-ParticipationType-SBJ\">SBJ</a></li></ul></div>"},"url":"http://terminology.hl7.org/ValueSet/v3-ParticipationTargetSubject","identifier":[{"system":"urn:ietf:rfc:3986","value":"urn:oid:2.16.840.1.113883.1.11.19584"}],"version":"2.0.0","name":"ParticipationTargetSubject","title":"ParticipationTargetSubject","status":"active","experimental":false,"date":"2014-03-26","description":"The principle target that the service acts on. E.g. the patient in physical examination, a specimen in a lab observation. May also be a patient's family member (teaching) or a device or room (cleaning, disinfecting, housekeeping). Note: not all direct targets are subjects, consumables, and devices used as tools for a service are not subjects. However, a device may be a subject of a maintenance service.","immutable":true,"compose":{"include":[{"system":"http://terminology.hl7.org/CodeSystem/v3-ParticipationType","filter":[{"property":"concept","op":"is-a","value":"SBJ"}]}]}}