{"resourceType":"ValueSet","id":"v3-SecurityIntegrityStatusObservationType","language":"en","text":{"status":"generated","div":"<div xml:lang=\"en\" xmlns=\"http://www.w3.org/1999/xhtml\" lang=\"en\"><ul><li>Include codes from <a href=\"CodeSystem-v3-ActCode.html\"><code>http://terminology.hl7.org/CodeSystem/v3-ActCode</code></a> where concept  is-a  <a href=\"CodeSystem-v3-ActCode.html#v3-ActCode-SECINTSTOBS\">SECINTSTOBS</a></li></ul></div>"},"url":"http://terminology.hl7.org/ValueSet/v3-SecurityIntegrityStatusObservationType","identifier":[{"system":"urn:ietf:rfc:3986","value":"urn:oid:2.16.840.1.113883.1.11.20462"}],"version":"2.0.0","name":"SecurityIntegrityStatusObservationType","title":"SecurityIntegrityStatusObservationType","status":"active","experimental":false,"date":"2014-03-26","description":"Type of security metadata observation made about the integrity status of an IT resource (data, information object, service, or system capability), which may be used to make access control decisions. Indicates the completeness or workflow status of an IT resource, which may impact users that are authorized to access and use the resource.","immutable":true,"compose":{"include":[{"system":"http://terminology.hl7.org/CodeSystem/v3-ActCode","filter":[{"property":"concept","op":"is-a","value":"SECINTSTOBS"}]}]}}