{"resourceType":"ValueSet","id":"v3-EmergencyPharmacySupplyType","language":"en","text":{"status":"generated","div":"<div xml:lang=\"en\" xmlns=\"http://www.w3.org/1999/xhtml\" lang=\"en\"><ul><li>Include codes from <a href=\"CodeSystem-v3-ActCode.html\"><code>http://terminology.hl7.org/CodeSystem/v3-ActCode</code></a> where concept  is-a  <a href=\"CodeSystem-v3-ActCode.html#v3-ActCode-EM\">EM</a></li></ul></div>"},"url":"http://terminology.hl7.org/ValueSet/v3-EmergencyPharmacySupplyType","identifier":[{"system":"urn:ietf:rfc:3986","value":"urn:oid:2.16.840.1.113883.1.11.16220"}],"version":"2.0.0","name":"EmergencyPharmacySupplyType","title":"EmergencyPharmacySupplyType","status":"active","experimental":false,"date":"2014-03-26","description":"A supply action where there is no 'valid' order for the supplied medication. E.g. Emergency vacation supply, weekend supply (when prescriber is unavailable to provide a renewal prescription)","compose":{"include":[{"system":"http://terminology.hl7.org/CodeSystem/v3-ActCode","filter":[{"property":"concept","op":"is-a","value":"EM"}]}]}}