{"resourceType":"ValueSet","id":"v3-ConditionDetectedIssueCode","language":"en","text":{"status":"generated","div":"<div xml:lang=\"en\" xmlns=\"http://www.w3.org/1999/xhtml\" lang=\"en\"><p>This value set includes codes based on the following rules:</p><ul><li>Include codes from <a href=\"CodeSystem-v3-ActCode.html\"><code>http://terminology.hl7.org/CodeSystem/v3-ActCode</code></a> where concept  is-a  <a href=\"CodeSystem-v3-ActCode.html#v3-ActCode-COND\">COND</a></li><li>Import all the codes that are contained in <a href=\"ValueSet-v3-WeightAlert.html\">http://terminology.hl7.org/ValueSet/v3-WeightAlert</a></li><li>Import all the codes that are contained in <a href=\"ValueSet-v3-HeightSurfaceAreaAlert.html\">http://terminology.hl7.org/ValueSet/v3-HeightSurfaceAreaAlert</a></li></ul></div>"},"url":"http://terminology.hl7.org/ValueSet/v3-ConditionDetectedIssueCode","identifier":[{"system":"urn:ietf:rfc:3986","value":"urn:oid:2.16.840.1.113883.1.11.16665"}],"version":"2.0.0","name":"ConditionDetectedIssueCode","title":"ConditionDetectedIssueCode","status":"active","experimental":false,"date":"2014-03-26","description":"Proposed therapy may be inappropriate or contraindicated due to an existing/recent patient condition or diagnosis","compose":{"include":[{"system":"http://terminology.hl7.org/CodeSystem/v3-ActCode","filter":[{"property":"concept","op":"is-a","value":"COND"}]},{"valueSet":["http://terminology.hl7.org/ValueSet/v3-WeightAlert"]},{"valueSet":["http://terminology.hl7.org/ValueSet/v3-HeightSurfaceAreaAlert"]}]}}