{"resourceType":"ValueSet","id":"v3-MedicationCap","language":"en","text":{"status":"extensions","div":"<div xml:lang=\"en\" xmlns=\"http://www.w3.org/1999/xhtml\" lang=\"en\"><p>This value set includes codes based on the following rules:</p><ul><li>Include codes from <a href=\"CodeSystem-v3-ContainerCap.html\"><code>http://terminology.hl7.org/CodeSystem/v3-ContainerCap</code></a> where concept  is-a  <a href=\"CodeSystem-v3-ContainerCap.html#v3-ContainerCap-_MedicationCap\">_MedicationCap</a></li></ul><p>This value set excludes codes based on the following rules:</p><ul><li>Exclude these codes as defined in <a href=\"CodeSystem-v3-ContainerCap.html\"><code>http://terminology.hl7.org/CodeSystem/v3-ContainerCap</code></a><table class=\"none\"><tr><td style=\"white-space:nowrap\"><b>Code</b></td><td><b>Display</b></td><td><b>Definition</b></td></tr><tr><td><a href=\"CodeSystem-v3-ContainerCap.html#v3-ContainerCap-_MedicationCap\">_MedicationCap</a></td><td>MedicationCap</td><td>Cap types for medication containers</td></tr></table></li></ul></div>"},"url":"http://terminology.hl7.org/ValueSet/v3-MedicationCap","identifier":[{"system":"urn:ietf:rfc:3986","value":"urn:oid:2.16.840.1.113883.1.11.16184"}],"version":"2.0.0","name":"MedicationCap","title":"MedicationCap","status":"active","experimental":false,"date":"2014-03-26","description":"Cap types for medication containers","compose":{"include":[{"system":"http://terminology.hl7.org/CodeSystem/v3-ContainerCap","filter":[{"property":"concept","op":"is-a","value":"_MedicationCap"}]}],"exclude":[{"system":"http://terminology.hl7.org/CodeSystem/v3-ContainerCap","concept":[{"code":"_MedicationCap"}]}]}}