{"resourceType":"ValueSet","id":"v3-ActRelationshipEndsNearEnd","language":"en","text":{"status":"generated","div":"<div xml:lang=\"en\" xmlns=\"http://www.w3.org/1999/xhtml\" lang=\"en\"><ul><li>Include codes from <a href=\"CodeSystem-v3-ActRelationshipType.html\"><code>http://terminology.hl7.org/CodeSystem/v3-ActRelationshipType</code></a> where concept  is-a  <a href=\"CodeSystem-v3-ActRelationshipType.html#v3-ActRelationshipType-ENE\">ENE</a></li></ul></div>"},"url":"http://terminology.hl7.org/ValueSet/v3-ActRelationshipEndsNearEnd","identifier":[{"system":"urn:ietf:rfc:3986","value":"urn:oid:2.16.840.1.113883.1.11.20512"}],"version":"2.0.0","name":"ActRelationshipEndsNearEnd","title":"ActRelationshipEndsNearEnd","status":"active","experimental":false,"date":"2014-08-07","description":"Pro-forma value set for each head code in the ActRelationshipType code system; all codes present and future below the head code.","immutable":true,"compose":{"include":[{"system":"http://terminology.hl7.org/CodeSystem/v3-ActRelationshipType","filter":[{"property":"concept","op":"is-a","value":"ENE"}]}]}}