{"resourceType":"ValueSet","id":"v3-ActRelationshipCurativeIndication","language":"en","text":{"status":"generated","div":"<div xml:lang=\"en\" xmlns=\"http://www.w3.org/1999/xhtml\" lang=\"en\"><ul><li>Include codes from <a href=\"CodeSystem-v3-ActRelationshipType.html\"><code>http://terminology.hl7.org/CodeSystem/v3-ActRelationshipType</code></a> where concept  is-a  <a href=\"CodeSystem-v3-ActRelationshipType.html#v3-ActRelationshipType-CURE\">CURE</a></li></ul></div>"},"url":"http://terminology.hl7.org/ValueSet/v3-ActRelationshipCurativeIndication","identifier":[{"system":"urn:ietf:rfc:3986","value":"urn:oid:2.16.840.1.113883.1.11.19974"}],"version":"2.0.0","name":"ActRelationshipCurativeIndication","title":"ActRelationshipCurativeIndication","status":"active","experimental":false,"date":"2012-03-15","description":"***No description***","immutable":true,"compose":{"include":[{"system":"http://terminology.hl7.org/CodeSystem/v3-ActRelationshipType","filter":[{"property":"concept","op":"is-a","value":"CURE"}]}]}}