{"resourceType":"ValueSet","id":"v3-ActCoverageMaximaCodes","language":"en","text":{"status":"generated","div":"<div xml:lang=\"en\" xmlns=\"http://www.w3.org/1999/xhtml\" lang=\"en\"><ul><li>Include codes from <a href=\"CodeSystem-v3-ActCode.html\"><code>http://terminology.hl7.org/CodeSystem/v3-ActCode</code></a> where concept  is-a  <a href=\"CodeSystem-v3-ActCode.html#v3-ActCode-COVMX\">COVMX</a></li></ul></div>"},"url":"http://terminology.hl7.org/ValueSet/v3-ActCoverageMaximaCodes","identifier":[{"system":"urn:ietf:rfc:3986","value":"urn:oid:2.16.840.1.113883.1.11.19907"}],"version":"2.0.0","name":"ActCoverageMaximaCodes","title":"ActCoverageMaximaCodes","status":"active","experimental":false,"date":"2014-03-26","description":"**Definition:** Codes representing the maximum coverate or financial participation requirements.","compose":{"include":[{"system":"http://terminology.hl7.org/CodeSystem/v3-ActCode","filter":[{"property":"concept","op":"is-a","value":"COVMX"}]}]}}