{"resourceType":"ValueSet","id":"v3-ActRelationshipHasFinalObjective","language":"en","text":{"status":"generated","div":"<div xml:lang=\"en\" xmlns=\"http://www.w3.org/1999/xhtml\" lang=\"en\"><ul><li>Include codes from <a href=\"CodeSystem-v3-ActRelationshipType.html\"><code>http://terminology.hl7.org/CodeSystem/v3-ActRelationshipType</code></a> where concept  is-a  <a href=\"CodeSystem-v3-ActRelationshipType.html#v3-ActRelationshipType-OBJF\">OBJF</a></li></ul></div>"},"url":"http://terminology.hl7.org/ValueSet/v3-ActRelationshipHasFinalObjective","identifier":[{"system":"urn:ietf:rfc:3986","value":"urn:oid:2.16.840.1.113883.1.11.19997"}],"version":"2.0.0","name":"ActRelationshipHasFinalObjective","title":"ActRelationshipHasFinalObjective","status":"active","experimental":false,"date":"2014-03-26","description":"A desired outcome that a service action aims to meet finally. Source is any service (typically an intervention). Target must be an observation in criterion mood.","immutable":true,"compose":{"include":[{"system":"http://terminology.hl7.org/CodeSystem/v3-ActRelationshipType","filter":[{"property":"concept","op":"is-a","value":"OBJF"}]}]}}