{"resourceType":"ValueSet","id":"v3-ActRelationshipCheckpointEnd","language":"en","text":{"status":"generated","div":"<div xml:lang=\"en\" xmlns=\"http://www.w3.org/1999/xhtml\" lang=\"en\"><ul><li>Include codes from <a href=\"CodeSystem-v3-ActRelationshipCheckpoint.html\"><code>http://terminology.hl7.org/CodeSystem/v3-ActRelationshipCheckpoint</code></a> where concept  is-a  <a href=\"CodeSystem-v3-ActRelationshipCheckpoint.html#v3-ActRelationshipCheckpoint-E\">E</a></li></ul></div>"},"url":"http://terminology.hl7.org/ValueSet/v3-ActRelationshipCheckpointEnd","identifier":[{"system":"urn:ietf:rfc:3986","value":"urn:oid:2.16.840.1.113883.1.11.19951"}],"version":"2.0.0","name":"ActRelationshipCheckpointEnd","title":"ActRelationshipCheckpointEnd","status":"active","experimental":false,"date":"2014-03-26","description":"Condition is tested at the end of a repeated service execution. The service is repeated only if the condition is true (DO service WHILE condition).","immutable":true,"compose":{"include":[{"system":"http://terminology.hl7.org/CodeSystem/v3-ActRelationshipCheckpoint","filter":[{"property":"concept","op":"is-a","value":"E"}]}]}}