{"resourceType":"ValueSet","id":"v3-ActPriorityCallback","language":"en","text":{"status":"generated","div":"<div xml:lang=\"en\" xmlns=\"http://www.w3.org/1999/xhtml\" lang=\"en\"><ul><li>Include codes from <a href=\"CodeSystem-v3-ActPriority.html\"><code>http://terminology.hl7.org/CodeSystem/v3-ActPriority</code></a> where concept  is-a  <a href=\"CodeSystem-v3-ActPriority.html#v3-ActPriority-CS\">CS</a></li></ul></div>"},"url":"http://terminology.hl7.org/ValueSet/v3-ActPriorityCallback","identifier":[{"system":"urn:ietf:rfc:3986","value":"urn:oid:2.16.840.1.113883.1.11.16871"}],"version":"2.0.0","name":"ActPriorityCallback","title":"ActPriorityCallback","status":"active","experimental":false,"date":"2014-03-26","description":"Filler should contact the placer (or target) to schedule the service. (Was \"C\" in HL7 version 2.3's TQ-priority component.)","compose":{"include":[{"system":"http://terminology.hl7.org/CodeSystem/v3-ActPriority","filter":[{"property":"concept","op":"is-a","value":"CS"}]}]}}