{"resourceType":"ValueSet","id":"v3-EntityDeterminerDescribedQuantified","language":"en","text":{"status":"generated","div":"<div xml:lang=\"en\" xmlns=\"http://www.w3.org/1999/xhtml\" lang=\"en\"><ul><li>Include codes from <a href=\"CodeSystem-v3-EntityDeterminer.html\"><code>http://terminology.hl7.org/CodeSystem/v3-EntityDeterminer</code></a> where concept  is-a  <a href=\"CodeSystem-v3-EntityDeterminer.html#v3-EntityDeterminer-QUANTIFIED_KIND\">QUANTIFIED_KIND</a></li></ul></div>"},"url":"http://terminology.hl7.org/ValueSet/v3-EntityDeterminerDescribedQuantified","identifier":[{"system":"urn:ietf:rfc:3986","value":"urn:oid:2.16.840.1.113883.1.11.20053"}],"version":"2.0.0","name":"EntityDeterminerDescribedQuantified","title":"EntityDeterminerDescribedQuantified","status":"retired","experimental":false,"date":"2012-03-15","description":"The described quantified determiner indicates that the given Entity is taken as a general description of a specific amount of a thing. For example, QUANTIFIED\\_KIND of syringe (quantity = 3,) stands for exactly three syringes.","immutable":true,"compose":{"include":[{"system":"http://terminology.hl7.org/CodeSystem/v3-EntityDeterminer","filter":[{"property":"concept","op":"is-a","value":"QUANTIFIED_KIND"}]}]}}