{"resourceType":"ValueSet","id":"v3-RefusalReasonCode","language":"en","text":{"status":"generated","div":"<div xml:lang=\"en\" xmlns=\"http://www.w3.org/1999/xhtml\" lang=\"en\"><p>This value set includes codes based on the following rules:</p><ul><li>Include codes from <a href=\"CodeSystem-v3-ActReason.html\"><code>http://terminology.hl7.org/CodeSystem/v3-ActReason</code></a> where concept  is-a  <a href=\"CodeSystem-v3-ActReason.html#v3-ActReason-_RefusalReasonCode\">_RefusalReasonCode</a></li><li>Import all the codes that are contained in <a href=\"ValueSet-v3-ActDetectedIssueCode.html\">http://terminology.hl7.org/ValueSet/v3-ActDetectedIssueCode</a></li></ul></div>"},"url":"http://terminology.hl7.org/ValueSet/v3-RefusalReasonCode","identifier":[{"system":"urn:ietf:rfc:3986","value":"urn:oid:2.16.840.1.113883.1.11.20345"}],"version":"2.0.0","name":"RefusalReasonCode","title":"RefusalReasonCode","status":"active","experimental":false,"date":"2014-03-26","description":"***No description***","compose":{"include":[{"system":"http://terminology.hl7.org/CodeSystem/v3-ActReason","filter":[{"property":"concept","op":"is-a","value":"_RefusalReasonCode"}]},{"valueSet":["http://terminology.hl7.org/ValueSet/v3-ActDetectedIssueCode"]}]}}