{"resourceType":"ValueSet","id":"v3-PostalAddressUse","language":"en","text":{"status":"extensions","div":"<div xml:lang=\"en\" xmlns=\"http://www.w3.org/1999/xhtml\" lang=\"en\"><p>This value set includes codes based on the following rules:</p><ul><li>Include these codes as defined in <a href=\"CodeSystem-v3-AddressUse.html\"><code>http://terminology.hl7.org/CodeSystem/v3-AddressUse</code></a><table class=\"none\"><tr><td style=\"white-space:nowrap\"><b>Code</b></td><td><b>Display</b></td><td><b>Definition</b></td></tr><tr><td><a href=\"CodeSystem-v3-AddressUse.html#v3-AddressUse-BAD\">BAD</a></td><td>bad address</td><td>**Description:** A flag indicating that the address is bad, in fact, useless.</td></tr><tr><td><a href=\"CodeSystem-v3-AddressUse.html#v3-AddressUse-DIR\">DIR</a></td><td>direct</td><td>**Description:** Indicates a work place address or telecommunication address that reaches the individual or organization directly without intermediaries. For phones, often referred to as a 'private line'.</td></tr><tr><td><a href=\"CodeSystem-v3-AddressUse.html#v3-AddressUse-H\">H</a></td><td>home address</td><td>**Description:** A communication address at a home, attempted contacts for business purposes might intrude privacy and chances are one will contact family or other household members instead of the person one wishes to call. Typically used with urgent cases, or if no other contacts are available.</td></tr><tr><td><a href=\"CodeSystem-v3-AddressUse.html#v3-AddressUse-HP\">HP</a></td><td>primary home</td><td>**Description:** The primary home, to reach a person after business hours.</td></tr><tr><td><a href=\"CodeSystem-v3-AddressUse.html#v3-AddressUse-HV\">HV</a></td><td>vacation home</td><td>**Description:** A vacation home, to reach a person while on vacation.</td></tr><tr><td><a href=\"CodeSystem-v3-AddressUse.html#v3-AddressUse-PHYS\">PHYS</a></td><td>physical visit address</td><td>**Description:** Used primarily to visit an address.</td></tr><tr><td><a href=\"CodeSystem-v3-AddressUse.html#v3-AddressUse-PST\">PST</a></td><td>postal address</td><td>**Description:** Used to send mail.</td></tr><tr><td><a href=\"CodeSystem-v3-AddressUse.html#v3-AddressUse-PUB\">PUB</a></td><td>public</td><td>**Description:** Indicates a work place address or telecommunication address that is a 'standard' address which may reach a reception service, mail-room, or other intermediary prior to the target entity.</td></tr><tr><td><a href=\"CodeSystem-v3-AddressUse.html#v3-AddressUse-TMP\">TMP</a></td><td>temporary address</td><td>**Description:** A temporary address, may be good for visit or mailing. Note that an address history can provide more detailed information.</td></tr><tr><td><a href=\"CodeSystem-v3-AddressUse.html#v3-AddressUse-WP\">WP</a></td><td>work place</td><td>**Description:** An office address. First choice for business related contacts during business hours.</td></tr></table></li><li>Import all the codes that are contained in <a href=\"ValueSet-v3-AddressRepresentationUse.html\">http://terminology.hl7.org/ValueSet/v3-AddressRepresentationUse</a></li><li>Import all the codes that are contained in <a href=\"ValueSet-v3-HL7SearchUse.html\">http://terminology.hl7.org/ValueSet/v3-HL7SearchUse</a></li></ul></div>"},"url":"http://terminology.hl7.org/ValueSet/v3-PostalAddressUse","identifier":[{"system":"urn:ietf:rfc:3986","value":"urn:oid:2.16.840.1.113883.1.11.10637"}],"version":"2.0.0","name":"PostalAddressUse","title":"PostalAddressUse","status":"active","experimental":false,"date":"2014-03-26","description":"***No description***","compose":{"include":[{"system":"http://terminology.hl7.org/CodeSystem/v3-AddressUse","concept":[{"code":"BAD"},{"code":"DIR"},{"code":"H"},{"code":"HP"},{"code":"HV"},{"code":"PHYS"},{"code":"PST"},{"code":"PUB"},{"code":"TMP"},{"code":"WP"}]},{"valueSet":["http://terminology.hl7.org/ValueSet/v3-AddressRepresentationUse"]},{"valueSet":["http://terminology.hl7.org/ValueSet/v3-HL7SearchUse"]}]}}