{"resourceType":"ValueSet","id":"verificationresult-push-type-available","meta":{"lastUpdated":"2020-02-24T12:41:39.109+11:00","profile":["http://hl7.org/fhir/StructureDefinition/shareablevalueset"]},"text":{"status":"generated","div":"<div xmlns=\"http://www.w3.org/1999/xhtml\"><ul><li>Include all codes defined in <a href=\"CodeSystem-push-type-available.html\"><code>http://terminology.hl7.org/CodeSystem/push-type-available</code></a></li></ul></div>"},"extension":[{"url":"http://hl7.org/fhir/StructureDefinition/structuredefinition-wg","valueCode":"pa"}],"url":"http://terminology.hl7.org/ValueSet/verificationresult-push-type-available","identifier":[{"system":"urn:ietf:rfc:3986","value":"urn:oid:2.16.840.1.113883.4.642.3.898"}],"version":"0.1.0","name":"Push_type_available","title":"Push-type-available","status":"draft","experimental":false,"date":"2018-06-05T14:06:02+00:00","publisher":"HL7 (FHIR Project)","contact":[{"telecom":[{"system":"url","value":"http://hl7.org/fhir"},{"system":"email","value":"fhir@lists.hl7.org"}]}],"description":"Type of alerts/updates the primary source can send","immutable":true,"compose":{"include":[{"system":"http://terminology.hl7.org/CodeSystem/push-type-available"}]}}