{"resourceType":"ValueSet","id":"v3-StyleType","language":"en","text":{"status":"extensions","div":"<div xml:lang=\"en\" xmlns=\"http://www.w3.org/1999/xhtml\" lang=\"en\"><p>This value set includes codes based on the following rules:</p><ul><li>Import all the codes that are contained in <a href=\"ValueSet-v3-FontStyle.html\">http://terminology.hl7.org/ValueSet/v3-FontStyle</a></li><li>Import all the codes that are contained in <a href=\"ValueSet-v3-TableRuleStyle.html\">http://terminology.hl7.org/ValueSet/v3-TableRuleStyle</a></li><li>Import all the codes that are contained in <a href=\"ValueSet-v3-ListStyle.html\">http://terminology.hl7.org/ValueSet/v3-ListStyle</a></li></ul><p>This value set excludes codes based on the following rules:</p><ul><li>Exclude these codes as defined in <a href=\"CodeSystem-v3-styleType.html\"><code>http://terminology.hl7.org/CodeSystem/v3-styleType</code></a><table class=\"none\"><tr><td style=\"white-space:nowrap\"><b>Code</b></td><td><b>Display</b></td><td><b>Definition</b></td></tr><tr><td><a href=\"CodeSystem-v3-styleType.html#v3-styleType-_TableRuleStyle\">_TableRuleStyle</a></td><td>Table Rule Style</td><td>Defines table cell rendering characteristics</td></tr></table></li><li>Exclude these codes as defined in <a href=\"CodeSystem-v3-styleType.html\"><code>http://terminology.hl7.org/CodeSystem/v3-styleType</code></a><table class=\"none\"><tr><td style=\"white-space:nowrap\"><b>Code</b></td><td><b>Display</b></td><td><b>Definition</b></td></tr><tr><td><a href=\"CodeSystem-v3-styleType.html#v3-styleType-_ListStyle\">_ListStyle</a></td><td>List Style</td><td>Defines list rendering characteristics</td></tr></table></li><li>Exclude these codes as defined in <a href=\"CodeSystem-v3-styleType.html\"><code>http://terminology.hl7.org/CodeSystem/v3-styleType</code></a><table class=\"none\"><tr><td style=\"white-space:nowrap\"><b>Code</b></td><td><b>Display</b></td><td><b>Definition</b></td></tr><tr><td><a href=\"CodeSystem-v3-styleType.html#v3-styleType-_FontStyle\">_FontStyle</a></td><td>Font Style</td><td>Defines font rendering characteristics</td></tr></table></li></ul></div>"},"url":"http://terminology.hl7.org/ValueSet/v3-StyleType","identifier":[{"system":"urn:ietf:rfc:3986","value":"urn:oid:2.16.840.1.113883.1.11.19602"}],"version":"2.0.0","name":"StyleType","title":"StyleType","status":"active","experimental":false,"date":"2014-03-26","description":"(abstract) Used within an instance to give the author some control over various aspects of rendering","compose":{"include":[{"valueSet":["http://terminology.hl7.org/ValueSet/v3-FontStyle"]},{"valueSet":["http://terminology.hl7.org/ValueSet/v3-TableRuleStyle"]},{"valueSet":["http://terminology.hl7.org/ValueSet/v3-ListStyle"]}],"exclude":[{"system":"http://terminology.hl7.org/CodeSystem/v3-styleType","concept":[{"code":"_TableRuleStyle"}]},{"system":"http://terminology.hl7.org/CodeSystem/v3-styleType","concept":[{"code":"_ListStyle"}]},{"system":"http://terminology.hl7.org/CodeSystem/v3-styleType","concept":[{"code":"_FontStyle"}]}]}}