{"resourceType":"ValueSet","id":"v3-ActRelationshipHasPart","language":"en","text":{"status":"generated","div":"<div xml:lang=\"en\" xmlns=\"http://www.w3.org/1999/xhtml\" lang=\"en\"><ul><li>Include codes from <a href=\"CodeSystem-v3-ActRelationshipType.html\"><code>http://terminology.hl7.org/CodeSystem/v3-ActRelationshipType</code></a> where concept  is-a  <a href=\"CodeSystem-v3-ActRelationshipType.html#v3-ActRelationshipType-PART\">PART</a></li></ul></div>"},"url":"http://terminology.hl7.org/ValueSet/v3-ActRelationshipHasPart","identifier":[{"system":"urn:ietf:rfc:3986","value":"urn:oid:2.16.840.1.113883.1.11.20502"}],"version":"2.0.0","name":"ActRelationshipHasPart","title":"ActRelationshipHasPart","status":"active","experimental":false,"date":"2014-03-26","description":"***No description***","compose":{"include":[{"system":"http://terminology.hl7.org/CodeSystem/v3-ActRelationshipType","filter":[{"property":"concept","op":"is-a","value":"PART"}]}]}}