{"resourceType":"ValueSet","id":"v3-ActMoodPromise","language":"en","text":{"status":"generated","div":"<div xml:lang=\"en\" xmlns=\"http://www.w3.org/1999/xhtml\" lang=\"en\"><ul><li>Include codes from <a href=\"CodeSystem-v3-ActMood.html\"><code>http://terminology.hl7.org/CodeSystem/v3-ActMood</code></a> where concept  is-a  <a href=\"CodeSystem-v3-ActMood.html#v3-ActMood-PRMS\">PRMS</a></li></ul></div>"},"url":"http://terminology.hl7.org/ValueSet/v3-ActMoodPromise","identifier":[{"system":"urn:ietf:rfc:3986","value":"urn:oid:2.16.840.1.113883.1.11.19945"}],"version":"2.0.0","name":"ActMoodPromise","title":"ActMoodPromise","status":"active","experimental":false,"date":"2014-03-26","description":"An intent to perform a service that has the strength of a commitment, i.e., other parties may rely on the originator of such promise that said originator will see to it that the promised act will be fulfilled. A promise can be either solicited or unsolicited.","immutable":true,"compose":{"include":[{"system":"http://terminology.hl7.org/CodeSystem/v3-ActMood","filter":[{"property":"concept","op":"is-a","value":"PRMS"}]}]}}