{"resourceType":"ValueSet","id":"v3-ActClassStateTransitionControl","language":"en","text":{"status":"generated","div":"<div xml:lang=\"en\" xmlns=\"http://www.w3.org/1999/xhtml\" lang=\"en\"><ul><li>Include codes from <a href=\"CodeSystem-v3-ActClass.html\"><code>http://terminology.hl7.org/CodeSystem/v3-ActClass</code></a> where concept  is-a  <a href=\"CodeSystem-v3-ActClass.html#v3-ActClass-STC\">STC</a></li></ul></div>"},"url":"http://terminology.hl7.org/ValueSet/v3-ActClassStateTransitionControl","identifier":[{"system":"urn:ietf:rfc:3986","value":"urn:oid:2.16.840.1.113883.1.11.20253"}],"version":"2.0.0","name":"ActClassStateTransitionControl","title":"ActClassStateTransitionControl","status":"active","experimental":false,"date":"2014-03-26","description":"Sender transmits a status change pertaining to the focal act of the payload. This status of the focal act is the final state of the state transition. This can be either a request or a command, according to the mood of the control act.","immutable":true,"compose":{"include":[{"system":"http://terminology.hl7.org/CodeSystem/v3-ActClass","filter":[{"property":"concept","op":"is-a","value":"STC"}]}]}}