{"resourceType":"ValueSet","id":"v3-PrescriptionDispenseFilterCode","language":"en","text":{"status":"generated","div":"<div xml:lang=\"en\" xmlns=\"http://www.w3.org/1999/xhtml\" lang=\"en\"><ul><li>Include codes from <a href=\"CodeSystem-v3-QueryParameterValue.html\"><code>http://terminology.hl7.org/CodeSystem/v3-QueryParameterValue</code></a> where concept  is-a  <a href=\"CodeSystem-v3-QueryParameterValue.html#v3-QueryParameterValue-_PrescriptionDispenseFilterCode\">_PrescriptionDispenseFilterCode</a></li></ul></div>"},"url":"http://terminology.hl7.org/ValueSet/v3-PrescriptionDispenseFilterCode","identifier":[{"system":"urn:ietf:rfc:3986","value":"urn:oid:2.16.840.1.113883.1.11.19727"}],"version":"2.0.0","name":"PrescriptionDispenseFilterCode","title":"PrescriptionDispenseFilterCode","status":"active","experimental":false,"date":"2014-03-26","description":"A \"helper\" vocabulary used to construct complex query filters based on how and whether a prescription has been dispensed.","compose":{"include":[{"system":"http://terminology.hl7.org/CodeSystem/v3-QueryParameterValue","filter":[{"property":"concept","op":"is-a","value":"_PrescriptionDispenseFilterCode"}]}]}}