{"resourceType":"ValueSet","id":"v3-ActClassROI","language":"en","text":{"status":"extensions","div":"<div xml:lang=\"en\" xmlns=\"http://www.w3.org/1999/xhtml\" lang=\"en\"><p>This value set includes codes based on the following rules:</p><ul><li>Include codes from <a href=\"CodeSystem-v3-ActClass.html\"><code>http://terminology.hl7.org/CodeSystem/v3-ActClass</code></a> where concept  is-a  <a href=\"CodeSystem-v3-ActClass.html#v3-ActClass-_ActClassROI\">_ActClassROI</a></li></ul><p>This value set excludes codes based on the following rules:</p><ul><li>Exclude these codes as defined in <a href=\"CodeSystem-v3-ActClass.html\"><code>http://terminology.hl7.org/CodeSystem/v3-ActClass</code></a><table class=\"none\"><tr><td style=\"white-space:nowrap\"><b>Code</b></td><td><b>Display</b></td><td><b>Definition</b></td></tr><tr><td><a href=\"CodeSystem-v3-ActClass.html#v3-ActClass-_ActClassROI\">_ActClassROI</a></td><td>ActClassROI</td><td>Regions of Interest (ROI) within a subject Act. Primarily used for making secondary observations on a subset of a subject observation. The relationship between a ROI and its referenced Act is specified through an ActRelationship of type &quot;subject&quot; (SUBJ), which must always be present.</td></tr></table></li></ul></div>"},"url":"http://terminology.hl7.org/ValueSet/v3-ActClassROI","identifier":[{"system":"urn:ietf:rfc:3986","value":"urn:oid:2.16.840.1.113883.1.11.17893"}],"version":"2.0.0","name":"ActClassROI","title":"ActClassROI","status":"active","experimental":false,"date":"2014-03-26","description":"Regions of Interest (ROI) within a subject Act. Primarily used for making secondary observations on a subset of a subject observation. The relationship between a ROI and its referenced Act is specified through an ActRelationship of type \"subject\" (SUBJ), which must always be present.","immutable":true,"compose":{"include":[{"system":"http://terminology.hl7.org/CodeSystem/v3-ActClass","filter":[{"property":"concept","op":"is-a","value":"_ActClassROI"}]}],"exclude":[{"system":"http://terminology.hl7.org/CodeSystem/v3-ActClass","concept":[{"code":"_ActClassROI"}]}]}}