{"resourceType":"ValueSet","id":"v3-xAdministeredSubstance","language":"en","text":{"status":"extensions","div":"<div xml:lang=\"en\" xmlns=\"http://www.w3.org/1999/xhtml\" lang=\"en\"><p>This value set includes codes based on the following rules:</p><ul><li>Include these codes as defined in <a href=\"CodeSystem-v3-EntityCode.html\"><code>http://terminology.hl7.org/CodeSystem/v3-EntityCode</code></a><table class=\"none\"><tr><td style=\"white-space:nowrap\"><b>Code</b></td><td><b>Display</b></td><td><b>Definition</b></td></tr><tr><td><a href=\"CodeSystem-v3-EntityCode.html#v3-EntityCode-VCCNE\">VCCNE</a></td><td>Vaccine</td><td>A Type of medicine that creates an immune protection without the recipient experiencing the disease.</td></tr></table></li><li>Import all the codes that are contained in <a href=\"ValueSet-v3-xMedicine.html\">http://terminology.hl7.org/ValueSet/v3-xMedicine</a></li></ul></div>"},"url":"http://terminology.hl7.org/ValueSet/v3-xAdministeredSubstance","identifier":[{"system":"urn:ietf:rfc:3986","value":"urn:oid:2.16.840.1.113883.1.11.19667"}],"version":"2.0.0","name":"XAdministeredSubstance","title":"x_AdministeredSubstance","status":"active","experimental":false,"date":"2014-03-26","description":"A type of Manufactured Material that is administered to a living subject, either by a healthcare professional or auto-administered, within a healthcare context.","compose":{"include":[{"system":"http://terminology.hl7.org/CodeSystem/v3-EntityCode","concept":[{"code":"VCCNE"}]},{"valueSet":["http://terminology.hl7.org/ValueSet/v3-xMedicine"]}]}}