{"resourceType":"ValueSet","id":"v3-ParticipationEntryLocation","language":"en","text":{"status":"generated","div":"<div xml:lang=\"en\" xmlns=\"http://www.w3.org/1999/xhtml\" lang=\"en\"><ul><li>Include codes from <a href=\"CodeSystem-v3-ParticipationType.html\"><code>http://terminology.hl7.org/CodeSystem/v3-ParticipationType</code></a> where concept  is-a  <a href=\"CodeSystem-v3-ParticipationType.html#v3-ParticipationType-ELOC\">ELOC</a></li></ul></div>"},"url":"http://terminology.hl7.org/ValueSet/v3-ParticipationEntryLocation","identifier":[{"system":"urn:ietf:rfc:3986","value":"urn:oid:2.16.840.1.113883.1.11.20078"}],"version":"2.0.0","name":"ParticipationEntryLocation","title":"ParticipationEntryLocation","status":"active","experimental":false,"date":"2014-03-26","description":"A location where data about an Act was entered.","immutable":true,"compose":{"include":[{"system":"http://terminology.hl7.org/CodeSystem/v3-ParticipationType","filter":[{"property":"concept","op":"is-a","value":"ELOC"}]}]}}