{"resourceType":"ValueSet","id":"v3-OralTablet","language":"en","text":{"status":"generated","div":"<div xml:lang=\"en\" xmlns=\"http://www.w3.org/1999/xhtml\" lang=\"en\"><ul><li>Include codes from <a href=\"CodeSystem-v3-orderableDrugForm.html\"><code>http://terminology.hl7.org/CodeSystem/v3-orderableDrugForm</code></a> where concept  is-a  <a href=\"CodeSystem-v3-orderableDrugForm.html#v3-orderableDrugForm-ORTAB\">ORTAB</a></li></ul></div>"},"url":"http://terminology.hl7.org/ValueSet/v3-OralTablet","identifier":[{"system":"urn:ietf:rfc:3986","value":"urn:oid:2.16.840.1.113883.1.11.14516"}],"version":"2.0.0","name":"OralTablet","title":"OralTablet","status":"active","experimental":false,"date":"2014-03-26","description":"***No description***","compose":{"include":[{"system":"http://terminology.hl7.org/CodeSystem/v3-orderableDrugForm","filter":[{"property":"concept","op":"is-a","value":"ORTAB"}]}]}}