{"resourceType":"ValueSet","id":"v3-xActRelationshipRelatedAuthorizations","language":"en","text":{"status":"extensions","div":"<div xml:lang=\"en\" xmlns=\"http://www.w3.org/1999/xhtml\" lang=\"en\"><ul><li>Include these codes as defined in <a href=\"CodeSystem-v3-ActRelationshipType.html\"><code>http://terminology.hl7.org/CodeSystem/v3-ActRelationshipType</code></a><table class=\"none\"><tr><td style=\"white-space:nowrap\"><b>Code</b></td><td><b>Display</b></td><td><b>Definition</b></td></tr><tr><td><a href=\"CodeSystem-v3-ActRelationshipType.html#v3-ActRelationshipType-AUTH\">AUTH</a></td><td>authorized by</td><td>A relationship in which the target act authorizes or certifies the source act.</td></tr><tr><td><a href=\"CodeSystem-v3-ActRelationshipType.html#v3-ActRelationshipType-REFR\">REFR</a></td><td>refers to</td><td>A relationship in which the target act is referred to by the source act. This permits a simple reference relationship that distinguishes between the referent and the referee.</td></tr></table></li></ul></div>"},"url":"http://terminology.hl7.org/ValueSet/v3-xActRelationshipRelatedAuthorizations","identifier":[{"system":"urn:ietf:rfc:3986","value":"urn:oid:2.16.840.1.113883.1.11.19825"}],"version":"2.0.0","name":"XActRelationshipRelatedAuthorizations","title":"x_ActRelationshipRelatedAuthorizations","status":"active","experimental":false,"date":"2014-03-26","description":"***No description***","compose":{"include":[{"system":"http://terminology.hl7.org/CodeSystem/v3-ActRelationshipType","concept":[{"code":"AUTH"},{"code":"REFR"}]}]}}