{"resourceType":"ValueSet","id":"v3-Other","language":"en","text":{"status":"generated","div":"<div xml:lang=\"en\" xmlns=\"http://www.w3.org/1999/xhtml\" lang=\"en\"><ul><li>Include codes from <a href=\"CodeSystem-v3-NullFlavor.html\"><code>http://terminology.hl7.org/CodeSystem/v3-NullFlavor</code></a> where concept  is-a  <a href=\"CodeSystem-v3-NullFlavor.html#v3-NullFlavor-OTH\">OTH</a></li></ul></div>"},"url":"http://terminology.hl7.org/ValueSet/v3-Other","identifier":[{"system":"urn:ietf:rfc:3986","value":"urn:oid:2.16.840.1.113883.1.11.10616"}],"version":"2.0.0","name":"Other","title":"Other","status":"active","experimental":false,"date":"2014-03-26","description":"The actual value is not an element in the value domain of a variable. (e.g., concept not provided by required code system).","compose":{"include":[{"system":"http://terminology.hl7.org/CodeSystem/v3-NullFlavor","filter":[{"property":"concept","op":"is-a","value":"OTH"}]}]}}