{"resourceType":"ValueSet","id":"v3-ParticipationReferredBy","language":"en","text":{"status":"generated","div":"<div xml:lang=\"en\" xmlns=\"http://www.w3.org/1999/xhtml\" lang=\"en\"><ul><li>Include codes from <a href=\"CodeSystem-v3-ParticipationType.html\"><code>http://terminology.hl7.org/CodeSystem/v3-ParticipationType</code></a> where concept  is-a  <a href=\"CodeSystem-v3-ParticipationType.html#v3-ParticipationType-REFB\">REFB</a></li></ul></div>"},"url":"http://terminology.hl7.org/ValueSet/v3-ParticipationReferredBy","identifier":[{"system":"urn:ietf:rfc:3986","value":"urn:oid:2.16.840.1.113883.1.11.20098"}],"version":"2.0.0","name":"ParticipationReferredBy","title":"ParticipationReferredBy","status":"active","experimental":false,"date":"2014-03-26","description":"A participant (e.g. provider) who has referred the subject of an act (e.g. patient).\r\n\r\nTypically, a referred by participant will provide a report (e.g. referral).","immutable":true,"compose":{"include":[{"system":"http://terminology.hl7.org/CodeSystem/v3-ParticipationType","filter":[{"property":"concept","op":"is-a","value":"REFB"}]}]}}