{"resourceType":"ValueSet","id":"v3-SecurityTrustFrameworkObservationType","language":"en","text":{"status":"generated","div":"<div xml:lang=\"en\" xmlns=\"http://www.w3.org/1999/xhtml\" lang=\"en\"><ul><li>Include codes from <a href=\"CodeSystem-v3-ActCode.html\"><code>http://terminology.hl7.org/CodeSystem/v3-ActCode</code></a> where concept  is-a  <a href=\"CodeSystem-v3-ActCode.html#v3-ActCode-TRSTFWKOBS\">TRSTFWKOBS</a></li></ul></div>"},"url":"http://terminology.hl7.org/ValueSet/v3-SecurityTrustFrameworkObservationType","identifier":[{"system":"urn:ietf:rfc:3986","value":"urn:oid:2.16.840.1.113883.1.11.20535"}],"version":"2.0.0","name":"SecurityTrustFrameworkObservationType","title":"SecurityTrustFrameworkObservationType","status":"active","experimental":false,"date":"2014-08-07","description":"Type of security metadata observation made about a complete set of contracts, regulations, or commitments that enable participating actors to rely on certain assertions by other actors to fulfill their information security requirements. \\[Kantara Initiative\\]","immutable":true,"compose":{"include":[{"system":"http://terminology.hl7.org/CodeSystem/v3-ActCode","filter":[{"property":"concept","op":"is-a","value":"TRSTFWKOBS"}]}]}}