{"resourceType":"ValueSet","id":"v3-SecurityIntegrityProvenanceObservationType","language":"en","text":{"status":"generated","div":"<div xml:lang=\"en\" xmlns=\"http://www.w3.org/1999/xhtml\" lang=\"en\"><ul><li>Include codes from <a href=\"CodeSystem-v3-ActCode.html\"><code>http://terminology.hl7.org/CodeSystem/v3-ActCode</code></a> where concept  is-a  <a href=\"CodeSystem-v3-ActCode.html#v3-ActCode-SECINTPRVOBS\">SECINTPRVOBS</a></li></ul></div>"},"url":"http://terminology.hl7.org/ValueSet/v3-SecurityIntegrityProvenanceObservationType","identifier":[{"system":"urn:ietf:rfc:3986","value":"urn:oid:2.16.840.1.113883.1.11.20466"}],"version":"2.0.0","name":"SecurityIntegrityProvenanceObservationType","title":"SecurityIntegrityProvenanceObservationType","status":"active","experimental":false,"date":"2014-03-26","description":"Type of security metadata observation made about the provenance integrity of an IT resource (data, information object, service, or system capability), which indicates the lifecycle completeness or workflow status of an IT resource, such as its creation, modification, suspension, and deletion; locations in which the resource has been collected or archived, from which it may be retrieved, and the history of its distribution and disclosure. Integrity provenance metadata about an IT resource may be used to assess its veracity, reliability, and trustworthiness.","immutable":true,"compose":{"include":[{"system":"http://terminology.hl7.org/CodeSystem/v3-ActCode","filter":[{"property":"concept","op":"is-a","value":"SECINTPRVOBS"}]}]}}