{"resourceType":"ValueSet","id":"v3-PersonalRelationshipRoleType","language":"en","text":{"status":"generated","div":"<div xml:lang=\"en\" xmlns=\"http://www.w3.org/1999/xhtml\" lang=\"en\"><p>This value set includes codes based on the following rules:</p><ul><li>Include codes from <a href=\"CodeSystem-v3-RoleCode.html\"><code>http://terminology.hl7.org/CodeSystem/v3-RoleCode</code></a> where concept  is-a  <a href=\"CodeSystem-v3-RoleCode.html#v3-RoleCode-_PersonalRelationshipRoleType\">_PersonalRelationshipRoleType</a></li></ul><p>This value set excludes codes based on the following rules:</p><ul><li>Exclude these codes as defined in <a href=\"CodeSystem-v3-RoleCode.html\"><code>http://terminology.hl7.org/CodeSystem/v3-RoleCode</code></a><table class=\"none\"><tr><td style=\"white-space:nowrap\"><b>Code</b></td><td><b>Display</b></td></tr><tr><td><a href=\"CodeSystem-v3-RoleCode.html#v3-RoleCode-_PersonalRelationshipRoleType\">_PersonalRelationshipRoleType</a></td><td>PersonalRelationshipRoleType</td></tr></table></li></ul></div>"},"url":"http://terminology.hl7.org/ValueSet/v3-PersonalRelationshipRoleType","identifier":[{"system":"urn:ietf:rfc:3986","value":"urn:oid:2.16.840.1.113883.1.11.19563"}],"version":"2.0.0","name":"PersonalRelationshipRoleType","title":"PersonalRelationshipRoleType","status":"active","experimental":false,"date":"2014-03-26","description":"Types of personal relationships between two living subjects.\r\n\r\n*Example:*Parent, sibling, unrelated friend, neighbor","compose":{"include":[{"system":"http://terminology.hl7.org/CodeSystem/v3-RoleCode","filter":[{"property":"concept","op":"is-a","value":"_PersonalRelationshipRoleType"}]}],"exclude":[{"system":"http://terminology.hl7.org/CodeSystem/v3-RoleCode","concept":[{"code":"_PersonalRelationshipRoleType"}]}]}}