{"resourceType":"ValueSet","id":"v3-xClinicalStatementProcedureMood","language":"en","text":{"status":"extensions","div":"<div xml:lang=\"en\" xmlns=\"http://www.w3.org/1999/xhtml\" lang=\"en\"><ul><li>Include these codes as defined in <a href=\"CodeSystem-v3-ActMood.html\"><code>http://terminology.hl7.org/CodeSystem/v3-ActMood</code></a><table class=\"none\"><tr><td style=\"white-space:nowrap\"><b>Code</b></td><td><b>Display</b></td><td><b>Definition</b></td></tr><tr><td><a href=\"CodeSystem-v3-ActMood.html#v3-ActMood-APT\">APT</a></td><td>appointment</td><td>**Definition:** An act that has been scheduled to be performed at a specific place and time.</td></tr><tr><td><a href=\"CodeSystem-v3-ActMood.html#v3-ActMood-ARQ\">ARQ</a></td><td>appointment request</td><td>**Definition:** A request act that is specialized for the appointment scheduling request/fulfillment cycle. An appointment request is fulfilled only and completely by an appointment (APT), i.e., all that the appointment request intends is to create an appointment *(the actual act may well not happen if that is the professional decision during the appointment)*.</td></tr><tr><td><a href=\"CodeSystem-v3-ActMood.html#v3-ActMood-CRT\">CRT</a></td><td>criterion</td><td>***Deprecation Comment:*** This concept This codes should no longer be used. Instead, set attribute Act.isCriterionInd to &quot;true&quot; and use the desired mood for your criterion.<br/><br/>**Definition:** A condition that must be true for the source act to be considered.</td></tr><tr><td><a href=\"CodeSystem-v3-ActMood.html#v3-ActMood-DEF\">DEF</a></td><td>definition</td><td>**Definition:** A definition of a kind of act that can occur .<br/><br/>**OpenIssue:** The semantic constructs embodied in DEF and CRT moods seem indistinguishable, and their uses can readily be determined by the context in which these are used. Therefore, this OpenIssue has been created to declare that it is likely that ActMood.DEF will be &quot;retired&quot; in the future in favor of the more general ActMood.CRT.</td></tr><tr><td><a href=\"CodeSystem-v3-ActMood.html#v3-ActMood-EVN\">EVN</a></td><td>event (occurrence)</td><td>**Definition:** An act that actually happens (may be an ongoing act or a documentation of a past act).</td></tr><tr><td><a href=\"CodeSystem-v3-ActMood.html#v3-ActMood-EVN.46CRT\">EVN.CRT</a></td><td>event criterion</td><td>***Deprecation Comment:*** This concept This codes should no longer be used. Instead, set attribute Act.isCriterionInd to &quot;true&quot; and use the desired mood for your criterion.<br/><br/>**Definition:** A criterion (CRT) that has\\_match = an event (EVN).</td></tr><tr><td><a href=\"CodeSystem-v3-ActMood.html#v3-ActMood-INT\">INT</a></td><td>intent</td><td>**Definition:** An intention or plan for an act.<br/><br/>**&gt;UsageNotes:** The final outcome of the intent, the act that is intended to occur, is always an event. However the final outcome may be reached indirectly via steps through other intents, such as promise, permission request, or an appointment that may lead to an actual event to occur. Alternatively, the intended act may never occur.</td></tr><tr><td><a href=\"CodeSystem-v3-ActMood.html#v3-ActMood-PRMS\">PRMS</a></td><td>promise</td><td>**Definition:** A commitment to perform an act (may be either solicited or unsolicited). The committer becomes responsible to the other party for executing the act, and, as a consequence, the other party may rely on the first party to perform or cause to perform the act.<br/><br/>**UsageNotes:** Commitments may be retracted or cancelled.</td></tr><tr><td><a href=\"CodeSystem-v3-ActMood.html#v3-ActMood-PRP\">PRP</a></td><td>proposal</td><td>**Definition:** A suggestion that an act might be performed. Not an explicit request, and professional responsibility may or may not be present.</td></tr><tr><td><a href=\"CodeSystem-v3-ActMood.html#v3-ActMood-RQO\">RQO</a></td><td>request</td><td>**Definition:** A request act that is specialized for an event request/fulfillment cycle.<br/><br/>**UsageNotes:** The fulfillment cycle may involve intermediary fulfilling acts in moods such as PRMS, APT, or even another RQO before being fulfilled by the final event.<br/><br/>**UsageNotes:** The concepts of a &quot;request&quot; and an &quot;order&quot; are viewed as different, because there is an implication of a mandate associated with order. In practice, however, this distinction has no general functional value in the inter-operation of health care computing. &quot;Orders&quot; are commonly refused for a variety of clinical and business reasons, and the notion of a &quot;request&quot; obligates the recipient (the fulfiller) to respond to the sender (the author). Indeed, in many regions, including Australia and Europe, the common term used is &quot;request.&quot;<br/><br/>Thus, the concept embodies both notions, as there is no useful distinction to be made. If a mandate is to be associated with a request, this will be embodied in the &quot;local&quot; business rules applied to the transactions. Should HL7 desire to provide a distinction between these in the future, the individual concepts could be added as specializations of this concept.<br/><br/>The critical distinction here, is the difference between this concept and an &quot;intent&quot;, of which it is a specialization. An intent involves decisions by a single party, the author. A request, however, involves decisions by two parties, the author and the fulfiller, with an obligation on the part of the fulfiller to respond to the request indicating that the fulfiller will indeed fulfill the request.</td></tr></table></li></ul></div>"},"url":"http://terminology.hl7.org/ValueSet/v3-xClinicalStatementProcedureMood","identifier":[{"system":"urn:ietf:rfc:3986","value":"urn:oid:2.16.840.1.113883.1.11.19647"}],"version":"2.0.0","name":"XClinicalStatementProcedureMood","title":"x_ClinicalStatementProcedureMood","status":"active","experimental":false,"date":"2014-03-26","description":"***No description***","compose":{"include":[{"system":"http://terminology.hl7.org/CodeSystem/v3-ActMood","concept":[{"code":"APT"},{"code":"ARQ"},{"code":"CRT"},{"code":"DEF"},{"code":"EVN"},{"code":"EVN.CRT"},{"code":"INT"},{"code":"PRMS"},{"code":"PRP"},{"code":"RQO"}]}]}}