{"resourceType":"ValueSet","id":"v3-ObservationInterpretationNormalityCriticallyAbnormal","language":"en","text":{"status":"generated","div":"<div xml:lang=\"en\" xmlns=\"http://www.w3.org/1999/xhtml\" lang=\"en\"><ul><li>Include codes from <a href=\"CodeSystem-v3-ObservationInterpretation.html\"><code>http://terminology.hl7.org/CodeSystem/v3-ObservationInterpretation</code></a> where concept  is-a  <a href=\"CodeSystem-v3-ObservationInterpretation.html#v3-ObservationInterpretation-AA\">AA</a></li></ul></div>"},"url":"http://terminology.hl7.org/ValueSet/v3-ObservationInterpretationNormalityCriticallyAbnormal","identifier":[{"system":"urn:ietf:rfc:3986","value":"urn:oid:2.16.840.1.113883.1.11.10211"}],"version":"2.0.0","name":"ObservationInterpretationNormalityCriticallyAbnormal","title":"ObservationInterpretationNormalityCriticallyAbnormal","status":"active","experimental":false,"date":"2019-03-20","description":"Interpretation of a critical (or \"alert\") degree of abnormality. Concepts in this category are mutually exclusive, i.e., at most one is allowed.","compose":{"include":[{"system":"http://terminology.hl7.org/CodeSystem/v3-ObservationInterpretation","filter":[{"property":"concept","op":"is-a","value":"AA"}]}]}}