{"resourceType":"ValueSet","id":"v3-OrganizationNameUse","language":"en","text":{"status":"generated","div":"<div xml:lang=\"en\" xmlns=\"http://www.w3.org/1999/xhtml\" lang=\"en\"><p>This value set includes codes based on the following rules:</p><ul><li>Include codes from <a href=\"CodeSystem-v3-EntityNameUse.html\"><code>http://terminology.hl7.org/CodeSystem/v3-EntityNameUse</code></a> where concept  descends from  <a href=\"CodeSystem-v3-EntityNameUse.html#v3-EntityNameUse-_OrganizationNameUse\">_OrganizationNameUse</a></li><li>Import all the codes that are contained in <a href=\"ValueSet-v3-AddressRepresentationUse.html\">http://terminology.hl7.org/ValueSet/v3-AddressRepresentationUse</a></li></ul></div>"},"url":"http://terminology.hl7.org/ValueSet/v3-OrganizationNameUse","identifier":[{"system":"urn:ietf:rfc:3986","value":"urn:oid:2.16.840.1.113883.1.11.15914"}],"version":"2.0.0","name":"OrganizationNameUse","title":"OrganizationNameUse","status":"active","experimental":false,"date":"2014-03-26","description":"***No description***","compose":{"include":[{"system":"http://terminology.hl7.org/CodeSystem/v3-EntityNameUse","filter":[{"property":"concept","op":"descendent-of","value":"_OrganizationNameUse"}]},{"valueSet":["http://terminology.hl7.org/ValueSet/v3-AddressRepresentationUse"]}]}}