{"resourceType":"ValueSet","id":"v3-RoleClassTerritoryOfAuthority","language":"en","text":{"status":"generated","div":"<div xml:lang=\"en\" xmlns=\"http://www.w3.org/1999/xhtml\" lang=\"en\"><ul><li>Include codes from <a href=\"CodeSystem-v3-RoleClass.html\"><code>http://terminology.hl7.org/CodeSystem/v3-RoleClass</code></a> where concept  is-a  <a href=\"CodeSystem-v3-RoleClass.html#v3-RoleClass-TERR\">TERR</a></li></ul></div>"},"url":"http://terminology.hl7.org/ValueSet/v3-RoleClassTerritoryOfAuthority","identifier":[{"system":"urn:ietf:rfc:3986","value":"urn:oid:2.16.840.1.113883.1.11.20177"}],"version":"2.0.0","name":"RoleClassTerritoryOfAuthority","title":"RoleClassTerritoryOfAuthority","status":"active","experimental":false,"date":"2014-03-26","description":"Relates a place entity (player) as the region over which the scoper (typically an Organization) has certain authority (jurisdiction). For example, the Calgary Regional Health Authority (scoper) has authority over the territory \"Region 4 of Alberta\" (player) in matters of health.","immutable":true,"compose":{"include":[{"system":"http://terminology.hl7.org/CodeSystem/v3-RoleClass","filter":[{"property":"concept","op":"is-a","value":"TERR"}]}]}}