{"resourceType":"ValueSet","id":"v3-SupplyDetectedIssueCode","language":"en","text":{"status":"extensions","div":"<div xml:lang=\"en\" xmlns=\"http://www.w3.org/1999/xhtml\" lang=\"en\"><p>This value set includes codes based on the following rules:</p><ul><li>Include codes from <a href=\"CodeSystem-v3-ActCode.html\"><code>http://terminology.hl7.org/CodeSystem/v3-ActCode</code></a> where concept  is-a  <a href=\"CodeSystem-v3-ActCode.html#v3-ActCode-_SupplyDetectedIssueCode\">_SupplyDetectedIssueCode</a></li></ul><p>This value set excludes codes based on the following rules:</p><ul><li>Exclude these codes as defined in <a href=\"CodeSystem-v3-ActCode.html\"><code>http://terminology.hl7.org/CodeSystem/v3-ActCode</code></a><table class=\"none\"><tr><td style=\"white-space:nowrap\"><b>Code</b></td><td><b>Display</b></td><td><b>Definition</b></td></tr><tr><td><a href=\"CodeSystem-v3-ActCode.html#v3-ActCode-_SupplyDetectedIssueCode\">_SupplyDetectedIssueCode</a></td><td>SupplyDetectedIssueCode</td><td>Supplying the product at this time may be inappropriate or indicate compliance issues with the associated therapy</td></tr></table></li></ul></div>"},"url":"http://terminology.hl7.org/ValueSet/v3-SupplyDetectedIssueCode","identifier":[{"system":"urn:ietf:rfc:3986","value":"urn:oid:2.16.840.1.113883.1.11.16691"}],"version":"2.0.0","name":"SupplyDetectedIssueCode","title":"SupplyDetectedIssueCode","status":"active","experimental":false,"date":"2014-03-26","description":"Supplying the product at this time may be inappropriate or indicate compliance issues with the associated therapy","compose":{"include":[{"system":"http://terminology.hl7.org/CodeSystem/v3-ActCode","filter":[{"property":"concept","op":"is-a","value":"_SupplyDetectedIssueCode"}]}],"exclude":[{"system":"http://terminology.hl7.org/CodeSystem/v3-ActCode","concept":[{"code":"_SupplyDetectedIssueCode"}]}]}}