{"resourceType":"ValueSet","id":"v3-BlisterPackEntityType","language":"en","text":{"status":"generated","div":"<div xml:lang=\"en\" xmlns=\"http://www.w3.org/1999/xhtml\" lang=\"en\"><ul><li>Include codes from <a href=\"CodeSystem-v3-EntityCode.html\"><code>http://terminology.hl7.org/CodeSystem/v3-EntityCode</code></a> where concept  is-a  <a href=\"CodeSystem-v3-EntityCode.html#v3-EntityCode-BLSTRPK\">BLSTRPK</a></li></ul></div>"},"url":"http://terminology.hl7.org/ValueSet/v3-BlisterPackEntityType","identifier":[{"system":"urn:ietf:rfc:3986","value":"urn:oid:2.16.840.1.113883.1.11.16171"}],"version":"2.0.0","name":"BlisterPackEntityType","title":"BlisterPackEntityType","status":"active","experimental":false,"date":"2014-03-26","description":"A bubblepack. Medications sealed individually, separated into doses.","compose":{"include":[{"system":"http://terminology.hl7.org/CodeSystem/v3-EntityCode","filter":[{"property":"concept","op":"is-a","value":"BLSTRPK"}]}]}}