{"resourceType":"ValueSet","id":"v3-ParticipationOrigin","language":"en","text":{"status":"generated","div":"<div xml:lang=\"en\" xmlns=\"http://www.w3.org/1999/xhtml\" lang=\"en\"><ul><li>Include codes from <a href=\"CodeSystem-v3-ParticipationType.html\"><code>http://terminology.hl7.org/CodeSystem/v3-ParticipationType</code></a> where concept  is-a  <a href=\"CodeSystem-v3-ParticipationType.html#v3-ParticipationType-ORG\">ORG</a></li></ul></div>"},"url":"http://terminology.hl7.org/ValueSet/v3-ParticipationOrigin","identifier":[{"system":"urn:ietf:rfc:3986","value":"urn:oid:2.16.840.1.113883.1.11.20090"}],"version":"2.0.0","name":"ParticipationOrigin","title":"ParticipationOrigin","status":"active","experimental":false,"date":"2014-03-26","description":"The location of origin for services. May be a static building (or room therein) or a movable facility (e.g., ship).","immutable":true,"compose":{"include":[{"system":"http://terminology.hl7.org/CodeSystem/v3-ParticipationType","filter":[{"property":"concept","op":"is-a","value":"ORG"}]}]}}