{"resourceType":"ValueSet","id":"v3-ActRelationshipSchedulesRequest","language":"en","text":{"status":"generated","div":"<div xml:lang=\"en\" xmlns=\"http://www.w3.org/1999/xhtml\" lang=\"en\"><ul><li>Include codes from <a href=\"CodeSystem-v3-ActRelationshipType.html\"><code>http://terminology.hl7.org/CodeSystem/v3-ActRelationshipType</code></a> where concept  is-a  <a href=\"CodeSystem-v3-ActRelationshipType.html#v3-ActRelationshipType-SCH\">SCH</a></li></ul></div>"},"url":"http://terminology.hl7.org/ValueSet/v3-ActRelationshipSchedulesRequest","identifier":[{"system":"urn:ietf:rfc:3986","value":"urn:oid:2.16.840.1.113883.1.11.20012"}],"version":"2.0.0","name":"ActRelationshipSchedulesRequest","title":"ActRelationshipSchedulesRequest","status":"active","experimental":false,"date":"2014-03-26","description":"Associates a specific time (and associated resources) with a scheduling request or other intent.","immutable":true,"compose":{"include":[{"system":"http://terminology.hl7.org/CodeSystem/v3-ActRelationshipType","filter":[{"property":"concept","op":"is-a","value":"SCH"}]}]}}